n_kept,beta,n_used,lever_dex,field_ratio,in_temperature_window,enough_points,has_lever,clears_field_clause,admitted,beta_nofloor,beta_old_rule,n_old_rule,paper,T,was_passing
10,1.1456353363032992,10,0.14052184944019513,0.2672010688042752,True,True,False,False,False,1.1456353363032992,1.1456353363032992,10,MAGLAB_11_4_2K,4.2,False
36,2.2194769302924295,36,0.39327199327779394,0.595677148175726,True,True,True,True,True,2.2194769302924295,2.2194769302924295,36,MAGLAB_11_6K,6.0,True
18,1.0416487494481885,18,0.1000200348460091,0.2005515166708448,True,True,False,False,False,1.0416487494481885,1.0416487494481885,18,MAGLAB_Co122_4_2K,4.2,False
14,14.319678204909527,14,0.08136913219580036,0.1691542288557214,True,True,False,False,False,14.319678204909527,14.319678204909527,14,MAGLAB_La1111_4_2K,4.2,False
72,13.037687223121189,72,0.06494024397510352,0.13888773263888887,True,True,False,False,False,13.037687223121189,13.037687223121189,72,MAGLAB_Nd1111_10K,10.0,False
10,15.959569980163117,10,0.03410954519568851,0.07553503986571548,True,True,False,False,False,15.959569980163117,15.959569980163117,10,MAGLAB_Nd1111_4_2K,4.2,False
24,2.173233653060218,24,1.1804396756778917,0.933997509339975,True,True,True,True,True,2.173233653060218,2.173233653060218,24,MAGLAB_Ni122_4_2K,4.2,True
30,3.0080533156722784,30,0.24957291065443538,0.4371053909664886,True,True,False,True,True,3.0080533156722784,3.0080533156722784,30,MAGLAB_P122_4_2K,4.2,True
44,0.6839222564322321,44,0.9107768156582348,0.8771929824561404,True,True,True,True,True,0.6839222564322321,0.6839222564322321,44,MAGLAB_Sm1111_4_2K,4.2,True
10,4.8125355634072315,10,0.04139268515822503,0.09,True,True,False,False,False,4.8125355634072315,4.8125355634072315,10,elsevier_10.1016_j.ceramint.2024.10.058,5.0,False
10,4.991701419439982,10,0.04139268515822503,0.09,True,True,False,False,False,4.991701419439982,4.991701419439982,10,elsevier_10.1016_j.ceramint.2024.10.058,5.0,False
10,5.835978696783145,10,0.04139268515822503,0.09,True,True,False,False,False,5.835978696783145,5.835978696783145,10,elsevier_10.1016_j.ceramint.2024.10.058,5.0,False
9,5.496803439562179,9,0.0365938022764563,0.08,True,True,False,False,False,5.496803439562179,5.496803439562179,9,elsevier_10.1016_j.ceramint.2024.10.058,5.0,False
9,8.020191240801742,9,0.0365938022764563,0.08,True,True,False,False,False,8.020191240801742,8.020191240801742,9,elsevier_10.1016_j.ceramint.2024.10.058,5.0,False
12,28.000797601724692,12,0.04699656267622359,0.10212765957446808,True,True,False,False,False,28.000797601724692,28.000797601724692,12,elsevier_10.1016_j.cjph.2024.09.042,4.5,False
6,27.28263055039285,6,0.0442036624920535,0.09574468085106383,True,True,False,False,False,27.28263055039285,27.28263055039285,6,elsevier_10.1016_j.cjph.2024.09.042,6.0,False
6,20.994529581558087,6,0.0442036624920535,0.09574468085106383,True,True,False,False,False,20.994529581558087,20.994529581558087,6,elsevier_10.1016_j.cjph.2024.09.042,4.5,False
6,27.847166546001993,6,0.0442036624920535,0.09574468085106383,True,True,False,False,False,27.847166546001993,27.847166546001993,6,elsevier_10.1016_j.cjph.2024.09.042,16.0,False
58,1.791360101596538,58,1.2430380486862957,0.9375000000000002,True,True,True,True,True,1.791360101596538,1.456456063464301,60,elsevier_10.1016_j.jallcom.2023.170146,10.0,True
51,1.7765614999269157,51,1.1532443454470604,0.9209280303030303,True,True,True,True,True,1.7765614999269157,1.469487605053362,53,elsevier_10.1016_j.jallcom.2023.170146,15.0,True
21,1.473469829368698,21,1.177203409425049,0.9217171717171717,True,True,True,True,True,1.473469829368698,1.473469829368698,21,elsevier_10.1016_j.jallcom.2023.170146,20.0,True
17,1.9289744681601912,17,0.9711432599775262,0.8863636363636364,True,True,True,True,True,1.9289744681601912,1.267596132637853,18,elsevier_10.1016_j.jallcom.2023.170146,25.0,True
13,3.185977072062878,13,0.7121636979887257,0.7907196969696971,False,True,True,True,False,3.185977072062878,3.5905205621457874,14,elsevier_10.1016_j.jallcom.2023.170146,30.0,True
17,1.233220003161772,17,1.2211088951240865,0.9280303030302971,False,True,True,True,False,1.233220003161772,1.233220003161772,17,elsevier_10.1016_j.jallcom.2023.170146,35.0,True
13,3.1626650935592844,13,0.4582502129742951,0.6512817462677691,True,True,True,True,True,3.1626650935592844,3.1626650935592844,13,elsevier_10.1016_j.jallcom.2023.170384,2.0,True
7,10.692565358594251,7,0.20376366280940597,0.3744870041039671,True,True,False,True,True,10.692565358594251,10.692565358594251,7,elsevier_10.1016_j.jallcom.2023.170384,5.0,True
4,19.177838856353148,4,0.13065031203084132,0.25979896508654027,True,True,False,False,False,19.177838856353148,19.177838856353148,4,elsevier_10.1016_j.jallcom.2023.170384,8.0,False
5,2.7765164352847935,5,0.4771212547196624,0.6666666666666666,True,True,True,True,True,2.7765164352847935,2.7765164352847935,5,elsevier_10.1016_j.matchemphys.2023.128348,20.0,True
5,2.6097710937950103,5,0.4771212547196624,0.6666666666666666,True,True,True,True,True,2.6097710937950103,2.6097710937950103,5,elsevier_10.1016_j.matchemphys.2023.128348,20.0,True
5,2.5185927645526656,5,0.4771212547196624,0.6666666666666666,True,True,True,True,True,2.5185927645526656,2.5185927645526656,5,elsevier_10.1016_j.matchemphys.2023.128348,20.0,True
5,2.3365834670464625,5,0.4771212547196624,0.6666666666666666,True,True,True,True,True,2.3365834670464625,2.3365834670464625,5,elsevier_10.1016_j.matchemphys.2023.128348,20.0,True
3,1.5876771653783157,3,0.6434526764861875,0.6799999999999999,True,True,True,True,True,1.5876771653783157,1.5876771653783157,3,elsevier_10.1016_j.matpr.2019.05.078,5.0,True
3,1.6643944110315234,3,0.6434526764861875,0.6799999999999999,True,True,True,True,True,1.6643944110315234,1.6643944110315234,3,elsevier_10.1016_j.matpr.2019.05.078,5.0,True
4,0.306508460644906,4,0.9030899869919433,0.7777777777777778,True,True,True,True,True,0.306508460644906,0.306508460644906,4,elsevier_10.1016_j.mtphys.2022.100783,4.2,True
4,0.33818817622608055,4,0.9030899869919433,0.7777777777777778,True,True,True,True,True,0.33818817622608055,0.33818817622608055,4,elsevier_10.1016_j.mtphys.2022.100783,6.0,True
4,0.37754172256637464,4,0.9030899869919433,0.7777777777777778,True,True,True,True,True,0.37754172256637464,0.37754172256637464,4,elsevier_10.1016_j.mtphys.2022.100783,8.0,True
4,0.42793027366048675,4,0.9030899869919433,0.7777777777777778,True,True,True,True,True,0.42793027366048675,0.42793027366048675,4,elsevier_10.1016_j.mtphys.2022.100783,10.0,True
4,0.4951735148451809,4,0.9030899869919433,0.7777777777777778,True,True,True,True,True,0.4951735148451809,0.4951735148451809,4,elsevier_10.1016_j.mtphys.2022.100783,12.0,True
4,0.5905290818595167,4,0.9030899869919433,0.7777777777777778,True,True,True,True,True,0.5905290818595167,0.5905290818595167,4,elsevier_10.1016_j.mtphys.2022.100783,14.0,True
4,0.7400032499979288,4,0.9030899869919433,0.7777777777777778,True,True,True,True,True,0.7400032499979288,0.7400032499979288,4,elsevier_10.1016_j.mtphys.2022.100783,16.0,True
5,2.0318848838505623,5,0.8129133566428555,0.7857142857142857,False,True,True,True,False,2.0318848838505623,2.0318848838505623,5,elsevier_10.1016_j.mtphys.2022.100783,21.0,True
4,0.2584991129740444,4,0.9030899869919433,0.7777777777777778,True,True,True,True,True,0.2584991129740444,0.2584991129740444,4,elsevier_10.1016_j.mtphys.2022.100783,4.2,True
4,0.306508460644906,4,0.9030899869919433,0.7777777777777778,True,True,True,True,True,0.306508460644906,0.306508460644906,4,elsevier_10.1016_j.mtphys.2022.100783,6.0,True
4,0.37754172256637464,4,0.9030899869919433,0.7777777777777778,True,True,True,True,True,0.37754172256637464,0.37754172256637464,4,elsevier_10.1016_j.mtphys.2022.100783,8.0,True
4,0.42793027366048675,4,0.9030899869919433,0.7777777777777778,True,True,True,True,True,0.42793027366048675,0.42793027366048675,4,elsevier_10.1016_j.mtphys.2022.100783,10.0,True
4,0.4951735148451809,4,0.9030899869919433,0.7777777777777778,True,True,True,True,True,0.4951735148451809,0.4951735148451809,4,elsevier_10.1016_j.mtphys.2022.100783,12.0,True
4,0.5905290818595167,4,0.9030899869919433,0.7777777777777778,True,True,True,True,True,0.5905290818595167,0.5905290818595167,4,elsevier_10.1016_j.mtphys.2022.100783,14.0,True
4,0.7400032499979288,4,0.9030899869919433,0.7777777777777778,True,True,True,True,True,0.7400032499979288,0.7400032499979288,4,elsevier_10.1016_j.mtphys.2022.100783,16.0,True
4,0.7889815020267964,4,0.9030899869919433,0.7777777777777778,True,True,True,True,True,0.7889815020267964,0.7889815020267964,4,elsevier_10.1016_j.mtphys.2022.100783,17.0,True
4,0.8608719124165966,4,0.9030899869919433,0.7777777777777778,False,True,True,True,False,0.8608719124165966,0.8608719124165966,4,elsevier_10.1016_j.mtphys.2022.100783,18.0,True
4,1.377404847794821,4,0.6532125137753437,0.7,False,True,True,True,False,1.377404847794821,1.377404847794821,4,elsevier_10.1016_j.mtphys.2022.100783,19.0,True
4,2.5994078689337057,4,0.4393326938302626,0.5833333333333334,False,True,True,True,False,2.5994078689337057,2.5994078689337057,4,elsevier_10.1016_j.mtphys.2022.100783,20.0,True
5,2.0318848838505623,5,0.8129133566428555,0.7857142857142857,False,True,True,True,False,2.0318848838505623,2.0318848838505623,5,elsevier_10.1016_j.mtphys.2022.100783,21.0,True
6,19.05677872426229,6,0.014429715422641414,0.032679738562091505,True,True,False,False,False,19.05677872426229,19.05677872426229,6,elsevier_10.1016_j.phpro.2012.03.421,2.0,False
4,19.54261323052358,4,0.11539341870206957,0.22580645161290322,False,True,False,False,False,19.54261323052358,20.377558392251103,5,elsevier_10.1016_j.phpro.2015.06.160,18.0,True
4,19.795756580175837,4,0.11539341870206957,0.22580645161290322,True,True,False,False,False,19.795756580175837,20.58032402058575,5,elsevier_10.1016_j.phpro.2015.06.160,16.0,True
4,14.666839472451283,4,0.14266750356873156,0.2692307692307692,False,True,False,False,False,14.666839472451283,15.006073116193521,5,elsevier_10.1016_j.phpro.2015.06.160,15.0,True
4,15.102380892093388,4,0.14266750356873156,0.2692307692307692,True,True,False,False,False,15.102380892093388,15.318186443638059,5,elsevier_10.1016_j.phpro.2015.06.160,13.0,True
4,13.902047570481328,4,0.14266750356873156,0.2692307692307692,True,True,False,False,False,13.902047570481328,14.442028174048358,5,elsevier_10.1016_j.phpro.2015.06.160,10.0,True
4,13.610041267440698,4,0.14266750356873156,0.2692307692307692,True,True,False,False,False,13.610041267440698,14.064228085482052,5,elsevier_10.1016_j.phpro.2015.06.160,7.0,True
62,0.37269914288170636,62,0.47334518669956294,0.6635871761390644,True,True,True,True,True,0.37269914288170636,0.37269914288170636,62,1002.0208v2.pdf,10.0,True
55,0.2499047717080467,55,0.7726677688668272,0.8311656337877957,True,True,True,True,True,0.2499047717080467,0.2499047717080467,55,1002.0208v2.pdf,15.0,True
51,0.14556523710122743,51,1.1979506799262623,0.9365316208385236,True,True,True,True,True,0.16075029062342003,0.16075029062342003,52,1002.0208v2.pdf,20.0,True
50,0.06843163239946994,50,1.1534519349385612,0.9296642553273694,True,True,True,True,True,0.09903931032407118,0.09903931032407118,51,1002.0208v2.pdf,25.0,True
58,0.5241444740742838,58,1.224175724574143,0.9401628873680408,True,True,True,True,True,0.34146416272795593,0.34146416272795593,60,1002.0208v2.pdf,30.0,True
49,1.0150603666098958,49,0.39621145341137803,0.5983788852917935,True,True,True,True,True,1.0150603666098958,1.0150603666098958,49,1002.0208v2.pdf,7.0,True
7,4.80890241368759,7,0.26074678101781085,0.3925933200213865,True,True,False,True,True,4.80890241368759,4.80890241368759,7,elsevier_10.1016_j.physc.2013.04.060,4.2,True
7,5.574238902537192,7,0.14122844215856156,0.2540250700319742,True,True,False,False,False,5.574238902537192,5.574238902537192,7,elsevier_10.1016_j.physc.2013.04.060,4.2,True
5,4.485592075902136,5,0.35268572128436393,0.3578881469115193,True,True,True,True,True,4.485592075902136,4.485592075902136,5,elsevier_10.1016_j.physc.2013.04.060,4.2,True
7,3.8755912236446273,7,0.5997284440122732,0.5460585925702205,True,True,True,True,True,3.8755912236446273,3.8755912236446273,7,elsevier_10.1016_j.physc.2013.04.060,10.0,True
9,3.9638026252324745,9,0.5179195943278452,0.553557108488945,True,True,True,True,True,3.9638026252324745,3.6755296363560706,10,elsevier_10.1016_j.physc.2013.04.060,10.0,True
10,3.916343697044255,10,0.40277250106820733,0.533134128840748,True,True,True,True,True,3.916343697044255,3.5736610928614247,13,elsevier_10.1016_j.physc.2013.04.060,10.0,True
8,3.938175879795814,8,0.6435799281596613,0.5449621709148778,True,True,True,True,True,3.938175879795814,3.938175879795814,8,elsevier_10.1016_j.physc.2013.04.060,10.0,True
11,3.583043457128703,11,0.7608958096932623,0.7628515634906547,True,True,True,True,True,3.583043457128703,3.583043457128703,11,elsevier_10.1016_j.physc.2013.04.060,10.0,True
6,14.677107918145607,6,0.01937140406774503,0.043333333333333335,True,True,False,False,False,14.677107918145607,14.677107918145607,6,elsevier_10.1016_j.physc.2016.05.023,2.0,False
6,16.617595400523722,6,0.01937140406774503,0.043333333333333335,True,True,False,False,False,16.617595400523722,16.617595400523722,6,elsevier_10.1016_j.physc.2016.05.023,3.0,False
6,16.03089068784389,6,0.01937140406774503,0.043333333333333335,True,True,False,False,False,16.03089068784389,16.03089068784389,6,elsevier_10.1016_j.physc.2016.05.023,5.0,False
6,15.224770691281597,6,0.01937140406774503,0.043333333333333335,True,True,False,False,False,15.224770691281597,15.224770691281597,6,elsevier_10.1016_j.physc.2016.05.023,6.0,False
6,16.462838899738568,6,0.01937140406774503,0.043333333333333335,False,True,False,False,False,16.462838899738568,16.462838899738568,6,elsevier_10.1016_j.physc.2016.05.023,7.0,False
6,9.814859593488618,6,0.01937140406774503,0.043333333333333335,True,True,False,False,False,9.814859593488618,9.814859593488618,6,elsevier_10.1016_j.physc.2016.05.023,2.0,False
6,14.086712313947391,6,0.01937140406774503,0.043333333333333335,True,True,False,False,False,14.086712313947391,14.086712313947391,6,elsevier_10.1016_j.physc.2016.05.023,3.0,False
6,13.950018213718895,6,0.01937140406774503,0.043333333333333335,True,True,False,False,False,13.950018213718895,13.950018213718895,6,elsevier_10.1016_j.physc.2016.05.023,5.0,False
6,15.218838235386476,6,0.01937140406774503,0.043333333333333335,True,True,False,False,False,15.218838235386476,15.218838235386476,6,elsevier_10.1016_j.physc.2016.05.023,6.0,False
6,14.893753829843629,6,0.01937140406774503,0.043333333333333335,False,True,False,False,False,14.893753829843629,14.893753829843629,6,elsevier_10.1016_j.physc.2016.05.023,7.0,False
14,2.764982746420655,14,0.09231836931397916,0.19143468202029149,False,True,False,False,False,2.764982746420655,2.764982746420655,14,iop_10.1088_0953-2048_29_3_035013,10.0,False
14,3.5304982610907976,14,0.09265638842533205,0.1920651722292187,False,True,False,False,False,3.5304982610907976,3.5304982610907976,14,iop_10.1088_0953-2048_29_3_035013,12.0,False
14,2.298947817741483,14,0.09232199120121162,0.1914396416286213,True,True,False,False,False,2.298947817741483,2.298947817741483,14,iop_10.1088_0953-2048_29_3_035013,4.2,False
14,2.660122461730171,14,0.09232000660485115,0.19143654187341516,True,True,False,False,False,2.660122461730171,2.660122461730171,14,iop_10.1088_0953-2048_29_3_035013,8.0,False
6,1.3956392115961718,6,0.3162699622207181,0.48913043478260876,True,True,True,True,True,1.3956392115961718,1.3956392115961718,6,springer_10.1007_s10854-026-16566-9,5.0,True
6,1.7131577185815723,6,0.3162699622207181,0.48913043478260876,True,True,True,True,True,1.7131577185815723,1.7131577185815723,6,springer_10.1007_s10854-026-16566-9,7.0,True
6,2.148304340960862,6,0.3162699622207181,0.48913043478260876,False,True,True,True,False,2.148304340960862,2.148304340960862,6,springer_10.1007_s10854-026-16566-9,10.0,True
6,1.1941178140320325,6,0.3162699622207181,0.48913043478260876,True,True,True,True,True,1.1941178140320325,1.1941178140320325,6,springer_10.1007_s10854-026-16566-9,5.0,True
6,1.3458894438224338,6,0.3162699622207181,0.48913043478260876,True,True,True,True,True,1.3458894438224338,1.3458894438224338,6,springer_10.1007_s10854-026-16566-9,7.0,True
6,1.5458358853279468,6,0.3162699622207181,0.48913043478260876,False,True,True,True,False,1.5458358853279468,1.5458358853279468,6,springer_10.1007_s10854-026-16566-9,10.0,True
6,1.4439377038008343,6,0.3162699622207181,0.48913043478260876,True,True,True,True,True,1.4439377038008343,1.4439377038008343,6,springer_10.1007_s10854-026-16566-9,5.0,True
6,1.6051756475997743,6,0.3162699622207181,0.48913043478260876,True,True,True,True,True,1.6051756475997743,1.6051756475997743,6,springer_10.1007_s10854-026-16566-9,7.0,True
6,1.4819079884420083,6,0.3162699622207181,0.48913043478260876,False,True,True,True,False,1.4819079884420083,1.4819079884420083,6,springer_10.1007_s10854-026-16566-9,10.0,True
6,1.7890892060766823,6,0.3162699622207181,0.48913043478260876,True,True,True,True,True,1.7890892060766823,1.7890892060766823,6,springer_10.1007_s10854-026-16566-9,5.0,True
6,1.6005673708290797,6,0.3162699622207181,0.48913043478260876,True,True,True,True,True,1.6005673708290797,1.6005673708290797,6,springer_10.1007_s10854-026-16566-9,7.0,True
6,1.8573131798764764,6,0.3162699622207181,0.48913043478260876,False,True,True,True,False,1.8573131798764764,1.8573131798764764,6,springer_10.1007_s10854-026-16566-9,10.0,True
