kind,route,source,stem,n_isotherms_raw,resid_3,resid_5,resid_9,n_isotherms,sigfigs,rounding_floor,over_floor
extraction,vision,elsevier_10.1016_S0011-2275(97)00151-3_VISION_PASS,elsevier_10.1016_S0011-2275(97)00151-3_VISION_PASS,1,,,,,,,
extraction,vision,elsevier_10.1016_j.ceramint.2024.10.058_VISION_PASS,elsevier_10.1016_j.ceramint.2024.10.058_VISION_PASS,1,,,,,,,
extraction,vision,elsevier_10.1016_j.jallcom.2013.04.183_VISION_PASS | N1,elsevier_10.1016_j.jallcom.2013.04.183_VISION_PASS,2,,,,,,,
extraction,vision,elsevier_10.1016_j.jallcom.2013.04.183_VISION_PASS | N2,elsevier_10.1016_j.jallcom.2013.04.183_VISION_PASS,2,,,,,,,
extraction,vision,elsevier_10.1016_j.jallcom.2013.04.183_VISION_PASS | N3,elsevier_10.1016_j.jallcom.2013.04.183_VISION_PASS,2,,,,,,,
extraction,vision,elsevier_10.1016_j.jallcom.2013.04.183_VISION_PASS | N4,elsevier_10.1016_j.jallcom.2013.04.183_VISION_PASS,2,,,,,,,
extraction,hand,elsevier_10.1016_j.jallcom.2023.170146_MgB2_bulk_magnetization_10-35K,elsevier_10.1016_j.jallcom.2023.170146_MgB2_bulk_magnetization_10-35K,6,1.09809,0.81852,0.64819,6.0,11.0,0.0,
extraction,hand,elsevier_10.1016_j.jallcom.2023.170384_LaFeAsO_magnetization_2-10K,elsevier_10.1016_j.jallcom.2023.170384_LaFeAsO_magnetization_2-10K,4,0.56425,0.45164,0.39335,3.0,11.0,0.0,
extraction,vision,elsevier_10.1016_j.jpcs.2026.113652_VISION_PASS | Co0,elsevier_10.1016_j.jpcs.2026.113652_VISION_PASS,3,,,,,,,
extraction,vision,elsevier_10.1016_j.jpcs.2026.113652_VISION_PASS | Co1,elsevier_10.1016_j.jpcs.2026.113652_VISION_PASS,1,,,,,,,
extraction,vision,elsevier_10.1016_j.jpcs.2026.113652_VISION_PASS | Co2,elsevier_10.1016_j.jpcs.2026.113652_VISION_PASS,1,,,,,,,
extraction,vision,elsevier_10.1016_j.jpcs.2026.113652_VISION_PASS | Co3,elsevier_10.1016_j.jpcs.2026.113652_VISION_PASS,1,,,,,,,
extraction,vision,elsevier_10.1016_j.matchemphys.2023.128348_VISION_PASS,elsevier_10.1016_j.matchemphys.2023.128348_VISION_PASS,1,,,,,,,
extraction,vision,elsevier_10.1016_j.matpr.2019.05.078_VISION_PASS,elsevier_10.1016_j.matpr.2019.05.078_VISION_PASS,2,,,,,,,
extraction,vision,elsevier_10.1016_j.mtphys.2022.100783_VISION_PASS | Polycrystal,elsevier_10.1016_j.mtphys.2022.100783_VISION_PASS,8,0.18094,0.15204,0.13639,8.0,1.0,0.05132,2.96
extraction,vision,elsevier_10.1016_j.mtphys.2022.100783_VISION_PASS | Single crystal,elsevier_10.1016_j.mtphys.2022.100783_VISION_PASS,12,0.18935,0.1576,0.14075,12.0,1.0,0.06017,2.62
extraction,vision,elsevier_10.1016_j.phpro.2012.03.421_VISION_PASS,elsevier_10.1016_j.phpro.2012.03.421_VISION_PASS,1,,,,,,,
extraction,vision,elsevier_10.1016_j.phpro.2015.06.160_VISION_PASS | Ba0.64K0.36Fe2As2,elsevier_10.1016_j.phpro.2015.06.160_VISION_PASS,2,,,,,,,
extraction,vision,elsevier_10.1016_j.phpro.2015.06.160_VISION_PASS | BaFe1.91Ni0.09As2,elsevier_10.1016_j.phpro.2015.06.160_VISION_PASS,4,0.07172,0.05174,0.05765,4.0,1.0,0.03898,1.33
extraction,vision,elsevier_10.1016_j.physb.2025.417755_VISION_PASS,elsevier_10.1016_j.physb.2025.417755_VISION_PASS,1,,,,,,,
extraction,vision,elsevier_10.1016_j.physc.2009.03.028_VISION_PASS | x = 0.038,elsevier_10.1016_j.physc.2009.03.028_VISION_PASS,1,,,,,,,
extraction,vision,elsevier_10.1016_j.physc.2009.03.028_VISION_PASS | x = 0.047,elsevier_10.1016_j.physc.2009.03.028_VISION_PASS,1,,,,,,,
extraction,vision,elsevier_10.1016_j.physc.2009.03.028_VISION_PASS | x = 0.058,elsevier_10.1016_j.physc.2009.03.028_VISION_PASS,1,,,,,,,
extraction,vision,elsevier_10.1016_j.physc.2009.03.028_VISION_PASS | x = 0.074,elsevier_10.1016_j.physc.2009.03.028_VISION_PASS,4,0.04472,0.03629,0.03201,4.0,2.0,0.00369,9.83
extraction,vision,elsevier_10.1016_j.physc.2009.03.028_VISION_PASS | x = 0.10,elsevier_10.1016_j.physc.2009.03.028_VISION_PASS,1,,,,,,,
extraction,vision,elsevier_10.1016_j.physc.2009.03.028_VISION_PASS | x = 0.118,elsevier_10.1016_j.physc.2009.03.028_VISION_PASS,1,,,,,,,
extraction,hand,elsevier_10.1016_j.physc.2009.05.098_SmFeAsO_MO_SHPM_2-40K,elsevier_10.1016_j.physc.2009.05.098_SmFeAsO_MO_SHPM_2-40K,9,0.24528,0.19168,0.16667,9.0,11.0,0.0,
extraction,vision,elsevier_10.1016_j.physc.2009.11.051_VISION_PASS | irradiated,elsevier_10.1016_j.physc.2009.11.051_VISION_PASS,4,0.02096,0.01596,0.01318,4.0,2.0,0.00255,6.26
extraction,vision,elsevier_10.1016_j.physc.2009.11.051_VISION_PASS | unirradiated,elsevier_10.1016_j.physc.2009.11.051_VISION_PASS,4,0.04826,0.03687,0.03063,4.0,2.0,0.00609,6.05
extraction,vision,elsevier_10.1016_j.physc.2010.03.003_VISION_PASS,elsevier_10.1016_j.physc.2010.03.003_VISION_PASS,5,0.02041,0.01552,0.0117,5.0,6.0,0.0,
extraction,vision,elsevier_10.1016_j.physc.2010.05.048_VISION_PASS,elsevier_10.1016_j.physc.2010.05.048_VISION_PASS,8,0.46213,0.35551,0.3036,8.0,8.0,0.0,
extraction,hand,elsevier_10.1016_j.physc.2011.02.004_PrFeAsO_magnetization_5-35K,elsevier_10.1016_j.physc.2011.02.004_PrFeAsO_magnetization_5-35K,6,0.22115,0.18929,0.16645,6.0,11.0,0.0,
extraction,vision,elsevier_10.1016_j.physc.2011.05.018_VISION_PASS | FeTe1-xSex 600°C,elsevier_10.1016_j.physc.2011.05.018_VISION_PASS,2,,,,,,,
extraction,vision,elsevier_10.1016_j.physc.2011.05.018_VISION_PASS | FeTe1-xSex 680°C,elsevier_10.1016_j.physc.2011.05.018_VISION_PASS,2,,,,,,,
extraction,hand,elsevier_10.1016_j.physc.2013.04.060_MgB2_C_doping_series_transport_4_2K,elsevier_10.1016_j.physc.2013.04.060_MgB2_C_doping_series_transport_4_2K,1,,,,,,,
extraction,hand,elsevier_10.1016_j.physc.2013.04.060_MgB2_dopant_series_transport_10K,elsevier_10.1016_j.physc.2013.04.060_MgB2_dopant_series_transport_10K,1,,,,,,,
extraction,hand,iop_10.1088_0953-2048_29_3_035013_FeSe0.5Te0.5_MO_SHPM_H_sweep,iop_10.1088_0953-2048_29_3_035013_FeSe0.5Te0.5_MO_SHPM_H_sweep,7,0.58652,0.4552,0.38184,7.0,11.0,0.0,
extraction,vision,"springer_10.1007_s10854-026-16566-9_VISION_PASS | Fe(1-x)(MWCNT)xTe0.5Se0.5, x=0%",springer_10.1007_s10854-026-16566-9_VISION_PASS,3,0.06214,0.04885,0.04158,3.0,1.0,0.04306,1.13
extraction,vision,"springer_10.1007_s10854-026-16566-9_VISION_PASS | Fe(1-x)(MWCNT)xTe0.5Se0.5, x=1%",springer_10.1007_s10854-026-16566-9_VISION_PASS,3,0.02858,0.02231,0.01899,3.0,1.0,0.0596,0.37
extraction,vision,"springer_10.1007_s10854-026-16566-9_VISION_PASS | Fe(1-x)(MWCNT)xTe0.5Se0.5, x=2%",springer_10.1007_s10854-026-16566-9_VISION_PASS,3,0.03814,0.03399,0.03063,3.0,2.0,0.00772,4.4
extraction,vision,"springer_10.1007_s10854-026-16566-9_VISION_PASS | Fe(1-x)(MWCNT)xTe0.5Se0.5, x=3%",springer_10.1007_s10854-026-16566-9_VISION_PASS,3,0.0298,0.02885,0.02711,3.0,1.0,0.02324,1.24
extraction,vision,springer_10.1038_s41467-025-55880-4_VISION_PASS | s1,springer_10.1038_s41467-025-55880-4_VISION_PASS,3,0.00992,0.00845,0.00775,3.0,2.0,0.00378,2.24
extraction,vision,springer_10.1038_s41467-025-55880-4_VISION_PASS | s2,springer_10.1038_s41467-025-55880-4_VISION_PASS,3,0.01363,0.01124,0.01006,3.0,3.0,0.00058,19.37
extraction,hand,springer_10.1038_s41598-022-24044-5_FeSeTe_transport_4-12K,springer_10.1038_s41598-022-24044-5_FeSeTe_transport_4-12K,5,0.47114,0.35242,0.27801,5.0,11.0,0.0,
extraction,vision,springer_10.1038_s41598-025-24806-x_VISION_PASS | Fe0.975Cu0.025Te0.66Se0.34,springer_10.1038_s41598-025-24806-x_VISION_PASS,2,,,,,,,
extraction,vision,springer_10.1038_s41598-025-24806-x_VISION_PASS | Fe0.99Te0.66Se0.34,springer_10.1038_s41598-025-24806-x_VISION_PASS,1,,,,,,,
extraction,vision,springer_10.1038_s41598-025-95932-9_VISION_PASS,springer_10.1038_s41598-025-95932-9_VISION_PASS,6,0.28475,0.22415,0.19527,6.0,2.0,0.0039,57.48
trace,pixel,0806_2839v1_fig3,0806_2839v1_fig3,3,0.1931,0.15733,0.11913,3.0,9.0,0.0,
trace,pixel,0903_0004v2_fig6b,0903_0004v2_fig6b,3,0.06196,0.05986,0.06212,3.0,9.0,0.0,
trace,pixel,0906_0444v1_fig3a,0906_0444v1_fig3a,8,0.17416,0.24857,0.20928,8.0,8.0,0.0,
trace,pixel,1002_0208v2_fig5a,1002_0208v2_fig5a,7,0.21425,0.18941,0.16901,7.0,9.0,0.0,
trace,pixel,1009_4896v1_fig2b,1009_4896v1_fig2b,6,0.45761,0.34401,0.2767,6.0,8.0,0.0,
trace,pixel,1104_0477v2_fig3c,1104_0477v2_fig3c,5,,,,,,,
trace,pixel,1108_0407v1_fig5d,1108_0407v1_fig5d,8,0.18907,0.14849,0.12831,8.0,6.0,0.0,
trace,pixel,1111_3923v1_fig4a,1111_3923v1_fig4a,6,0.47709,0.37223,0.31756,6.0,8.0,0.0,
trace,pixel,1502_05345v1_fig4b_Hc,1502_05345v1_fig4b_Hc,5,0.50044,0.38288,0.32809,5.0,8.0,0.0,
trace,pixel,1611_08455v1_fig5b_bothsamples,1611_08455v1_fig5b_bothsamples,5,0.17364,0.14496,0.22157,5.0,4.0,5e-05,2899.11
trace,pixel,1611_08455v1_fig5b,1611_08455v1_fig5b,5,0.2521,0.2038,0.18704,5.0,5.0,0.0,
trace,pixel,1903_00866v2_fig4,1903_00866v2_fig4,7,0.16027,0.12734,0.11194,7.0,9.0,0.0,
trace,pixel,2012.13723_fig4,2012.13723_fig4,7,0.20484,0.15528,0.11441,7.0,9.0,0.0,
trace,pixel,2207.06629_fig4,2207.06629_fig4,8,0.09467,0.07582,0.05864,8.0,9.0,0.0,
trace,pixel,2308_10492v1_fig2b,2308_10492v1_fig2b,6,0.23563,0.19057,0.16294,6.0,9.0,0.0,
trace,pixel,2510_10264v1_fig4a,2510_10264v1_fig4a,10,0.45784,0.38299,0.33203,10.0,8.0,0.0,
trace,pixel,2511_19058v1_fig2b,2511_19058v1_fig2b,7,0.08013,0.06432,0.05739,7.0,7.0,0.0,
trace,pixel,ceramint_2024_10_058_fig4,ceramint_2024_10_058_fig4,1,,,,,,,
trace,pixel,jallcom_2013_04_183_fig8,jallcom_2013_04_183_fig8,1,,,,,,,
trace,pixel,jallcom_2023_170384_fig6c,jallcom_2023_170384_fig6c,4,0.42087,0.37167,0.34613,4.0,9.0,0.0,
trace,pixel,matchemphys_2023_128348_fig5,matchemphys_2023_128348_fig5,1,,,,,,,
trace,pixel,matpr_2019_05_078_fig2a,matpr_2019_05_078_fig2a,1,,,,,,,
trace,pixel,mtphys_2022_100783_fig6a,mtphys_2022_100783_fig6a,1,,,,,,,
trace,pixel,mtphys_2022_100783_fig6b,mtphys_2022_100783_fig6b,1,,,,,,,
trace,pixel,phpro_2015_06_160_fig3L,phpro_2015_06_160_fig3L,6,0.39686,0.32193,0.29208,6.0,8.0,0.0,
trace,pixel,physc_2009_11_051_fig3,physc_2009_11_051_fig3,4,0.16776,0.13558,0.12122,4.0,9.0,0.0,
trace,pixel,physc_2010_05_048_fig3,physc_2010_05_048_fig3,8,0.33121,0.26933,0.23392,8.0,8.0,0.0,
trace,pixel,physc_2013_04_060_fig2,physc_2013_04_060_fig2,1,,,,,,,
trace,pixel,physc_2013_04_060_fig3,physc_2013_04_060_fig3,1,,,,,,,
trace,pixel,s10854_fig9a,s10854_fig9a,3,0.23796,0.19181,0.16356,3.0,7.0,0.0,
trace,pixel,s10854_fig9b,s10854_fig9b,3,0.10999,0.08753,0.07868,3.0,8.0,0.0,
trace,pixel,s10854_fig9c,s10854_fig9c,3,0.11303,0.08943,0.06859,3.0,8.0,0.0,
trace,pixel,s10854_fig9d,s10854_fig9d,3,0.06851,0.0585,0.0463,3.0,9.0,0.0,
