cohort,arxiv_id,compound_formula,sample_form,sample_identifier,Tc_K_anchor,Hc2_T_used,Hc2_T_default,Hc2_source,n_pts,n_distinct,H_axis_range_normalized,fixed_axis,fixed_axis_value,beta,SE_beta,log_Jc_partial,SE_log_Jc_partial,rms,ok,physicality
B,MAGLAB_11_4_2K,FeSe_Te_doped,thin_film,unspecified,14.0,29.94,47.0,Tier_2_per_substructure_Hirr_ratio_0.7,10,5,0.2672010688042752,T,4.2,1.1456353690001582,0.04808604426788278,6.162737604921671,0.004617500152543728,0.006756072145599235,True,H_axis_applicability_bound
B,MAGLAB_11_6K,FeSe_Te_doped,thin_film,unspecified,14.0,26.86,47.0,Tier_2_per_substructure_Hirr_ratio_0.7,36,36,0.595677148175726,T,6.0,2.2194769301197104,0.127518455150479,6.269466010567023,0.02488715648581507,0.08824619388055117,True,ok
B,MAGLAB_Co122_4_2K,Ba_Fe_Co_2As2,thin_film,unspecified,22.0,39.89,50.0,Tier_2_per_substructure_Hirr_ratio_0.6,18,9,0.2005515166708448,T,4.2,1.0416487556081233,0.1045102534471966,6.530873278485046,0.007060564284655376,0.013486458795675792,True,H_axis_applicability_bound
B,MAGLAB_La1111_4_2K,LaFeAsO_F_doped,thin_film,unspecified,26.0,50.25,86.0,Tier_2_per_substructure_Hirr_ratio_0.6,14,8,0.1691542288557214,T,4.2,14.319678312687174,6.432764518595824,4.491151112498312,0.29503716334614416,0.6334131093178511,True,H_axis_applicability_bound
B,MAGLAB_Nd1111_10K,NdFeAsO_F_doped,thin_film,unspecified,50.0,115.2,200.0,Tier_2_per_substructure_Hirr_ratio_0.6,72,60,0.13888773263888887,T,10.0,13.037687268649494,1.8225578849273358,6.580653084631403,0.0647609434052607,0.3086985964976597,True,H_axis_applicability_bound
B,MAGLAB_Nd1111_4_2K,NdFeAsO_F_doped,thin_film,unspecified,50.0,119.15,200.0,Tier_2_per_substructure_Hirr_ratio_0.6,10,10,0.07553503986571548,T,4.2,15.959569941022977,0.877692678962948,6.48420415519303,0.017611205844661738,0.027021696511272637,True,H_axis_applicability_bound
B,MAGLAB_Ni122_4_2K,BaFe2_NiAs2,thin_film,unspecified,20.0,24.09,60.0,Tier_2_per_substructure_Hirr_ratio_0.6,24,12,0.933997509339975,T,4.2,2.173233649253015,0.3671701049107111,5.343066567343083,0.17341882658276536,0.6001644239158043,True,ok
B,MAGLAB_P122_4_2K,BaFe2_PAs2,thin_film,unspecified,30.0,20.59,35.0,Tier_2_per_substructure_Hirr_ratio_0.6,30,16,0.4371053909664886,T,4.2,3.0080533023620277,0.3248616004739282,6.567441677034202,0.03692321966431712,0.14100270103207077,True,ok
B,MAGLAB_Sm1111_4_2K,SmFeAsO_F_doped,thin_film,unspecified,55.0,51.3,150.0,Tier_2_per_substructure_Hirr_ratio_0.6,44,28,0.8771929824561404,T,4.2,0.6839222465432688,0.16243776127968773,5.907679974059799,0.06155333374460145,0.2712094714927741,True,ok
B,elsevier_10.1016_0921-4534(96)00225-0,YBaCuO,bulk,CeO2 + PtO2 doped sample,92.0,130.0,130.0,Tier_3_literature_default,7,7,0.038461538461538464,T,77.0,29.999999807116104,19.158628764431175,4.525563123928183,0.18269769074269424,0.25225670352831,True,H_axis_applicability_bound
B,elsevier_10.1016_0921-4534(96)00225-0,YBaCuO,bulk,CeO2 doped sample,92.0,130.0,130.0,Tier_3_literature_default,7,7,0.038461538461538464,T,77.0,29.99999999189082,25.65988387714313,4.354312611780031,0.24469399973073563,0.3378570433444236,True,H_axis_applicability_bound
B,elsevier_10.1016_0921-4534(96)00225-0,YBaCuO,bulk,PtO2 doped sample,92.0,130.0,130.0,Tier_3_literature_default,7,7,0.038461538461538464,T,77.0,29.999999995246128,27.044281501398647,4.294295837567184,0.25789569038243987,0.35608506915697863,True,H_axis_applicability_bound
B,elsevier_10.1016_j.ceramint.2024.10.058,La2SrCuO4,bulk,LSCO-CS,38.0,50.0,50.0,Tier_3_literature_default,10,10,0.09,T,5.0,4.812535657813259,0.3419036343421764,3.318616383676887,0.009597497905586404,0.012773349208542078,True,H_axis_applicability_bound
B,elsevier_10.1016_j.ceramint.2024.10.058,La2SrCuO4,bulk,Nitrogen-1,38.0,50.0,50.0,Tier_3_literature_default,10,10,0.09,T,5.0,4.991701402432754,0.13449290472254977,3.3678646191828596,0.0037753192550314643,0.005024588723958595,True,H_axis_applicability_bound
B,elsevier_10.1016_j.ceramint.2024.10.058,La2SrCuO4,bulk,Nitrogen-2,38.0,50.0,50.0,Tier_3_literature_default,10,10,0.09,T,5.0,5.8359787175665145,0.13456895061379395,3.3552699578632295,0.0037774540199617835,0.005027429298614159,True,H_axis_applicability_bound
B,elsevier_10.1016_j.ceramint.2024.10.058,La2SrCuO4,bulk,Vac-1,38.0,50.0,50.0,Tier_3_literature_default,9,9,0.08,T,5.0,5.49680351131837,0.45279522071122646,3.2469486146272986,0.011480671713312894,0.014147713634597643,True,H_axis_applicability_bound
B,elsevier_10.1016_j.ceramint.2024.10.058,La2SrCuO4,bulk,Vac-2,38.0,50.0,50.0,Tier_3_literature_default,9,9,0.08,T,5.0,8.020191215569568,0.7476712877617875,3.1447307994555826,0.018957285617092534,0.0233611976667535,True,H_axis_applicability_bound
B,elsevier_10.1016_j.cjph.2024.09.042,FeSeTe,single_crystal,FeSe,14.0,47.0,47.0,Tier_3_literature_default,12,8,0.10212765957446808,T,4.5,28.00079735908721,2.6445883540945903,5.655326658211763,0.06226634143028222,0.11775347681266354,True,H_axis_applicability_bound
B,elsevier_10.1016_j.cjph.2024.09.042,FeSeTe,single_crystal,FeSe,14.0,47.0,47.0,Tier_3_literature_default,6,6,0.09574468085106383,T,6.0,27.28263020849558,2.6503261892641237,5.458594805585829,0.07775615588036322,0.08281543294461996,True,H_axis_applicability_bound
B,elsevier_10.1016_j.cjph.2024.09.042,FeSeTe,single_crystal,FeSe,14.0,47.0,47.0,Tier_3_literature_default,5,5,0.07446808510638298,T,8.0,29.999999994447382,5.2755390958697586,5.352953652169072,0.12435609789576169,0.11357338146020222,True,H_axis_applicability_bound
B,elsevier_10.1016_j.cjph.2024.09.042,FeSeTe,single_crystal,H_x-FeSe 1#,14.0,47.0,47.0,Tier_3_literature_default,6,6,0.09574468085106383,T,4.5,20.994529460046834,3.2378540091865786,6.183913116403709,0.09499324247799615,0.1011740717762216,True,H_axis_applicability_bound
B,elsevier_10.1016_j.cjph.2024.09.042,FeSeTe,single_crystal,H_x-FeSe 1#,14.0,47.0,47.0,Tier_3_literature_default,6,6,0.09574468085106383,T,16.0,27.847166458232554,2.915913079248278,5.980239752868535,0.08554803193561318,0.09111429421536667,True,H_axis_applicability_bound
B,elsevier_10.1016_j.cjph.2024.09.042,FeSeTe,single_crystal,H_x-FeSe 1#,14.0,47.0,47.0,Tier_3_literature_default,6,6,0.09574468085106383,T,30.0,29.999999999999996,5.785449471395232,5.840639011973413,0.16973545188587727,0.18077944103754712,True,H_axis_applicability_bound
B,elsevier_10.1016_j.cjph.2024.09.042,FeSeTe,single_crystal,H_x-FeSe 2#,14.0,47.0,47.0,Tier_3_literature_default,6,6,0.08085106382978723,T,12.0,29.999999997385192,4.203730612684889,5.869711402609109,0.09051330265980288,0.11110268115775455,True,H_axis_applicability_bound
B,elsevier_10.1016_j.jallcom.2013.04.183,Bi2Sr2-xNixCa2Cu3O,bulk,N1,110.0,100.0,100.0,Tier_3_literature_default,7,7,0.015,T,10.0,29.99999999999582,28.639383557641914,3.688983107625284,0.11279914158795562,0.14011349001361104,True,H_axis_applicability_bound
B,elsevier_10.1016_j.jallcom.2013.04.183,Bi2Sr2-xNixCa2Cu3O,bulk,N1,110.0,100.0,100.0,Tier_3_literature_default,7,7,0.015,T,25.0,29.99999999999843,31.841562050301825,3.6039217629925844,0.1254112428559294,0.1557796133423171,True,H_axis_applicability_bound
B,elsevier_10.1016_j.jallcom.2013.04.183,Bi2Sr2-xNixCa2Cu3O,bulk,N2,110.0,100.0,100.0,Tier_3_literature_default,7,7,0.015,T,10.0,29.999999999970512,24.337731615684127,3.6688402013107226,0.09585664254291301,0.1190683629548788,True,H_axis_applicability_bound
B,elsevier_10.1016_j.jallcom.2013.04.183,Bi2Sr2-xNixCa2Cu3O,bulk,N2,110.0,100.0,100.0,Tier_3_literature_default,7,7,0.015,T,25.0,29.999999999999996,35.320456361676946,3.572933871028417,0.13911323005000492,0.17279954366928832,True,H_axis_applicability_bound
B,elsevier_10.1016_j.jallcom.2013.04.183,Bi2Sr2-xNixCa2Cu3O,bulk,N3,110.0,100.0,100.0,Tier_3_literature_default,7,7,0.015,T,10.0,29.9999999997611,21.094404392912423,3.6350773797113347,0.08308246939186695,0.10320091608468838,True,H_axis_applicability_bound
B,elsevier_10.1016_j.jallcom.2013.04.183,Bi2Sr2-xNixCa2Cu3O,bulk,N3,110.0,100.0,100.0,Tier_3_literature_default,7,7,0.015,T,25.0,29.999999999999634,36.759965970113754,3.5268793405347547,0.1447828773582497,0.17984209095528278,True,H_axis_applicability_bound
B,elsevier_10.1016_j.jallcom.2013.04.183,Bi2Sr2-xNixCa2Cu3O,bulk,N4,110.0,100.0,100.0,Tier_3_literature_default,7,7,0.015,T,10.0,29.999999999833648,20.19905452359546,3.7959522757630757,0.07955603837264565,0.09882055718859609,True,H_axis_applicability_bound
B,elsevier_10.1016_j.jallcom.2013.04.183,Bi2Sr2-xNixCa2Cu3O,bulk,N4,110.0,100.0,100.0,Tier_3_literature_default,7,7,0.015,T,25.0,29.99999999999787,29.39822756996729,3.7083120050128904,0.11578791143802418,0.14382599154545153,True,H_axis_applicability_bound
B,elsevier_10.1016_j.jallcom.2023.170146,MgB2,bulk,MgB2_10K,39.0,5.0,15.5,Tier_1_direct_match_at_10.0K_term_H_irr_Birr,58,57,0.9375000000000002,T,10.0,1.7913601054743344,0.08424583892162583,5.48501191031671,0.03681569969398513,0.19525654452718116,True,ok
B,elsevier_10.1016_j.jallcom.2023.170146,MgB2,bulk,MgB2_15K,39.0,4.0,15.5,Tier_1_direct_match_at_15.0K_term_H_irr_Birr,51,51,0.9209280303030303,T,15.0,1.7765614999947452,0.07296952320784685,5.503791135239047,0.029053620199161766,0.14818674313732927,True,ok
B,elsevier_10.1016_j.jallcom.2023.170146,MgB2,bulk,MgB2_20K,39.0,3.0,15.5,Tier_1_direct_match_at_20.0K_term_H_irr_Birr,21,21,0.9217171717171717,T,20.0,1.4734698228805703,0.10165881225481421,5.443860417495315,0.042973586809767574,0.13772624063355954,True,ok
B,elsevier_10.1016_j.jallcom.2023.170146,MgB2,bulk,MgB2_25K,39.0,2.5,15.5,Tier_1_linear_interp_20.0K_to_30.0K,17,17,0.8863636363636364,T,25.0,1.9289744645699534,0.11087474411113367,5.338596491448894,0.041430950644350574,0.11759079958981727,True,ok
B,elsevier_10.1016_j.jallcom.2023.170146,MgB2,bulk,MgB2_30K,39.0,2.0,15.5,Tier_1_direct_match_at_30.0K_term_H_irr_Birr,13,13,0.7907196969696971,T,30.0,3.185977073396232,0.08923268111040134,5.1863788403346,0.02728552252192617,0.06219906822723432,True,ok
B,elsevier_10.1016_j.jallcom.2023.170146,MgB2,bulk,MgB2_35K,39.0,1.5,15.5,Tier_1_direct_match_at_35.0K_term_H_irr_Birr,17,17,0.9280303030302971,T,35.0,1.2332200169685257,0.7408706510074851,3.758231361108494,0.35773988651997496,0.9781424086856998,True,ok
B,elsevier_10.1016_j.jallcom.2023.170384,LaFeAsO,unknown,LaFeAsO_2K,26.0,9.2,86.0,Tier_1_direct_match_at_2.0K_term_both_Hc2_and_H_irr,13,13,0.6512817462677691,T,2.0,3.1626650680656425,0.18926803332459233,6.324598106936781,0.045169237968839496,0.08824283524247603,True,ok
B,elsevier_10.1016_j.jallcom.2023.170384,LaFeAsO,unknown,LaFeAsO_5K,26.0,8.0,86.0,Tier_1_direct_match_at_5.0K_term_both_Hc2_and_H_irr,7,7,0.3744870041039671,T,5.0,10.692565346999297,1.3416066726189408,6.222245789063345,0.15684978996826404,0.20343887736232158,True,ok
B,elsevier_10.1016_j.jallcom.2023.170384,LaFeAsO,unknown,LaFeAsO_8K,26.0,5.75,86.0,Tier_1_linear_interp_7.0K_to_9.0K,4,4,0.25979896508654027,T,8.0,19.177838830723264,0.8212478222945723,5.946760813833423,0.06562330473883925,0.05659556193633098,True,H_axis_applicability_bound
B,elsevier_10.1016_j.jpcs.2026.113652,Bi1.6Pb0.4Sr2Ca2Cu3O10,bulk,Co0,110.0,100.0,100.0,Tier_3_literature_default,6,6,0.005,T,5.0,29.999999971245956,131.9744336375446,6.138417126459371,0.2237556556959613,0.19645858281699233,True,H_axis_applicability_bound
B,elsevier_10.1016_j.jpcs.2026.113652,Bi1.6Pb0.4Sr2Ca2Cu3O10,bulk,Co0,110.0,100.0,100.0,Tier_3_literature_default,6,6,0.025,T,20.0,29.99999900817464,15.942133148778616,6.257064583606886,0.16901742036466796,0.12097052911456269,True,H_axis_applicability_bound
B,elsevier_10.1016_j.jpcs.2026.113652,Bi1.6Pb0.4Sr2Ca2Cu3O10,bulk,Co0,110.0,100.0,100.0,Tier_3_literature_default,6,6,0.025,T,50.0,29.999997562355304,6.323254101544617,6.674775503394321,0.1502595179139861,0.04950085272546045,True,H_axis_applicability_bound
B,elsevier_10.1016_j.jpcs.2026.113652,Bi1.6Pb0.4Sr2Ca2Cu3O10,bulk,Co1,110.0,100.0,100.0,Tier_3_literature_default,6,6,0.005,T,5.0,29.999998288737594,69.76538118875513,6.321397414672149,0.11828349998546898,0.10385355456191288,True,H_axis_applicability_bound
B,elsevier_10.1016_j.jpcs.2026.113652,Bi1.6Pb0.4Sr2Ca2Cu3O10,bulk,Co2,110.0,100.0,100.0,Tier_3_literature_default,6,6,0.005,T,5.0,29.9999998885131,109.24805824308646,6.361741803281722,0.18522426319662003,0.16262787351614735,True,H_axis_applicability_bound
B,elsevier_10.1016_j.jpcs.2026.113652,Bi1.6Pb0.4Sr2Ca2Cu3O10,bulk,Co3,110.0,100.0,100.0,Tier_3_literature_default,6,6,0.005,T,5.0,29.999999411239294,82.46955393353959,6.462085134438504,0.13982274485803736,0.12276512838979663,True,H_axis_applicability_bound
B,elsevier_10.1016_j.matchemphys.2023.128348,MgB2,bulk,X01,39.0,3.0,15.5,Tier_1_direct_match_at_20.0K_term_H_irr_Birr,5,5,0.6666666666666666,T,20.0,2.776516435926349,0.3674610005062925,4.819420388647993,0.09798766974209545,0.10723892693077822,True,ok
B,elsevier_10.1016_j.matchemphys.2023.128348,MgB2,bulk,X02,39.0,3.0,15.5,Tier_1_direct_match_at_20.0K_term_H_irr_Birr,5,5,0.6666666666666666,T,20.0,2.6097710961162806,0.15919765283717704,5.0351081384580825,0.042451871603719445,0.046459857071857416,True,ok
B,elsevier_10.1016_j.matchemphys.2023.128348,MgB2,bulk,X03,39.0,3.0,15.5,Tier_1_direct_match_at_20.0K_term_H_irr_Birr,5,5,0.6666666666666666,T,20.0,2.518592769878972,0.17401003478418914,5.144504844737414,0.04640176285142746,0.05078266726933022,True,ok
B,elsevier_10.1016_j.matchemphys.2023.128348,MgB2,bulk,X04,39.0,3.0,15.5,Tier_1_direct_match_at_20.0K_term_H_irr_Birr,5,5,0.6666666666666666,T,20.0,2.336583465626456,0.11878555414948558,5.155627541325739,0.03167552444278781,0.03466608890299502,True,ok
B,elsevier_10.1016_j.matpr.2019.05.078,MgB2,wire,mono-5K,39.0,2.5,15.5,Tier_1_direct_match_at_5.0K_term_Hc2,3,3,0.6799999999999999,T,5.0,1.5876771649881465,0.7429272006271876,5.8834923491829745,0.315447656675639,0.20260450394260504,True,ok
B,elsevier_10.1016_j.matpr.2019.05.078,MgB2,wire,multi-5K,39.0,2.5,15.5,Tier_1_direct_match_at_5.0K_term_Hc2,3,3,0.6799999999999999,T,5.0,1.6643944033887998,0.74211407452907,5.791065446039283,0.31510240476770535,0.20238276844565667,True,ok
B,elsevier_10.1016_j.mtphys.2022.100783,"Ba(Fe,Co)2As2",polycrystal,Polycrystal,22.0,4.5,50.0,Tier_1_extrapolated_to_low_T_anchor_18.0K,4,4,0.7777777777777778,T,4.2,0.3065084603671735,0.04460865077261208,5.887064559451677,0.02219557141104087,0.022771737722725456,True,ok
B,elsevier_10.1016_j.mtphys.2022.100783,"Ba(Fe,Co)2As2",polycrystal,Polycrystal,22.0,4.5,50.0,Tier_1_extrapolated_to_low_T_anchor_18.0K,4,4,0.7777777777777778,T,6.0,0.33818817647917854,0.04698803320459849,5.858914894613055,0.023379461948415767,0.023986359622168007,True,ok
B,elsevier_10.1016_j.mtphys.2022.100783,"Ba(Fe,Co)2As2",polycrystal,Polycrystal,22.0,4.5,50.0,Tier_1_extrapolated_to_low_T_anchor_18.0K,4,4,0.7777777777777778,T,8.0,0.3775417228705511,0.04945845559978022,5.8291254335909555,0.024608650208687678,0.025247456705880304,True,ok
B,elsevier_10.1016_j.mtphys.2022.100783,"Ba(Fe,Co)2As2",polycrystal,Polycrystal,22.0,4.5,50.0,Tier_1_extrapolated_to_low_T_anchor_18.0K,4,4,0.7777777777777778,T,10.0,0.42793027398655603,0.0518834002608832,5.797653148949851,0.025815209079199344,0.026485335952512377,True,ok
B,elsevier_10.1016_j.mtphys.2022.100783,"Ba(Fe,Co)2As2",polycrystal,Polycrystal,22.0,4.5,50.0,Tier_1_extrapolated_to_low_T_anchor_18.0K,4,4,0.7777777777777778,T,12.0,0.49517351491922956,0.053930907380449006,5.764626466926182,0.026833972522974096,0.027530545350517237,True,ok
B,elsevier_10.1016_j.mtphys.2022.100783,"Ba(Fe,Co)2As2",polycrystal,Polycrystal,22.0,4.5,50.0,Tier_1_extrapolated_to_low_T_anchor_18.0K,4,4,0.7777777777777778,T,14.0,0.5905290818691102,0.05476738972007242,5.730662083288469,0.027250172750251305,0.027957549165985574,True,ok
B,elsevier_10.1016_j.mtphys.2022.100783,"Ba(Fe,Co)2As2",polycrystal,Polycrystal,22.0,4.5,50.0,Tier_1_extrapolated_to_low_T_anchor_18.0K,4,4,0.7777777777777778,T,16.0,0.7400032498568847,0.05207095214650221,5.697954146705582,0.025908527839554992,0.02658107702770379,True,ok
B,elsevier_10.1016_j.mtphys.2022.100783,"Ba(Fe,Co)2As2",polycrystal,Polycrystal,22.0,7.0,50.0,Tier_1_direct_match_at_21.0K_term_H_irr_Birr,5,5,0.7857142857142857,T,21.0,2.0318848862207113,0.4977109553283936,5.21625336030008,0.208382099812955,0.2589401026783602,True,ok
B,elsevier_10.1016_j.mtphys.2022.100783,"Ba(Fe,Co)2As2",single_crystal,Single crystal,22.0,4.5,50.0,Tier_1_extrapolated_to_low_T_anchor_18.0K,4,4,0.7777777777777778,T,4.2,0.25849911428013284,0.04029858155832405,5.938873932801721,0.020051044699307866,0.02057154138187317,True,ok
B,elsevier_10.1016_j.mtphys.2022.100783,"Ba(Fe,Co)2As2",single_crystal,Single crystal,22.0,4.5,50.0,Tier_1_extrapolated_to_low_T_anchor_18.0K,4,4,0.7777777777777778,T,6.0,0.3065084603671735,0.04460865077261208,5.887064559451677,0.02219557141104087,0.022771737722725456,True,ok
B,elsevier_10.1016_j.mtphys.2022.100783,"Ba(Fe,Co)2As2",single_crystal,Single crystal,22.0,4.5,50.0,Tier_1_extrapolated_to_low_T_anchor_18.0K,4,4,0.7777777777777778,T,8.0,0.3775417228705511,0.04945845559978022,5.8291254335909555,0.024608650208687678,0.025247456705880304,True,ok
B,elsevier_10.1016_j.mtphys.2022.100783,"Ba(Fe,Co)2As2",single_crystal,Single crystal,22.0,4.5,50.0,Tier_1_extrapolated_to_low_T_anchor_18.0K,4,4,0.7777777777777778,T,10.0,0.42793027398655603,0.0518834002608832,5.797653148949851,0.025815209079199344,0.026485335952512377,True,ok
B,elsevier_10.1016_j.mtphys.2022.100783,"Ba(Fe,Co)2As2",single_crystal,Single crystal,22.0,4.5,50.0,Tier_1_extrapolated_to_low_T_anchor_18.0K,4,4,0.7777777777777778,T,12.0,0.49517351491922956,0.053930907380449006,5.764626466926182,0.026833972522974096,0.027530545350517237,True,ok
B,elsevier_10.1016_j.mtphys.2022.100783,"Ba(Fe,Co)2As2",single_crystal,Single crystal,22.0,4.5,50.0,Tier_1_extrapolated_to_low_T_anchor_18.0K,4,4,0.7777777777777778,T,14.0,0.5905290818691102,0.05476738972007242,5.730662083288469,0.027250172750251305,0.027957549165985574,True,ok
B,elsevier_10.1016_j.mtphys.2022.100783,"Ba(Fe,Co)2As2",single_crystal,Single crystal,22.0,4.5,50.0,Tier_1_extrapolated_to_low_T_anchor_18.0K,4,4,0.7777777777777778,T,16.0,0.7400032498568847,0.05207095214650221,5.697954146705582,0.025908527839554992,0.02658107702770379,True,ok
B,elsevier_10.1016_j.mtphys.2022.100783,"Ba(Fe,Co)2As2",single_crystal,Single crystal,22.0,4.5,50.0,Tier_1_extrapolated_to_low_T_anchor_18.0K,4,4,0.7777777777777778,T,17.0,0.7889815008385456,0.0677411233921125,5.644766721618954,0.033705409809856354,0.03458035516160393,True,ok
B,elsevier_10.1016_j.mtphys.2022.100783,"Ba(Fe,Co)2As2",single_crystal,Single crystal,22.0,4.5,50.0,Tier_1_direct_match_at_18.0K_term_H_irr_Birr,4,4,0.7777777777777778,T,18.0,0.8608719111058379,0.0890320037271927,5.584398792977684,0.044298943116834945,0.04544888179392146,True,ok
B,elsevier_10.1016_j.mtphys.2022.100783,"Ba(Fe,Co)2As2",single_crystal,Single crystal,22.0,5.0,50.0,Tier_1_direct_match_at_19.0K_term_H_irr_Birr,4,4,0.7,T,19.0,1.3774048505485763,0.12581848867044965,5.546252608249943,0.04662340029791012,0.045928959992024045,True,ok
B,elsevier_10.1016_j.mtphys.2022.100783,"Ba(Fe,Co)2As2",single_crystal,Single crystal,22.0,6.0,50.0,Tier_1_direct_match_at_20.0K_term_H_irr_Birr,4,4,0.5833333333333334,T,20.0,2.5994078829980607,0.1790004851035513,5.520299810463274,0.046190318225144966,0.043489246973642766,True,ok
B,elsevier_10.1016_j.mtphys.2022.100783,"Ba(Fe,Co)2As2",single_crystal,Single crystal,22.0,7.0,50.0,Tier_1_direct_match_at_21.0K_term_H_irr_Birr,5,5,0.7857142857142857,T,21.0,2.0318848862207113,0.4977109553283936,5.21625336030008,0.208382099812955,0.2589401026783602,True,ok
B,elsevier_10.1016_j.phpro.2012.03.421,"Ba(Fe,Ru)2As2",single_crystal,Ba(Fe0.63Ru0.37)2As2,20.0,15.3,60.0,Tier_1_extrapolated_to_low_T_anchor_15.0K,6,6,0.032679738562091505,T,2.0,19.056778098711693,2.6289279727727983,5.65243514817675,0.01701459585501226,0.02605262547175578,True,H_axis_applicability_bound
B,elsevier_10.1016_j.phpro.2015.06.160,BaFe2As2,single_crystal,Ba0.64K0.36Fe2As2,20.0,9.0,60.0,Tier_1_direct_match_at_17.7K_term_Hc2,4,4,0.7777777777777778,T,18.0,2.3263800510964,0.5290282131393053,5.830458994213288,0.26322435379285025,0.27005729191090466,True,ok
B,elsevier_10.1016_j.phpro.2015.06.160,BaFe2As2,single_crystal,Ba0.64K0.36Fe2As2,20.0,9.0,60.0,Tier_1_extrapolated_to_low_T_anchor_17.7K,4,4,0.7777777777777778,T,16.0,2.356997636576607,0.5320008500357918,5.7620468986949165,0.26470342373921996,0.27157475653769003,True,ok
B,elsevier_10.1016_j.phpro.2015.06.160,BaFe2As2,single_crystal,BaFe1.91Ni0.09As2,20.0,9.0,60.0,Tier_1_extrapolated_to_low_T_anchor_17.7K,4,4,0.7777777777777778,T,15.0,2.143757436440256,0.572008303103688,5.948469292927186,0.28460961613183666,0.29199768658846864,True,ok
B,elsevier_10.1016_j.phpro.2015.06.160,BaFe2As2,single_crystal,BaFe1.91Ni0.09As2,20.0,9.0,60.0,Tier_1_extrapolated_to_low_T_anchor_17.7K,4,4,0.7777777777777778,T,13.0,2.2161404136399403,0.5575967388814473,5.9243771080107335,0.277438967843782,0.28464090051012886,True,ok
B,elsevier_10.1016_j.phpro.2015.06.160,BaFe2As2,single_crystal,BaFe1.91Ni0.09As2,20.0,9.0,60.0,Tier_1_extrapolated_to_low_T_anchor_17.7K,4,4,0.7777777777777778,T,10.0,2.0685651407190835,0.3617696099409688,5.689456161912301,0.18000282270652762,0.18467544567773905,True,ok
B,elsevier_10.1016_j.phpro.2015.06.160,BaFe2As2,single_crystal,BaFe1.91Ni0.09As2,20.0,9.0,60.0,Tier_1_extrapolated_to_low_T_anchor_17.7K,4,4,0.7777777777777778,T,7.0,2.0354547867651522,0.3126337983889819,5.491070414923148,0.15555471020962836,0.15959269314880445,True,ok
B,elsevier_10.1016_j.physc.2009.03.028,Ba(Fe1-xCox)2As2,single_crystal,x = 0.038,22.0,50.0,50.0,Tier_3_literature_default,6,6,0.1,T,8.4,20.989848311509046,3.270621928519837,6.29235740751653,0.08975332444447484,0.10222809200435956,True,H_axis_applicability_bound
B,elsevier_10.1016_j.physc.2009.03.028,Ba(Fe1-xCox)2As2,single_crystal,x = 0.047,22.0,50.0,50.0,Tier_3_literature_default,6,6,0.1,T,11.9,19.317596242417356,2.6494074998391093,6.3059124830032465,0.07270578455905986,0.0828111229417024,True,H_axis_applicability_bound
B,elsevier_10.1016_j.physc.2009.03.028,Ba(Fe1-xCox)2As2,single_crystal,x = 0.058,22.0,50.0,50.0,Tier_3_literature_default,6,6,0.1,T,15.4,20.865737693011162,2.768386998414047,6.254234382404786,0.07597085276790098,0.08652999972164795,True,H_axis_applicability_bound
B,elsevier_10.1016_j.physc.2009.03.028,Ba(Fe1-xCox)2As2,single_crystal,x = 0.074,22.0,50.0,50.0,Tier_3_literature_default,6,6,0.1,T,5.0,24.199928499008845,3.8262714571647356,6.2850252566585585,0.10500161874433551,0.1195957373882128,True,H_axis_applicability_bound
B,elsevier_10.1016_j.physc.2009.03.028,Ba(Fe1-xCox)2As2,single_crystal,x = 0.074,22.0,50.0,50.0,Tier_3_literature_default,6,6,0.1,T,10.0,24.84075443346188,3.812307384355379,6.256559946857931,0.10461840986870635,0.11915926917653767,True,H_axis_applicability_bound
B,elsevier_10.1016_j.physc.2009.03.028,Ba(Fe1-xCox)2As2,single_crystal,x = 0.074,22.0,50.0,50.0,Tier_3_literature_default,6,6,0.1,T,15.0,26.624724387318317,3.7992559239140533,6.226182182041912,0.10426024937462057,0.11875132470978741,True,H_axis_applicability_bound
B,elsevier_10.1016_j.physc.2009.03.028,Ba(Fe1-xCox)2As2,single_crystal,x = 0.074,22.0,50.0,50.0,Tier_3_literature_default,6,6,0.1,T,16.0,22.125009905568543,3.0464942018097556,6.229319762691783,0.08360274994240169,0.09522265178971201,True,H_axis_applicability_bound
B,elsevier_10.1016_j.physc.2009.03.028,Ba(Fe1-xCox)2As2,single_crystal,x = 0.10,22.0,50.0,50.0,Tier_3_literature_default,6,6,0.1,T,15.4,24.051918782097154,3.337805107850232,6.225186310036157,0.09159698445645953,0.10432800282134035,True,H_axis_applicability_bound
B,elsevier_10.1016_j.physc.2009.03.028,Ba(Fe1-xCox)2As2,single_crystal,x = 0.118,22.0,50.0,50.0,Tier_3_literature_default,6,6,0.1,T,8.4,23.952488512453755,4.294203691033004,6.30580343735956,0.11784274435084748,0.1342216421403153,True,H_axis_applicability_bound
B,elsevier_10.1016_j.physc.2009.05.098,SmFeAsO0.8F0.2,thin_film,SmFeAsO0.8F0.2_10K,55.0,86.0,86.0,Tier_3_literature_default,29,29,0.5291231064646897,T,10.0,0.8191005304313276,0.20609729909643476,4.658014049652712,0.03330302563296997,0.10845989817031028,True,ok
B,elsevier_10.1016_j.physc.2009.05.098,SmFeAsO0.8F0.2,thin_film,SmFeAsO0.8F0.2_15K,55.0,86.0,86.0,Tier_3_literature_default,29,29,0.5312566673778535,T,15.0,0.999460911643853,0.17016751376242267,4.450568421116514,0.027504732325606202,0.08963781021396518,True,ok
B,elsevier_10.1016_j.physc.2009.05.098,SmFeAsO0.8F0.2,thin_film,SmFeAsO0.8F0.2_20K,55.0,86.0,86.0,Tier_3_literature_default,29,29,0.5312566673778538,T,20.0,1.7462413910278183,0.1695791806808605,4.332029182685061,0.02738671924964899,0.08919412609915285,True,ok
B,elsevier_10.1016_j.physc.2009.05.098,SmFeAsO0.8F0.2,thin_film,SmFeAsO0.8F0.2_25K,55.0,86.0,86.0,Tier_3_literature_default,29,29,0.5301898869212717,T,25.0,3.1425585895130292,0.1725549037951167,4.222227291620287,0.027876978162332634,0.0908233616363736,True,ok
B,elsevier_10.1016_j.physc.2009.05.098,SmFeAsO0.8F0.2,thin_film,SmFeAsO0.8F0.2_2K,55.0,86.0,86.0,Tier_3_literature_default,29,29,0.5323234478344357,T,2.0,1.2521889516000941,0.1293747409022235,5.413374506738484,0.020899082666921694,0.0680400899073568,True,ok
B,elsevier_10.1016_j.physc.2009.05.098,SmFeAsO0.8F0.2,thin_film,SmFeAsO0.8F0.2_30K,55.0,86.0,86.0,Tier_3_literature_default,28,28,0.5067207168764668,T,30.0,5.696707967132056,0.23406253400268298,4.051732902565627,0.03554691825003263,0.11341486559929641,True,ok
B,elsevier_10.1016_j.physc.2009.05.098,SmFeAsO0.8F0.2,thin_film,SmFeAsO0.8F0.2_35K,55.0,86.0,86.0,Tier_3_literature_default,22,22,0.3499039897589075,T,35.0,12.144929377779079,0.6946298873143557,3.8299046403537242,0.06254225420026313,0.1786636438317262,True,ok
B,elsevier_10.1016_j.physc.2009.05.098,SmFeAsO0.8F0.2,thin_film,SmFeAsO0.8F0.2_40K,55.0,86.0,86.0,Tier_3_literature_default,10,10,0.1120119479411137,T,40.0,29.999999999998796,5.281986668618241,2.827679518860647,0.15764634473759187,0.2489574460983064,True,H_axis_applicability_bound
B,elsevier_10.1016_j.physc.2009.05.098,SmFeAsO0.8F0.2,thin_film,SmFeAsO0.8F0.2_5K,55.0,86.0,86.0,Tier_3_literature_default,29,29,0.5301898869212717,T,5.0,1.2260348664879732,0.18619449895551562,5.087102319792649,0.030140993013489426,0.09812112705944807,True,ok
B,elsevier_10.1016_j.physc.2009.11.051,Ba(Fe0.93Co0.07)2As2,single_crystal,irradiated,22.0,2.5,50.0,Tier_1_direct_match_at_2.0K_term_Hc2,3,3,0.72,T,2.0,0.06510949624649427,0.015483275662906918,5.998092638750618,0.006563443748062643,0.004322252014432849,True,ok
B,elsevier_10.1016_j.physc.2009.11.051,Ba(Fe0.93Co0.07)2As2,single_crystal,irradiated,22.0,4.5,50.0,Tier_1_direct_match_at_10.0K_term_Hc2,3,3,0.4,T,10.0,0.09288182207646527,0.012215644807566619,5.9038932528844725,0.0019629644336117587,0.0011858861647556001,True,ok
B,elsevier_10.1016_j.physc.2009.11.051,Ba(Fe0.93Co0.07)2As2,single_crystal,irradiated,22.0,5.0,50.0,Tier_1_direct_match_at_15.0K_term_Hc2,3,3,0.36,T,15.0,0.14455988733446082,0.01724806156206109,5.7794699567730055,0.002417247581291063,0.0014492975247043336,True,ok
B,elsevier_10.1016_j.physc.2009.11.051,Ba(Fe0.93Co0.07)2As2,single_crystal,irradiated,22.0,5.5,50.0,Tier_1_direct_match_at_20.0K_term_Hc2,4,4,0.8727272727272727,T,20.0,0.043698835977242036,0.01737510195301554,5.68625464551385,0.009238605963962346,0.010141499945573897,True,ok
B,elsevier_10.1016_j.physc.2009.11.051,Ba(Fe0.93Co0.07)2As2,single_crystal,unirradiated,22.0,2.5,50.0,Tier_1_direct_match_at_2.0K_term_Hc2,3,3,0.72,T,2.0,0.11298475525979099,0.025549636277320664,5.7752046164108775,0.010830627835300848,0.007132338918943572,True,ok
B,elsevier_10.1016_j.physc.2009.11.051,Ba(Fe0.93Co0.07)2As2,single_crystal,unirradiated,22.0,4.5,50.0,Tier_1_direct_match_at_10.0K_term_Hc2,3,3,0.4,T,10.0,0.12497650649775612,0.01611215711181194,5.478229462587759,0.002589105352806331,0.0015641568254694958,True,ok
B,elsevier_10.1016_j.physc.2009.11.051,Ba(Fe0.93Co0.07)2As2,single_crystal,unirradiated,22.0,5.0,50.0,Tier_1_direct_match_at_15.0K_term_Hc2,3,3,0.36,T,15.0,0.2209102241089527,0.02518369057828426,5.303129879089673,0.0035293938596897127,0.0021161009497840727,True,ok
B,elsevier_10.1016_j.physc.2009.11.051,Ba(Fe0.93Co0.07)2As2,single_crystal,unirradiated,22.0,5.5,50.0,Tier_1_direct_match_at_20.0K_term_Hc2,4,4,0.8727272727272727,T,20.0,0.07685489936221974,0.029611031534986815,5.154600124302224,0.0157446358172723,0.01728336763217306,True,ok
B,elsevier_10.1016_j.physc.2010.03.003,FeTe0.61Se0.39,single_crystal,FeTe0.61Se0.39,14.0,53.3,47.0,Tier_1_extrapolated_to_low_T_anchor_10.0K,5,5,0.928705440900563,T,2.0,1.3232949582810973,0.501580977786515,5.94292167222609,0.2799719763118083,0.38806835531198874,True,ok
B,elsevier_10.1016_j.physc.2010.03.003,FeTe0.61Se0.39,single_crystal,FeTe0.61Se0.39,14.0,53.3,47.0,Tier_1_extrapolated_to_low_T_anchor_10.0K,5,5,0.928705440900563,T,5.0,1.3232950861481432,0.501581073192062,5.69292159839486,0.2799720305329245,0.3880684357100242,True,ok
B,elsevier_10.1016_j.physc.2010.03.003,FeTe0.61Se0.39,single_crystal,FeTe0.61Se0.39,14.0,53.3,47.0,Tier_1_extrapolated_to_low_T_anchor_10.0K,5,5,0.928705440900563,T,7.5,1.2936506892553439,0.4782742191551667,5.612999064359406,0.2669626287198137,0.37003613800908425,True,ok
B,elsevier_10.1016_j.physc.2010.03.003,FeTe0.61Se0.39,single_crystal,FeTe0.61Se0.39,14.0,53.3,47.0,Tier_1_direct_match_at_10.0K_term_Hc2,5,5,0.928705440900563,T,10.0,1.306724183385342,0.48308036178453484,5.5273754312763135,0.26964531948640436,0.3737546028685816,True,ok
B,elsevier_10.1016_j.physc.2010.03.003,FeTe0.61Se0.39,single_crystal,FeTe0.61Se0.39,14.0,54.0,47.0,Tier_1_direct_match_at_12.3K_term_Hc2,5,5,0.9166666666666666,T,12.5,1.428727867198564,0.5287673841229227,4.453735028219738,0.27701789837028423,0.3816015807871805,True,ok
B,elsevier_10.1016_j.physc.2010.05.048,FeTeSe,single_crystal,FeTe0.59Se0.41,14.0,3.5,47.0,Tier_1_direct_match_at_2.0K_term_ambiguous_label,3,3,0.5714285714285714,T,2.0,0.10656004234491294,0.018040140681657605,5.997689338390197,0.004123797623864289,0.0027291551756060965,True,ok
B,elsevier_10.1016_j.physc.2010.05.048,FeTeSe,single_crystal,FeTe0.59Se0.41,14.0,3.8,47.0,Tier_1_direct_match_at_3.0K_term_ambiguous_label,3,3,0.5263157894736842,T,3.0,0.22161931958448802,0.034661952270835274,5.996159972950191,0.007015571303216382,0.004617505507837212,True,ok
B,elsevier_10.1016_j.physc.2010.05.048,FeTeSe,single_crystal,FeTe0.59Se0.41,14.0,4.0,47.0,Tier_1_direct_match_at_4.0K_term_ambiguous_label,3,3,0.5,T,4.0,0.2783270081945176,0.018973176798196018,5.998071067941103,0.0035702648137670126,0.002342902369488771,True,ok
B,elsevier_10.1016_j.physc.2010.05.048,FeTeSe,single_crystal,FeTe0.59Se0.41,14.0,4.5,47.0,Tier_1_direct_match_at_5.0K_term_ambiguous_label,3,3,0.4444444444444444,T,5.0,0.4165441794889079,0.04372755978900758,5.996310833735499,0.0070089956075364565,0.004572962831396307,True,ok
B,elsevier_10.1016_j.physc.2010.05.048,FeTeSe,single_crystal,FeTe0.59Se0.41,14.0,5.0,47.0,Tier_1_direct_match_at_6.0K_term_ambiguous_label,3,3,0.4,T,6.0,0.5817353273354465,0.03192418841403563,5.957696909341225,0.004462098887309971,0.00289903527410646,True,ok
B,elsevier_10.1016_j.physc.2010.05.048,FeTeSe,single_crystal,FeTe0.59Se0.41,14.0,6.5,47.0,Tier_1_direct_match_at_7.0K_term_ambiguous_label,4,4,0.7692307692307693,T,7.0,0.4501930907545112,0.08603346083197662,5.8771469822698865,0.02841418210507991,0.03026422586242155,True,ok
B,elsevier_10.1016_j.physc.2010.05.048,FeTeSe,single_crystal,FeTe0.59Se0.41,14.0,8.5,47.0,Tier_1_direct_match_at_8.0K_term_ambiguous_label,4,4,0.5882352941176471,T,8.0,0.9074067681632634,0.11904388636438029,5.83534850039085,0.02417965735125468,0.02492542238134603,True,ok
B,elsevier_10.1016_j.physc.2010.05.048,FeTeSe,single_crystal,FeTe0.59Se0.41,14.0,12.5,47.0,Tier_1_direct_match_at_9.0K_term_ambiguous_label,5,5,0.8,T,9.0,1.4014396357806882,0.1734885568417608,5.72100966531548,0.0572680894016296,0.07737344647587222,True,ok
B,elsevier_10.1016_j.physc.2011.02.004,PrFeAsO0.6F0.12,unknown,PrFeAsO0.6F0.12_10K,51.0,120.0,120.0,Tier_3_literature_default,62,62,0.11858468734399114,T,10.0,3.4941166221885536,1.5170545306318861,5.559747407660164,0.02870928945185924,0.16330221997919225,True,H_axis_applicability_bound
B,elsevier_10.1016_j.physc.2011.02.004,PrFeAsO0.6F0.12,unknown,PrFeAsO0.6F0.12_15K,51.0,120.0,120.0,Tier_3_literature_default,55,55,0.1168584249204233,T,15.0,2.987362068397874,1.2495233021974022,5.257696644494322,0.02765086955944977,0.14945187540999383,True,H_axis_applicability_bound
B,elsevier_10.1016_j.physc.2011.02.004,PrFeAsO0.6F0.12,unknown,PrFeAsO0.6F0.12_20K,51.0,120.0,120.0,Tier_3_literature_default,56,56,0.11649694066050723,T,20.0,5.214983746286421,1.0208927572629685,4.9855973769933355,0.023683585339087012,0.12450695489481718,True,H_axis_applicability_bound
B,elsevier_10.1016_j.physc.2011.02.004,PrFeAsO0.6F0.12,unknown,PrFeAsO0.6F0.12_25K,51.0,120.0,120.0,Tier_3_literature_default,65,65,0.11617038832423221,T,25.0,10.82274535129908,1.170932623478392,4.764172236324962,0.02828286167342185,0.15728342826397718,True,H_axis_applicability_bound
B,elsevier_10.1016_j.physc.2011.02.004,PrFeAsO0.6F0.12,unknown,PrFeAsO0.6F0.12_30K,51.0,120.0,120.0,Tier_3_literature_default,69,68,0.06621925802153229,T,30.0,29.73582153082763,2.1874339198382255,4.541397042531338,0.029867827272339467,0.16655845614276849,True,H_axis_applicability_bound
B,elsevier_10.1016_j.physc.2011.02.004,PrFeAsO0.6F0.12,unknown,PrFeAsO0.6F0.12_7K,51.0,120.0,120.0,Tier_3_literature_default,49,49,0.12167685578058868,T,7.0,7.239248124482278,1.705309791308358,5.859971504180952,0.03430703242436841,0.1783478844096092,True,H_axis_applicability_bound
B,elsevier_10.1016_j.physc.2013.04.060,MgB(2-x)Cx_x_0_0386,wire,MgB(2-x)Cx_x_0_0386_4_2K,39.0,10.5,15.5,Tier_1_direct_match_at_4.2K_term_H_irr_Birr,7,7,0.5720645520311632,T,4.2,2.3539997068128033,0.16807077481655422,5.563546710518575,0.060368194859698236,0.06582464409838311,True,ok
B,elsevier_10.1016_j.physc.2013.04.060,MgB(2-x)Cx_x_0_1202,wire,MgB(2-x)Cx_x_0_1202_4_2K,39.0,10.5,15.5,Tier_1_direct_match_at_4.2K_term_H_irr_Birr,7,7,0.5709515859766279,T,4.2,1.4750829895482016,0.12114198285900639,5.408100546423671,0.043555853079695867,0.04748650503142332,True,ok
B,elsevier_10.1016_j.physc.2013.04.060,MgB2,wire,MgB2_4_2K,39.0,10.5,15.5,Tier_1_direct_match_at_4.2K_term_H_irr_Birr,5,5,0.3817473567056206,T,4.2,3.7999293071337386,0.2469651348649325,5.6148702752653215,0.10310821923616736,0.06281408321333998,True,ok
B,elsevier_10.1016_j.physc.2013.04.060,MgB2,wire,Undoped_MgB2_10K,39.0,11.9,15.5,Tier_1_direct_match_at_10.0K_term_Birr,7,7,0.5047600435523046,T,10.0,4.779311736113043,0.1428091414130274,5.783351519028241,0.05244095117955881,0.05127688818854016,True,ok
B,elsevier_10.1016_j.physc.2013.04.060,MgB2_Ag_doped,wire,Ag_Doped_MgB2_10K,39.0,11.9,15.5,Tier_1_direct_match_at_10.0K_term_Birr,9,9,0.6745023590831682,T,10.0,2.0905650082158456,0.1510446510524187,5.29332971608345,0.08499477122279354,0.12259237185649294,True,ok
B,elsevier_10.1016_j.physc.2013.04.060,MgB2_SiC_doped,wire,SiC_Doped_MgB2_10K,39.0,11.9,15.5,Tier_1_direct_match_at_10.0K_term_Birr,10,10,0.757140065328457,T,10.0,1.5623445821380608,0.09608806179787648,5.288565496827169,0.051415811902078674,0.08541436681601378,True,ok
B,elsevier_10.1016_j.physc.2013.04.060,MgB2_TiC_doped,wire,TiC_Doped_MgB2_10K,39.0,11.9,15.5,Tier_1_direct_match_at_10.0K_term_Birr,8,8,0.5449621709148778,T,10.0,3.938175873961849,0.2767956253725114,5.689373527422514,0.12342744245911941,0.14269916087316287,True,ok
B,elsevier_10.1016_j.physc.2013.04.060,MgB2_ZrB2_doped,wire,ZrB2_Doped_MgB2_10K,39.0,11.9,15.5,Tier_1_direct_match_at_10.0K_term_Birr,11,11,0.8397777715737459,T,10.0,2.558076334123752,0.1700782272269349,5.309614205834884,0.08692802895923893,0.16352750981279157,True,ok
B,elsevier_10.1016_j.physc.2014.03.020,BaFe2As2,wire,wire,20.0,60.0,60.0,Tier_3_literature_default,11,11,0.165,T,4.2,29.706433921789138,2.681341126299635,4.422609482796779,0.12314708938051265,0.20051174897943463,True,H_axis_applicability_bound
B,elsevier_10.1016_j.physc.2016.05.023,FeSe1-xSx,single_crystal,FeSe,9.0,30.0,30.0,Tier_3_literature_default,6,6,0.043333333333333335,T,2.0,14.677107918232325,0.39223682681203964,4.813642426883829,0.004987751798248906,0.004948748387179671,True,H_axis_applicability_bound
B,elsevier_10.1016_j.physc.2016.05.023,FeSe1-xSx,single_crystal,FeSe,9.0,30.0,30.0,Tier_3_literature_default,6,6,0.043333333333333335,T,3.0,16.61759515470278,0.6488113482711244,4.723456102615906,0.008250397565721235,0.00818588033778976,True,H_axis_applicability_bound
B,elsevier_10.1016_j.physc.2016.05.023,FeSe1-xSx,single_crystal,FeSe,9.0,30.0,30.0,Tier_3_literature_default,6,6,0.043333333333333335,T,5.0,16.030890200883423,1.7393596473952906,4.503897199591346,0.02211800092550696,0.021945040627859992,True,H_axis_applicability_bound
B,elsevier_10.1016_j.physc.2016.05.023,FeSe1-xSx,single_crystal,FeSe,9.0,30.0,30.0,Tier_3_literature_default,6,6,0.043333333333333335,T,6.0,15.224770729626465,0.830537383156467,4.370637526903923,0.010561258687407862,0.010478673586924203,True,H_axis_applicability_bound
B,elsevier_10.1016_j.physc.2016.05.023,FeSe1-xSx,single_crystal,FeSe,9.0,30.0,30.0,Tier_3_literature_default,6,6,0.043333333333333335,T,7.0,16.462838907362123,1.9922266558225914,4.28825832624078,0.02533350117854226,0.025135398464642522,True,H_axis_applicability_bound
B,elsevier_10.1016_j.physc.2016.05.023,FeSe1-xSx,single_crystal,FeSe0.86S0.14,9.0,30.0,30.0,Tier_3_literature_default,6,6,0.043333333333333335,T,2.0,9.814859145491932,0.6134534528839096,4.898663813001498,0.007800780638341729,0.0077397801672712445,True,H_axis_applicability_bound
B,elsevier_10.1016_j.physc.2016.05.023,FeSe1-xSx,single_crystal,FeSe0.86S0.14,9.0,30.0,30.0,Tier_3_literature_default,6,6,0.043333333333333335,T,3.0,14.086712565635926,0.9943682934487653,4.774831681825336,0.012644559639193191,0.01254568305500156,True,H_axis_applicability_bound
B,elsevier_10.1016_j.physc.2016.05.023,FeSe1-xSx,single_crystal,FeSe0.86S0.14,9.0,30.0,30.0,Tier_3_literature_default,6,6,0.043333333333333335,T,5.0,13.950018058866451,1.1004545540706665,4.570974019741077,0.013993571750630653,0.013884144163807278,True,H_axis_applicability_bound
B,elsevier_10.1016_j.physc.2016.05.023,FeSe1-xSx,single_crystal,FeSe0.86S0.14,9.0,30.0,30.0,Tier_3_literature_default,6,6,0.043333333333333335,T,6.0,15.218838511494045,1.4366621191071094,4.4618318182502295,0.01826884509330123,0.018125986119287448,True,H_axis_applicability_bound
B,elsevier_10.1016_j.physc.2016.05.023,FeSe1-xSx,single_crystal,FeSe0.86S0.14,9.0,30.0,30.0,Tier_3_literature_default,6,6,0.043333333333333335,T,7.0,14.893754266756217,2.011613387638887,4.339162173533898,0.025580026783001242,0.025380000146737344,True,H_axis_applicability_bound
B,iop_10.1088_0953-2048_29_3_035013,FeSe0.5Te0.5,thin_film,FTS_10K,14.0,47.0,47.0,Tier_3_literature_default,14,14,0.19143468202029149,T,10.0,2.764982749288409,0.12106676507106709,6.070744124420224,0.005491077336646864,0.013025766840219066,True,H_axis_applicability_bound
B,iop_10.1088_0953-2048_29_3_035013,FeSe0.5Te0.5,thin_film,FTS_12K,14.0,47.0,47.0,Tier_3_literature_default,14,14,0.1920651722292187,T,12.0,3.5304982953421797,0.09104848483246361,5.9569540897188515,0.004136387540066035,0.009816492382985357,True,H_axis_applicability_bound
B,iop_10.1088_0953-2048_29_3_035013,FeSe0.5Te0.5,thin_film,FTS_15K,14.0,47.0,47.0,Tier_3_literature_default,13,13,0.19010674688998452,T,15.0,9.621300601290677,0.390064057506757,5.672196428561456,0.018357733646826618,0.039976274054277124,True,H_axis_applicability_bound
B,iop_10.1088_0953-2048_29_3_035013,FeSe0.5Te0.5,thin_film,FTS_17K,14.0,47.0,47.0,Tier_3_literature_default,12,12,0.1485849059528071,T,17.0,29.999999999996277,4.665905381892923,5.144538536825544,0.15758183670124853,0.3491321869773663,True,H_axis_applicability_bound
B,iop_10.1088_0953-2048_29_3_035013,FeSe0.5Te0.5,thin_film,FTS_4.2K,14.0,47.0,47.0,Tier_3_literature_default,14,14,0.1914396416286213,T,4.2,2.2989479187160367,0.14368965684121013,6.1887832297712135,0.006527472127623842,0.015432485699900123,True,H_axis_applicability_bound
B,iop_10.1088_0953-2048_29_3_035013,FeSe0.5Te0.5,thin_film,FTS_6K,14.0,47.0,47.0,Tier_3_literature_default,13,13,0.18857732767127922,T,6.0,2.2014097843316915,0.12947386585651102,6.153118414015574,0.006107104650194056,0.013204285968624066,True,H_axis_applicability_bound
B,iop_10.1088_0953-2048_29_3_035013,FeSe0.5Te0.5,thin_film,FTS_8K,14.0,47.0,47.0,Tier_3_literature_default,14,14,0.19143654187341516,T,8.0,2.6601224292817958,0.12651263139978614,6.152001424133521,0.005742368808950083,0.013621292544858683,True,H_axis_applicability_bound
B,springer_10.1007_s10854-026-16566-9,FeTe0.5Se0.5,single_crystal,"Fe(1-x)(MWCNT)xTe0.5Se0.5, x=0%",14.0,9.2,47.0,Tier_1_extrapolated_to_low_T_anchor_11.0K,6,6,0.48913043478260876,T,5.0,1.3956391988452888,0.18259695052931307,5.973137026665985,0.03505666425084477,0.04049154018583985,True,ok
B,springer_10.1007_s10854-026-16566-9,FeTe0.5Se0.5,single_crystal,"Fe(1-x)(MWCNT)xTe0.5Se0.5, x=0%",14.0,9.2,47.0,Tier_1_extrapolated_to_low_T_anchor_11.0K,6,6,0.48913043478260876,T,7.0,1.7131576903110215,0.19579791483123124,5.93108574852633,0.03759110587863651,0.043418901183326274,True,ok
B,springer_10.1007_s10854-026-16566-9,FeTe0.5Se0.5,single_crystal,"Fe(1-x)(MWCNT)xTe0.5Se0.5, x=0%",14.0,9.2,47.0,Tier_1_extrapolated_to_low_T_anchor_11.0K,6,6,0.48913043478260876,T,10.0,2.1483043416192205,0.1702152695469424,5.8653380768875785,0.03267951437742456,0.03774585616946423,True,ok
B,springer_10.1007_s10854-026-16566-9,FeTe0.5Se0.5,single_crystal,"Fe(1-x)(MWCNT)xTe0.5Se0.5, x=1%",14.0,9.2,47.0,Tier_1_extrapolated_to_low_T_anchor_11.0K,6,6,0.48913043478260876,T,5.0,1.1941177948246067,0.15129162081746636,6.150763417182104,0.029046373374335053,0.033549466122818734,True,ok
B,springer_10.1007_s10854-026-16566-9,FeTe0.5Se0.5,single_crystal,"Fe(1-x)(MWCNT)xTe0.5Se0.5, x=1%",14.0,9.2,47.0,Tier_1_extrapolated_to_low_T_anchor_11.0K,6,6,0.48913043478260876,T,7.0,1.3458894354729332,0.15934369573820806,6.1216133137565425,0.03059228895301227,0.03533504430938184,True,ok
B,springer_10.1007_s10854-026-16566-9,FeTe0.5Se0.5,single_crystal,"Fe(1-x)(MWCNT)xTe0.5Se0.5, x=1%",14.0,9.2,47.0,Tier_1_extrapolated_to_low_T_anchor_11.0K,6,6,0.48913043478260876,T,10.0,1.5458359149464524,0.16636831607996205,6.091657503238059,0.031940937367579934,0.03689277808681259,True,ok
B,springer_10.1007_s10854-026-16566-9,FeTe0.5Se0.5,single_crystal,"Fe(1-x)(MWCNT)xTe0.5Se0.5, x=2%",14.0,9.2,47.0,Tier_1_extrapolated_to_low_T_anchor_11.0K,6,6,0.48913043478260876,T,5.0,1.443937725865531,0.23420044218980093,6.238258338978655,0.04496398273654967,0.051934799292384703,True,ok
B,springer_10.1007_s10854-026-16566-9,FeTe0.5Se0.5,single_crystal,"Fe(1-x)(MWCNT)xTe0.5Se0.5, x=2%",14.0,9.2,47.0,Tier_1_extrapolated_to_low_T_anchor_11.0K,6,6,0.48913043478260876,T,7.0,1.605175620502339,0.25236468549225866,6.215186020846853,0.04845132267666814,0.05596278738011118,True,ok
B,springer_10.1007_s10854-026-16566-9,FeTe0.5Se0.5,single_crystal,"Fe(1-x)(MWCNT)xTe0.5Se0.5, x=2%",14.0,9.2,47.0,Tier_1_extrapolated_to_low_T_anchor_11.0K,6,6,0.48913043478260876,T,10.0,1.4819079853330066,0.11274609006291811,6.201664234751606,0.0216460454061274,0.02500185507612436,True,ok
B,springer_10.1007_s10854-026-16566-9,FeTe0.5Se0.5,single_crystal,"Fe(1-x)(MWCNT)xTe0.5Se0.5, x=3%",14.0,9.2,47.0,Tier_1_extrapolated_to_low_T_anchor_11.0K,6,6,0.48913043478260876,T,5.0,1.7890891969235347,0.26404543745634645,6.316710732317151,0.05069390464692598,0.058553037888625425,True,ok
B,springer_10.1007_s10854-026-16566-9,FeTe0.5Se0.5,single_crystal,"Fe(1-x)(MWCNT)xTe0.5Se0.5, x=3%",14.0,9.2,47.0,Tier_1_extrapolated_to_low_T_anchor_11.0K,6,6,0.48913043478260876,T,7.0,1.6005673710692065,0.13576146702645253,6.299517038049047,0.02606475021695176,0.03010559739353081,True,ok
B,springer_10.1007_s10854-026-16566-9,FeTe0.5Se0.5,single_crystal,"Fe(1-x)(MWCNT)xTe0.5Se0.5, x=3%",14.0,9.2,47.0,Tier_1_extrapolated_to_low_T_anchor_11.0K,6,6,0.48913043478260876,T,10.0,1.85731319641739,0.16704576232423546,6.283713168317346,0.032071004083003264,0.03704300735646232,True,ok
B,springer_10.1038_s41467-025-55880-4,Bi2.1Sr1.9CaCu2O8,thin_film,s1,85.0,100.0,100.0,Tier_3_literature_default,6,6,0.0024,T,53.0,29.999830987909267,37.59982632164886,5.446226066419719,0.024754146171548776,0.027141737651004597,True,H_axis_applicability_bound
B,springer_10.1038_s41467-025-55880-4,Bi2.1Sr1.9CaCu2O8,thin_film,s1,85.0,100.0,100.0,Tier_3_literature_default,6,6,0.0024,T,30.0,29.99989419886276,40.140563531009164,5.49899533744036,0.026426888553761903,0.028975829701204322,True,H_axis_applicability_bound
B,springer_10.1038_s41467-025-55880-4,Bi2.1Sr1.9CaCu2O8,thin_film,s1,85.0,100.0,100.0,Tier_3_literature_default,6,6,0.0024,T,75.5,29.999983214964438,56.38398066022652,5.384520573226798,0.03712085429467408,0.04070117863215569,True,H_axis_applicability_bound
B,springer_10.1038_s41467-025-55880-4,Bi2.1Sr1.9CaCu2O8,thin_film,s2,85.0,100.0,100.0,Tier_3_literature_default,6,6,0.0024,T,53.0,29.99999999749165,34.19752703886894,5.425874830197777,0.02251421251825646,0.024685728744216644,True,H_axis_applicability_bound
B,springer_10.1038_s41467-025-55880-4,Bi2.1Sr1.9CaCu2O8,thin_film,s2,85.0,100.0,100.0,Tier_3_literature_default,6,6,0.0024,T,30.0,29.999876579770117,39.82982425137583,5.485771052430404,0.026222283394405535,0.02875146143132942,True,H_axis_applicability_bound
B,springer_10.1038_s41467-025-55880-4,Bi2.1Sr1.9CaCu2O8,thin_film,s2,85.0,100.0,100.0,Tier_3_literature_default,6,6,0.0024,T,75.5,29.99998556086075,57.92479054835205,5.375046087290285,0.03813523735066702,0.04181340948024603,True,H_axis_applicability_bound
B,springer_10.1038_s41598-022-24044-5,FeSe0.5Te0.5,wire,FST_10K,14.0,18.0,47.0,Tier_1_extrapolated_to_low_T_anchor_14.0K,34,34,0.9445885260935495,T,10.0,,,,,,False,beta_extreme
B,springer_10.1038_s41598-022-24044-5,FeSe0.5Te0.5,wire,FST_12K,14.0,18.0,47.0,Tier_1_extrapolated_to_low_T_anchor_14.0K,29,29,0.6098506783354024,T,12.0,,,,,,False,beta_extreme
B,springer_10.1038_s41598-022-24044-5,FeSe0.5Te0.5,wire,FST_4K,14.0,18.0,47.0,Tier_1_extrapolated_to_low_T_anchor_14.0K,32,32,0.9412852884249232,T,4.0,,,,,,False,beta_extreme
B,springer_10.1038_s41598-022-24044-5,FeSe0.5Te0.5,wire,FST_6K,14.0,18.0,47.0,Tier_1_extrapolated_to_low_T_anchor_14.0K,33,33,0.9437458174386611,T,6.0,,,,,,False,beta_extreme
B,springer_10.1038_s41598-022-24044-5,FeSe0.5Te0.5,wire,FST_8K,14.0,18.0,47.0,Tier_1_extrapolated_to_low_T_anchor_14.0K,33,33,0.9448972188361157,T,8.0,,,,,,False,beta_extreme
B,springer_10.1038_s41598-025-95932-9,Bi2Sr2CaCu2O8,thin_film,Sample A,85.0,100.0,100.0,Tier_3_literature_default,10,10,0.009000000000000001,T,45.0,29.99999999986339,24.931905746862512,6.376672548798872,0.06745012286936658,0.08845240599132109,True,H_axis_applicability_bound
B,springer_10.1038_s41598-025-95932-9,Bi2Sr2CaCu2O8,thin_film,Sample A,85.0,100.0,100.0,Tier_3_literature_default,10,10,0.009000000000000001,T,50.0,29.999999999992404,31.83305685829111,6.302723039814964,0.08612031986562678,0.11293598698776806,True,H_axis_applicability_bound
B,springer_10.1038_s41598-025-95932-9,Bi2Sr2CaCu2O8,thin_film,Sample A,85.0,100.0,100.0,Tier_3_literature_default,10,10,0.009000000000000001,T,55.0,29.999994840934697,42.54640769440974,6.210871396761171,0.1151039238668407,0.15094435786838256,True,H_axis_applicability_bound
B,springer_10.1038_s41598-025-95932-9,Bi2Sr2CaCu2O8,thin_film,Sample A,85.0,100.0,100.0,Tier_3_literature_default,10,10,0.009000000000000001,T,60.0,29.999999384637853,62.705987773995766,6.085738807367086,0.16964312002523274,0.2224656048087871,True,H_axis_applicability_bound
B,springer_10.1038_s41598-025-95932-9,Bi2Sr2CaCu2O8,thin_film,Sample A,85.0,100.0,100.0,Tier_3_literature_default,10,10,0.009000000000000001,T,65.0,29.99999994358029,100.64030683825592,5.898814015877486,0.27226964556475564,0.3570474099846529,True,H_axis_applicability_bound
B,springer_10.1038_s41598-025-95932-9,Bi2Sr2CaCu2O8,thin_film,Sample A,85.0,100.0,100.0,Tier_3_literature_default,10,10,0.009000000000000001,T,70.0,29.99999998915098,158.65553519846563,5.612287628404919,0.42922245613213583,0.5628713130786486,True,H_axis_applicability_bound
