paper_id,panel,series,temperature_K,field_T,Jc_A_per_cm2,px,py,n_pixels
10.1016/j.mtphys.2022.100783,Fig. 6(b),4.2K,4.2,0.001799,98333.326,31.0,23.0,1
10.1016/j.mtphys.2022.100783,Fig. 6(b),4.2K,4.2,0.01259,98333.326,32.0,23.0,1
10.1016/j.mtphys.2022.100783,Fig. 6(b),4.2K,4.2,0.023381,84174.875,33.0,41.5,20
10.1016/j.mtphys.2022.100783,Fig. 6(b),4.2K,4.2,0.034173,83821.932,34.0,42.0,21
10.1016/j.mtphys.2022.100783,Fig. 6(b),4.2K,4.2,0.044964,83821.932,35.0,42.0,21
10.1016/j.mtphys.2022.100783,Fig. 6(b),4.2K,4.2,0.055755,83470.468,36.0,42.5,22
10.1016/j.mtphys.2022.100783,Fig. 6(b),4.2K,4.2,0.066547,98333.326,37.0,23.0,1
10.1016/j.mtphys.2022.100783,Fig. 6(b),4.2K,4.2,0.077338,98333.326,38.0,23.0,1
10.1016/j.mtphys.2022.100783,Fig. 6(b),4.2K,4.2,0.088129,98333.326,39.0,23.0,1
10.1016/j.mtphys.2022.100783,Fig. 6(b),4.2K,4.2,0.098921,98333.326,40.0,23.0,1
10.1016/j.mtphys.2022.100783,Fig. 6(b),4.2K,4.2,0.109712,98333.326,41.0,23.0,1
10.1016/j.mtphys.2022.100783,Fig. 6(b),4.2K,4.2,0.120504,98333.326,42.0,23.0,1
10.1016/j.mtphys.2022.100783,Fig. 6(b),4.2K,4.2,0.131295,80711.293,43.0,46.5,25
10.1016/j.mtphys.2022.100783,Fig. 6(b),4.2K,4.2,0.142086,80711.293,44.0,46.5,25
10.1016/j.mtphys.2022.100783,Fig. 6(b),4.2K,4.2,0.152878,80035.87,45.0,47.5,25
10.1016/j.mtphys.2022.100783,Fig. 6(b),4.2K,4.2,0.163669,79700.281,46.0,48.0,26
10.1016/j.mtphys.2022.100783,Fig. 6(b),4.2K,4.2,0.17446,78371.938,47.0,50.0,26
10.1016/j.mtphys.2022.100783,Fig. 6(b),4.2K,4.2,0.185252,78371.938,48.0,50.0,26
10.1016/j.mtphys.2022.100783,Fig. 6(b),4.2K,4.2,0.196043,77065.733,49.0,52.0,28
10.1016/j.mtphys.2022.100783,Fig. 6(b),4.2K,4.2,0.206835,76100.386,50.0,53.5,28
10.1016/j.mtphys.2022.100783,Fig. 6(b),4.2K,4.2,0.217626,75781.299,51.0,54.0,24
10.1016/j.mtphys.2022.100783,Fig. 6(b),4.2K,4.2,0.228417,76742.598,52.0,52.5,14
10.1016/j.mtphys.2022.100783,Fig. 6(b),4.2K,4.2,0.239209,76420.817,53.0,53.0,13
10.1016/j.mtphys.2022.100783,Fig. 6(b),4.2K,4.2,0.25,76100.386,54.0,53.5,13
10.1016/j.mtphys.2022.100783,Fig. 6(b),4.2K,4.2,0.260791,75781.299,55.0,54.0,12
10.1016/j.mtphys.2022.100783,Fig. 6(b),4.2K,4.2,0.271583,75463.549,56.0,54.5,11
10.1016/j.mtphys.2022.100783,Fig. 6(b),4.2K,4.2,0.282374,74832.041,57.0,55.5,9
10.1016/j.mtphys.2022.100783,Fig. 6(b),4.2K,4.2,0.293165,74205.818,58.0,56.5,7
10.1016/j.mtphys.2022.100783,Fig. 6(b),4.2K,4.2,0.303957,73894.674,59.0,57.0,6
10.1016/j.mtphys.2022.100783,Fig. 6(b),4.2K,4.2,0.314748,73584.835,60.0,57.5,5
10.1016/j.mtphys.2022.100783,Fig. 6(b),4.2K,4.2,0.32554,72969.049,61.0,58.5,5
10.1016/j.mtphys.2022.100783,Fig. 6(b),4.2K,4.2,0.336331,72663.091,62.0,59.0,5
10.1016/j.mtphys.2022.100783,Fig. 6(b),4.2K,4.2,0.347122,71452.034,63.0,61.0,5
10.1016/j.mtphys.2022.100783,Fig. 6(b),4.2K,4.2,0.357914,68224.695,64.0,66.5,10
10.1016/j.mtphys.2022.100783,Fig. 6(b),4.2K,4.2,0.368705,67938.631,65.0,67.0,13
10.1016/j.mtphys.2022.100783,Fig. 6(b),4.2K,4.2,0.379496,64597.986,66.0,73.0,1
10.1016/j.mtphys.2022.100783,Fig. 6(b),4.2K,4.2,0.390288,64597.986,67.0,73.0,1
10.1016/j.mtphys.2022.100783,Fig. 6(b),4.2K,4.2,0.401079,64597.986,68.0,73.0,1
10.1016/j.mtphys.2022.100783,Fig. 6(b),4.2K,4.2,0.411871,64597.986,69.0,73.0,1
10.1016/j.mtphys.2022.100783,Fig. 6(b),4.2K,4.2,0.422662,64597.986,70.0,73.0,1
10.1016/j.mtphys.2022.100783,Fig. 6(b),4.2K,4.2,0.433453,64597.986,71.0,73.0,1
10.1016/j.mtphys.2022.100783,Fig. 6(b),4.2K,4.2,0.444245,64597.986,72.0,73.0,1
10.1016/j.mtphys.2022.100783,Fig. 6(b),4.2K,4.2,0.455036,62200.75,73.0,77.5,5
10.1016/j.mtphys.2022.100783,Fig. 6(b),4.2K,4.2,0.465827,62200.75,74.0,77.5,10
10.1016/j.mtphys.2022.100783,Fig. 6(b),4.2K,4.2,0.476619,59892.475,75.0,82.0,1
10.1016/j.mtphys.2022.100783,Fig. 6(b),4.2K,4.2,0.48741,59892.475,76.0,82.0,1
10.1016/j.mtphys.2022.100783,Fig. 6(b),4.2K,4.2,0.498201,59892.475,77.0,82.0,1
10.1016/j.mtphys.2022.100783,Fig. 6(b),4.2K,4.2,0.508993,59892.475,78.0,82.0,1
10.1016/j.mtphys.2022.100783,Fig. 6(b),4.2K,4.2,0.519784,59892.475,79.0,82.0,1
10.1016/j.mtphys.2022.100783,Fig. 6(b),4.2K,4.2,0.530576,59892.475,80.0,82.0,1
10.1016/j.mtphys.2022.100783,Fig. 6(b),4.2K,4.2,0.541367,59892.475,81.0,82.0,1
10.1016/j.mtphys.2022.100783,Fig. 6(b),4.2K,4.2,0.552158,59892.475,82.0,82.0,1
10.1016/j.mtphys.2022.100783,Fig. 6(b),4.2K,4.2,0.56295,57428.052,83.0,87.0,11
10.1016/j.mtphys.2022.100783,Fig. 6(b),4.2K,4.2,0.573741,55296.893,84.0,91.5,2
10.1016/j.mtphys.2022.100783,Fig. 6(b),4.2K,4.2,0.584532,55065.034,85.0,92.0,1
10.1016/j.mtphys.2022.100783,Fig. 6(b),4.2K,4.2,0.595324,55065.034,86.0,92.0,1
10.1016/j.mtphys.2022.100783,Fig. 6(b),4.2K,4.2,0.606115,55065.034,87.0,92.0,1
10.1016/j.mtphys.2022.100783,Fig. 6(b),4.2K,4.2,0.616906,50203.03,88.0,103.0,14
10.1016/j.mtphys.2022.100783,Fig. 6(b),4.2K,4.2,0.627698,55065.034,89.0,92.0,1
10.1016/j.mtphys.2022.100783,Fig. 6(b),4.2K,4.2,0.638489,55065.034,90.0,92.0,1
10.1016/j.mtphys.2022.100783,Fig. 6(b),4.2K,4.2,0.649281,53021.567,91.0,96.5,3
10.1016/j.mtphys.2022.100783,Fig. 6(b),4.2K,4.2,0.660072,53244.821,92.0,96.0,9
10.1016/j.mtphys.2022.100783,Fig. 6(b),4.2K,4.2,0.670863,51701.56,93.0,99.5,2
10.1016/j.mtphys.2022.100783,Fig. 6(b),4.2K,4.2,0.681655,51268.902,94.0,100.5,2
10.1016/j.mtphys.2022.100783,Fig. 6(b),4.2K,4.2,0.692446,51053.932,95.0,101.0,1
10.1016/j.mtphys.2022.100783,Fig. 6(b),4.2K,4.2,0.703237,51053.932,96.0,101.0,1
10.1016/j.mtphys.2022.100783,Fig. 6(b),4.2K,4.2,0.714029,45387.296,97.0,115.0,15
10.1016/j.mtphys.2022.100783,Fig. 6(b),4.2K,4.2,0.72482,48137.303,98.0,108.0,1
10.1016/j.mtphys.2022.100783,Fig. 6(b),4.2K,4.2,0.735612,48137.303,99.0,108.0,1
10.1016/j.mtphys.2022.100783,Fig. 6(b),4.2K,4.2,0.746403,49574.173,100.0,104.5,2
10.1016/j.mtphys.2022.100783,Fig. 6(b),4.2K,4.2,0.757194,49574.173,101.0,104.5,3
10.1016/j.mtphys.2022.100783,Fig. 6(b),4.2K,4.2,0.767986,49574.173,102.0,104.5,8
10.1016/j.mtphys.2022.100783,Fig. 6(b),4.2K,4.2,0.778777,48137.303,103.0,108.0,1
10.1016/j.mtphys.2022.100783,Fig. 6(b),4.2K,4.2,0.789568,48137.303,104.0,108.0,1
10.1016/j.mtphys.2022.100783,Fig. 6(b),4.2K,4.2,0.80036,48137.303,105.0,108.0,1
10.1016/j.mtphys.2022.100783,Fig. 6(b),4.2K,4.2,0.811151,44071.779,106.0,118.5,16
10.1016/j.mtphys.2022.100783,Fig. 6(b),4.2K,4.2,0.821942,46546.091,107.0,112.0,4
10.1016/j.mtphys.2022.100783,Fig. 6(b),4.2K,4.2,0.832734,46938.893,108.0,111.0,2
10.1016/j.mtphys.2022.100783,Fig. 6(b),4.2K,4.2,0.843525,46938.893,109.0,111.0,3
10.1016/j.mtphys.2022.100783,Fig. 6(b),4.2K,4.2,0.854317,46938.893,110.0,111.0,7
10.1016/j.mtphys.2022.100783,Fig. 6(b),4.2K,4.2,0.865108,46742.079,111.0,111.5,4
10.1016/j.mtphys.2022.100783,Fig. 6(b),4.2K,4.2,0.875899,45770.319,112.0,114.0,1
10.1016/j.mtphys.2022.100783,Fig. 6(b),4.2K,4.2,0.886691,45770.319,113.0,114.0,1
10.1016/j.mtphys.2022.100783,Fig. 6(b),4.2K,4.2,0.897482,45770.319,114.0,114.0,1
10.1016/j.mtphys.2022.100783,Fig. 6(b),4.2K,4.2,0.908273,42081.149,115.0,124.0,15
10.1016/j.mtphys.2022.100783,Fig. 6(b),4.2K,4.2,0.919065,44257.35,116.0,118.0,3
10.1016/j.mtphys.2022.100783,Fig. 6(b),4.2K,4.2,0.929856,44443.701,117.0,117.5,2
10.1016/j.mtphys.2022.100783,Fig. 6(b),4.2K,4.2,0.940647,44443.701,118.0,117.5,2
10.1016/j.mtphys.2022.100783,Fig. 6(b),4.2K,4.2,0.951439,44443.701,119.0,117.5,6
10.1016/j.mtphys.2022.100783,Fig. 6(b),4.2K,4.2,0.96223,44443.701,120.0,117.5,8
10.1016/j.mtphys.2022.100783,Fig. 6(b),4.2K,4.2,0.973022,43337.246,121.0,120.5,2
10.1016/j.mtphys.2022.100783,Fig. 6(b),4.2K,4.2,0.983813,43337.246,122.0,120.5,2
10.1016/j.mtphys.2022.100783,Fig. 6(b),4.2K,4.2,0.994604,43155.534,123.0,121.0,1
10.1016/j.mtphys.2022.100783,Fig. 6(b),4.2K,4.2,1.005396,43155.534,124.0,121.0,1
10.1016/j.mtphys.2022.100783,Fig. 6(b),4.2K,4.2,1.016187,40011.956,125.0,130.0,15
10.1016/j.mtphys.2022.100783,Fig. 6(b),4.2K,4.2,1.026978,42258.338,126.0,123.5,3
10.1016/j.mtphys.2022.100783,Fig. 6(b),4.2K,4.2,1.03777,42436.272,127.0,123.0,2
10.1016/j.mtphys.2022.100783,Fig. 6(b),4.2K,4.2,1.048561,42436.272,128.0,123.0,2
10.1016/j.mtphys.2022.100783,Fig. 6(b),4.2K,4.2,1.059353,42436.272,129.0,123.0,5
10.1016/j.mtphys.2022.100783,Fig. 6(b),4.2K,4.2,1.070144,41904.704,130.0,124.5,2
10.1016/j.mtphys.2022.100783,Fig. 6(b),4.2K,4.2,1.080935,41728.998,131.0,125.0,1
10.1016/j.mtphys.2022.100783,Fig. 6(b),4.2K,4.2,1.091727,36941.817,132.0,139.5,2
10.1016/j.mtphys.2022.100783,Fig. 6(b),4.2K,4.2,1.102518,36941.817,133.0,139.5,2
10.1016/j.mtphys.2022.100783,Fig. 6(b),4.2K,4.2,1.113309,37097.365,134.0,139.0,5
10.1016/j.mtphys.2022.100783,Fig. 6(b),4.2K,4.2,1.124101,40690.128,135.0,128.0,3
10.1016/j.mtphys.2022.100783,Fig. 6(b),4.2K,4.2,1.134892,40861.459,136.0,127.5,2
10.1016/j.mtphys.2022.100783,Fig. 6(b),4.2K,4.2,1.145683,40690.128,137.0,128.0,2
10.1016/j.mtphys.2022.100783,Fig. 6(b),4.2K,4.2,1.156475,40690.128,138.0,128.0,5
10.1016/j.mtphys.2022.100783,Fig. 6(b),4.2K,4.2,1.167266,40349.617,139.0,129.0,3
10.1016/j.mtphys.2022.100783,Fig. 6(b),4.2K,4.2,1.178058,40349.617,140.0,129.0,1
10.1016/j.mtphys.2022.100783,Fig. 6(b),4.2K,4.2,1.188849,40011.956,141.0,130.0,1
10.1016/j.mtphys.2022.100783,Fig. 6(b),4.2K,4.2,1.19964,40011.956,142.0,130.0,1
10.1016/j.mtphys.2022.100783,Fig. 6(b),4.2K,4.2,1.210432,36786.92,143.0,140.0,15
10.1016/j.mtphys.2022.100783,Fig. 6(b),4.2K,4.2,1.221223,37253.569,144.0,138.5,16
10.1016/j.mtphys.2022.100783,Fig. 6(b),4.2K,4.2,1.232014,39345.087,145.0,132.0,2
10.1016/j.mtphys.2022.100783,Fig. 6(b),4.2K,4.2,1.242806,39345.087,146.0,132.0,3
10.1016/j.mtphys.2022.100783,Fig. 6(b),4.2K,4.2,1.253597,39510.755,147.0,131.5,3
10.1016/j.mtphys.2022.100783,Fig. 6(b),4.2K,4.2,1.264388,39510.755,148.0,131.5,4
10.1016/j.mtphys.2022.100783,Fig. 6(b),4.2K,4.2,1.27518,39015.832,149.0,133.0,3
10.1016/j.mtphys.2022.100783,Fig. 6(b),4.2K,4.2,1.285971,38689.333,150.0,134.0,1
10.1016/j.mtphys.2022.100783,Fig. 6(b),4.2K,4.2,1.296763,38689.333,151.0,134.0,1
10.1016/j.mtphys.2022.100783,Fig. 6(b),4.2K,4.2,1.307554,36022.126,152.0,142.5,12
10.1016/j.mtphys.2022.100783,Fig. 6(b),4.2K,4.2,1.318345,36022.126,153.0,142.5,9
10.1016/j.mtphys.2022.100783,Fig. 6(b),4.2K,4.2,1.329137,38044.508,154.0,136.0,3
10.1016/j.mtphys.2022.100783,Fig. 6(b),4.2K,4.2,1.339928,37567.952,155.0,137.5,2
10.1016/j.mtphys.2022.100783,Fig. 6(b),4.2K,4.2,1.350719,38044.508,156.0,136.0,4
10.1016/j.mtphys.2022.100783,Fig. 6(b),4.2K,4.2,1.361511,38044.508,157.0,136.0,5
10.1016/j.mtphys.2022.100783,Fig. 6(b),4.2K,4.2,1.372302,37884.988,158.0,136.5,4
10.1016/j.mtphys.2022.100783,Fig. 6(b),4.2K,4.2,1.383094,37726.137,159.0,137.0,3
10.1016/j.mtphys.2022.100783,Fig. 6(b),4.2K,4.2,1.393885,37567.952,160.0,137.5,2
10.1016/j.mtphys.2022.100783,Fig. 6(b),4.2K,4.2,1.404676,35125.332,161.0,145.5,14
10.1016/j.mtphys.2022.100783,Fig. 6(b),4.2K,4.2,1.415468,35125.332,162.0,145.5,8
10.1016/j.mtphys.2022.100783,Fig. 6(b),4.2K,4.2,1.426259,37097.365,163.0,139.0,3
10.1016/j.mtphys.2022.100783,Fig. 6(b),4.2K,4.2,1.43705,37097.365,164.0,139.0,3
10.1016/j.mtphys.2022.100783,Fig. 6(b),4.2K,4.2,1.447842,37097.365,165.0,139.0,4
10.1016/j.mtphys.2022.100783,Fig. 6(b),4.2K,4.2,1.458633,37097.365,166.0,139.0,5
10.1016/j.mtphys.2022.100783,Fig. 6(b),4.2K,4.2,1.469424,37097.365,167.0,139.0,5
10.1016/j.mtphys.2022.100783,Fig. 6(b),4.2K,4.2,1.480216,36479.073,168.0,141.0,1
10.1016/j.mtphys.2022.100783,Fig. 6(b),4.2K,4.2,1.491007,36479.073,169.0,141.0,1
10.1016/j.mtphys.2022.100783,Fig. 6(b),4.2K,4.2,1.501799,36479.073,170.0,141.0,1
10.1016/j.mtphys.2022.100783,Fig. 6(b),4.2K,4.2,1.51259,34250.864,171.0,148.5,14
10.1016/j.mtphys.2022.100783,Fig. 6(b),4.2K,4.2,1.523381,34107.251,172.0,149.0,15
10.1016/j.mtphys.2022.100783,Fig. 6(b),4.2K,4.2,1.534173,36173.802,173.0,142.0,3
10.1016/j.mtphys.2022.100783,Fig. 6(b),4.2K,4.2,1.544964,36173.802,174.0,142.0,3
10.1016/j.mtphys.2022.100783,Fig. 6(b),4.2K,4.2,1.555755,36173.802,175.0,142.0,3
10.1016/j.mtphys.2022.100783,Fig. 6(b),4.2K,4.2,1.566547,36022.126,176.0,142.5,2
10.1016/j.mtphys.2022.100783,Fig. 6(b),4.2K,4.2,1.577338,36022.126,177.0,142.5,2
10.1016/j.mtphys.2022.100783,Fig. 6(b),4.2K,4.2,1.588129,35871.086,178.0,143.0,1
10.1016/j.mtphys.2022.100783,Fig. 6(b),4.2K,4.2,1.598921,35871.086,179.0,143.0,1
10.1016/j.mtphys.2022.100783,Fig. 6(b),4.2K,4.2,1.609712,33538.794,180.0,151.0,14
10.1016/j.mtphys.2022.100783,Fig. 6(b),4.2K,4.2,1.620504,35273.232,181.0,145.0,5
10.1016/j.mtphys.2022.100783,Fig. 6(b),4.2K,4.2,1.631295,35421.755,182.0,144.5,4
10.1016/j.mtphys.2022.100783,Fig. 6(b),4.2K,4.2,1.642086,35421.755,183.0,144.5,4
10.1016/j.mtphys.2022.100783,Fig. 6(b),4.2K,4.2,1.652878,35421.755,184.0,144.5,4
10.1016/j.mtphys.2022.100783,Fig. 6(b),4.2K,4.2,1.663669,35421.755,185.0,144.5,4
10.1016/j.mtphys.2022.100783,Fig. 6(b),4.2K,4.2,1.67446,35125.332,186.0,145.5,2
10.1016/j.mtphys.2022.100783,Fig. 6(b),4.2K,4.2,1.685252,34978.052,187.0,146.0,1
10.1016/j.mtphys.2022.100783,Fig. 6(b),4.2K,4.2,1.696043,34978.052,188.0,146.0,1
10.1016/j.mtphys.2022.100783,Fig. 6(b),4.2K,4.2,1.706835,34978.052,189.0,146.0,1
10.1016/j.mtphys.2022.100783,Fig. 6(b),4.2K,4.2,1.717626,32703.824,190.0,154.0,17
10.1016/j.mtphys.2022.100783,Fig. 6(b),4.2K,4.2,1.728417,34685.342,191.0,147.0,3
10.1016/j.mtphys.2022.100783,Fig. 6(b),4.2K,4.2,1.739209,34685.342,192.0,147.0,3
10.1016/j.mtphys.2022.100783,Fig. 6(b),4.2K,4.2,1.75,34685.342,193.0,147.0,3
10.1016/j.mtphys.2022.100783,Fig. 6(b),4.2K,4.2,1.760791,34685.342,194.0,147.0,3
10.1016/j.mtphys.2022.100783,Fig. 6(b),4.2K,4.2,1.771583,34685.342,195.0,147.0,3
10.1016/j.mtphys.2022.100783,Fig. 6(b),4.2K,4.2,1.782374,34539.907,196.0,147.5,2
10.1016/j.mtphys.2022.100783,Fig. 6(b),4.2K,4.2,1.793165,34539.907,197.0,147.5,2
10.1016/j.mtphys.2022.100783,Fig. 6(b),4.2K,4.2,1.803957,34395.082,198.0,148.0,3
10.1016/j.mtphys.2022.100783,Fig. 6(b),4.2K,4.2,1.814748,32158.758,199.0,156.0,13
10.1016/j.mtphys.2022.100783,Fig. 6(b),4.2K,4.2,1.82554,33821.828,200.0,150.0,5
10.1016/j.mtphys.2022.100783,Fig. 6(b),4.2K,4.2,1.836331,33964.24,201.0,149.5,4
10.1016/j.mtphys.2022.100783,Fig. 6(b),4.2K,4.2,1.847122,33964.24,202.0,149.5,4
10.1016/j.mtphys.2022.100783,Fig. 6(b),4.2K,4.2,1.857914,34107.251,203.0,149.0,3
10.1016/j.mtphys.2022.100783,Fig. 6(b),4.2K,4.2,1.868705,34107.251,204.0,149.0,3
10.1016/j.mtphys.2022.100783,Fig. 6(b),4.2K,4.2,1.879496,33964.24,205.0,149.5,2
10.1016/j.mtphys.2022.100783,Fig. 6(b),4.2K,4.2,1.890288,33538.794,206.0,151.0,1
10.1016/j.mtphys.2022.100783,Fig. 6(b),4.2K,4.2,1.901079,33538.794,207.0,151.0,1
10.1016/j.mtphys.2022.100783,Fig. 6(b),4.2K,4.2,1.911871,31490.183,208.0,158.5,16
10.1016/j.mtphys.2022.100783,Fig. 6(b),4.2K,4.2,1.922662,31490.183,209.0,158.5,16
10.1016/j.mtphys.2022.100783,Fig. 6(b),4.2K,4.2,1.933453,33258.129,210.0,152.0,3
10.1016/j.mtphys.2022.100783,Fig. 6(b),4.2K,4.2,1.944245,33398.167,211.0,151.5,4
10.1016/j.mtphys.2022.100783,Fig. 6(b),4.2K,4.2,1.955036,33398.167,212.0,151.5,4
10.1016/j.mtphys.2022.100783,Fig. 6(b),4.2K,4.2,1.965827,33398.167,213.0,151.5,4
10.1016/j.mtphys.2022.100783,Fig. 6(b),4.2K,4.2,1.976619,33118.678,214.0,152.5,2
10.1016/j.mtphys.2022.100783,Fig. 6(b),4.2K,4.2,1.98741,32979.812,215.0,153.0,1
10.1016/j.mtphys.2022.100783,Fig. 6(b),4.2K,4.2,1.998201,32979.812,216.0,153.0,1
10.1016/j.mtphys.2022.100783,Fig. 6(b),4.2K,4.2,2.008993,32841.528,217.0,153.5,2
10.1016/j.mtphys.2022.100783,Fig. 6(b),4.2K,4.2,2.019784,30965.344,218.0,160.5,16
10.1016/j.mtphys.2022.100783,Fig. 6(b),4.2K,4.2,2.030576,32841.528,219.0,153.5,2
10.1016/j.mtphys.2022.100783,Fig. 6(b),4.2K,4.2,2.041367,32841.528,220.0,153.5,2
10.1016/j.mtphys.2022.100783,Fig. 6(b),4.2K,4.2,2.052158,32841.528,221.0,153.5,2
10.1016/j.mtphys.2022.100783,Fig. 6(b),4.2K,4.2,2.06295,32841.528,222.0,153.5,2
10.1016/j.mtphys.2022.100783,Fig. 6(b),4.2K,4.2,2.073741,32841.528,223.0,153.5,2
10.1016/j.mtphys.2022.100783,Fig. 6(b),4.2K,4.2,2.084532,32703.824,224.0,154.0,1
10.1016/j.mtphys.2022.100783,Fig. 6(b),4.2K,4.2,2.095324,32703.824,225.0,154.0,1
10.1016/j.mtphys.2022.100783,Fig. 6(b),4.2K,4.2,2.106115,32566.698,226.0,154.5,2
10.1016/j.mtphys.2022.100783,Fig. 6(b),4.2K,4.2,2.116906,30577.464,227.0,162.0,16
10.1016/j.mtphys.2022.100783,Fig. 6(b),4.2K,4.2,2.127698,32430.146,228.0,155.0,3
10.1016/j.mtphys.2022.100783,Fig. 6(b),4.2K,4.2,2.138489,32430.146,229.0,155.0,3
10.1016/j.mtphys.2022.100783,Fig. 6(b),4.2K,4.2,2.149281,32430.146,230.0,155.0,3
10.1016/j.mtphys.2022.100783,Fig. 6(b),4.2K,4.2,2.160072,32430.146,231.0,155.0,3
10.1016/j.mtphys.2022.100783,Fig. 6(b),4.2K,4.2,2.170863,32294.167,232.0,155.5,2
10.1016/j.mtphys.2022.100783,Fig. 6(b),4.2K,4.2,2.181655,32294.167,233.0,155.5,2
10.1016/j.mtphys.2022.100783,Fig. 6(b),4.2K,4.2,2.192446,32158.758,234.0,156.0,1
10.1016/j.mtphys.2022.100783,Fig. 6(b),4.2K,4.2,2.203237,32158.758,235.0,156.0,1
10.1016/j.mtphys.2022.100783,Fig. 6(b),4.2K,4.2,2.214029,30194.442,236.0,163.5,16
10.1016/j.mtphys.2022.100783,Fig. 6(b),4.2K,4.2,2.22482,31889.641,237.0,157.0,3
10.1016/j.mtphys.2022.100783,Fig. 6(b),4.2K,4.2,2.235612,32023.917,238.0,156.5,2
10.1016/j.mtphys.2022.100783,Fig. 6(b),4.2K,4.2,2.246403,32023.917,239.0,156.5,2
10.1016/j.mtphys.2022.100783,Fig. 6(b),4.2K,4.2,2.257194,32023.917,240.0,156.5,2
10.1016/j.mtphys.2022.100783,Fig. 6(b),4.2K,4.2,2.267986,32023.917,241.0,156.5,2
10.1016/j.mtphys.2022.100783,Fig. 6(b),4.2K,4.2,2.278777,32023.917,242.0,156.5,2
10.1016/j.mtphys.2022.100783,Fig. 6(b),4.2K,4.2,2.289568,31889.641,243.0,157.0,1
10.1016/j.mtphys.2022.100783,Fig. 6(b),4.2K,4.2,2.30036,31889.641,244.0,157.0,1
10.1016/j.mtphys.2022.100783,Fig. 6(b),4.2K,4.2,2.311151,29816.218,245.0,165.0,14
10.1016/j.mtphys.2022.100783,Fig. 6(b),4.2K,4.2,2.321942,29816.218,246.0,165.0,14
10.1016/j.mtphys.2022.100783,Fig. 6(b),4.2K,4.2,2.332734,31490.183,247.0,158.5,4
10.1016/j.mtphys.2022.100783,Fig. 6(b),4.2K,4.2,2.343525,31622.777,248.0,158.0,3
10.1016/j.mtphys.2022.100783,Fig. 6(b),4.2K,4.2,2.354317,31622.777,249.0,158.0,3
10.1016/j.mtphys.2022.100783,Fig. 6(b),4.2K,4.2,2.365108,31490.183,250.0,158.5,2
10.1016/j.mtphys.2022.100783,Fig. 6(b),4.2K,4.2,2.375899,31490.183,251.0,158.5,2
10.1016/j.mtphys.2022.100783,Fig. 6(b),4.2K,4.2,2.386691,31226.661,252.0,159.5,2
10.1016/j.mtphys.2022.100783,Fig. 6(b),4.2K,4.2,2.397482,31226.661,253.0,159.5,2
10.1016/j.mtphys.2022.100783,Fig. 6(b),4.2K,4.2,2.408273,31226.661,254.0,159.5,2
10.1016/j.mtphys.2022.100783,Fig. 6(b),4.2K,4.2,2.419065,29442.732,255.0,166.5,16
10.1016/j.mtphys.2022.100783,Fig. 6(b),4.2K,4.2,2.429856,31095.728,256.0,160.0,3
10.1016/j.mtphys.2022.100783,Fig. 6(b),4.2K,4.2,2.440647,31095.728,257.0,160.0,3
10.1016/j.mtphys.2022.100783,Fig. 6(b),4.2K,4.2,2.451439,31095.728,258.0,160.0,3
10.1016/j.mtphys.2022.100783,Fig. 6(b),4.2K,4.2,2.46223,31095.728,259.0,160.0,3
10.1016/j.mtphys.2022.100783,Fig. 6(b),4.2K,4.2,2.473022,31095.728,260.0,160.0,3
10.1016/j.mtphys.2022.100783,Fig. 6(b),4.2K,4.2,2.483813,6793.863,261.0,341.0,1
10.1016/j.mtphys.2022.100783,Fig. 6(b),4.2K,4.2,2.494604,30835.507,262.0,161.0,1
10.1016/j.mtphys.2022.100783,Fig. 6(b),4.2K,4.2,2.505396,29196.344,263.0,167.5,16
10.1016/j.mtphys.2022.100783,Fig. 6(b),4.2K,4.2,2.516187,29196.344,264.0,167.5,16
10.1016/j.mtphys.2022.100783,Fig. 6(b),4.2K,4.2,2.526978,30577.464,265.0,162.0,5
10.1016/j.mtphys.2022.100783,Fig. 6(b),4.2K,4.2,2.53777,30965.344,266.0,160.5,2
10.1016/j.mtphys.2022.100783,Fig. 6(b),4.2K,4.2,2.548561,30965.344,267.0,160.5,2
10.1016/j.mtphys.2022.100783,Fig. 6(b),4.2K,4.2,2.559353,30835.507,268.0,161.0,1
10.1016/j.mtphys.2022.100783,Fig. 6(b),4.2K,4.2,2.570144,30835.507,269.0,161.0,1
10.1016/j.mtphys.2022.100783,Fig. 6(b),4.2K,4.2,2.580935,30835.507,270.0,161.0,1
10.1016/j.mtphys.2022.100783,Fig. 6(b),4.2K,4.2,2.591727,30835.507,271.0,161.0,1
10.1016/j.mtphys.2022.100783,Fig. 6(b),4.2K,4.2,2.602518,30706.214,272.0,161.5,2
10.1016/j.mtphys.2022.100783,Fig. 6(b),4.2K,4.2,2.613309,28952.017,273.0,168.5,16
10.1016/j.mtphys.2022.100783,Fig. 6(b),4.2K,4.2,2.624101,30577.464,274.0,162.0,3
10.1016/j.mtphys.2022.100783,Fig. 6(b),4.2K,4.2,2.634892,30577.464,275.0,162.0,3
10.1016/j.mtphys.2022.100783,Fig. 6(b),4.2K,4.2,2.645683,30577.464,276.0,162.0,3
10.1016/j.mtphys.2022.100783,Fig. 6(b),4.2K,4.2,2.656475,30577.464,277.0,162.0,3
10.1016/j.mtphys.2022.100783,Fig. 6(b),4.2K,4.2,2.667266,30577.464,278.0,162.0,3
10.1016/j.mtphys.2022.100783,Fig. 6(b),4.2K,4.2,2.678058,30449.253,279.0,162.5,2
10.1016/j.mtphys.2022.100783,Fig. 6(b),4.2K,4.2,2.688849,30321.58,280.0,163.0,1
10.1016/j.mtphys.2022.100783,Fig. 6(b),4.2K,4.2,2.69964,30321.58,281.0,163.0,1
10.1016/j.mtphys.2022.100783,Fig. 6(b),4.2K,4.2,2.710432,30194.442,282.0,163.5,2
10.1016/j.mtphys.2022.100783,Fig. 6(b),4.2K,4.2,2.721223,28589.356,283.0,170.0,15
10.1016/j.mtphys.2022.100783,Fig. 6(b),4.2K,4.2,2.732014,30194.442,284.0,163.5,2
10.1016/j.mtphys.2022.100783,Fig. 6(b),4.2K,4.2,2.742806,30321.58,285.0,163.0,1
10.1016/j.mtphys.2022.100783,Fig. 6(b),4.2K,4.2,2.753597,30321.58,286.0,163.0,1
10.1016/j.mtphys.2022.100783,Fig. 6(b),4.2K,4.2,2.764388,30321.58,287.0,163.0,1
10.1016/j.mtphys.2022.100783,Fig. 6(b),4.2K,4.2,2.77518,30194.442,288.0,163.5,2
10.1016/j.mtphys.2022.100783,Fig. 6(b),4.2K,4.2,2.785971,30321.58,289.0,163.0,1
10.1016/j.mtphys.2022.100783,Fig. 6(b),4.2K,4.2,2.796763,30321.58,290.0,163.0,1
10.1016/j.mtphys.2022.100783,Fig. 6(b),4.2K,4.2,2.807554,28350.11,291.0,171.0,14
10.1016/j.mtphys.2022.100783,Fig. 6(b),4.2K,4.2,2.818345,28350.11,292.0,171.0,15
10.1016/j.mtphys.2022.100783,Fig. 6(b),4.2K,4.2,2.829137,30067.837,293.0,164.0,3
10.1016/j.mtphys.2022.100783,Fig. 6(b),4.2K,4.2,2.839928,30194.442,294.0,163.5,2
10.1016/j.mtphys.2022.100783,Fig. 6(b),4.2K,4.2,2.850719,30194.442,295.0,163.5,2
10.1016/j.mtphys.2022.100783,Fig. 6(b),4.2K,4.2,2.861511,30067.837,296.0,164.0,1
10.1016/j.mtphys.2022.100783,Fig. 6(b),4.2K,4.2,2.872302,30067.837,297.0,164.0,1
10.1016/j.mtphys.2022.100783,Fig. 6(b),4.2K,4.2,2.883094,30067.837,298.0,164.0,1
10.1016/j.mtphys.2022.100783,Fig. 6(b),4.2K,4.2,2.893885,30067.837,299.0,164.0,1
10.1016/j.mtphys.2022.100783,Fig. 6(b),4.2K,4.2,2.904676,29941.763,300.0,164.5,2
10.1016/j.mtphys.2022.100783,Fig. 6(b),4.2K,4.2,2.915468,28231.238,301.0,171.5,16
10.1016/j.mtphys.2022.100783,Fig. 6(b),4.2K,4.2,2.926259,29816.218,302.0,165.0,3
10.1016/j.mtphys.2022.100783,Fig. 6(b),4.2K,4.2,2.93705,29816.218,303.0,165.0,3
10.1016/j.mtphys.2022.100783,Fig. 6(b),4.2K,4.2,2.947842,29816.218,304.0,165.0,3
10.1016/j.mtphys.2022.100783,Fig. 6(b),4.2K,4.2,2.958633,29816.218,305.0,165.0,3
10.1016/j.mtphys.2022.100783,Fig. 6(b),4.2K,4.2,2.969424,29816.218,306.0,165.0,3
10.1016/j.mtphys.2022.100783,Fig. 6(b),4.2K,4.2,2.980216,29691.199,307.0,165.5,2
10.1016/j.mtphys.2022.100783,Fig. 6(b),4.2K,4.2,2.991007,29566.704,308.0,166.0,1
10.1016/j.mtphys.2022.100783,Fig. 6(b),4.2K,4.2,3.001799,29566.704,309.0,166.0,1
10.1016/j.mtphys.2022.100783,Fig. 6(b),4.2K,4.2,3.01259,27994.988,310.0,172.5,14
10.1016/j.mtphys.2022.100783,Fig. 6(b),4.2K,4.2,3.023381,29691.199,311.0,165.5,2
10.1016/j.mtphys.2022.100783,Fig. 6(b),4.2K,4.2,3.034173,29691.199,312.0,165.5,2
10.1016/j.mtphys.2022.100783,Fig. 6(b),4.2K,4.2,3.044964,29691.199,313.0,165.5,2
10.1016/j.mtphys.2022.100783,Fig. 6(b),4.2K,4.2,3.055755,29566.704,314.0,166.0,1
10.1016/j.mtphys.2022.100783,Fig. 6(b),4.2K,4.2,3.066547,29566.704,315.0,166.0,1
10.1016/j.mtphys.2022.100783,Fig. 6(b),4.2K,4.2,3.077338,29566.704,316.0,166.0,1
10.1016/j.mtphys.2022.100783,Fig. 6(b),4.2K,4.2,3.088129,29566.704,317.0,166.0,1
10.1016/j.mtphys.2022.100783,Fig. 6(b),4.2K,4.2,3.098921,29566.704,318.0,166.0,1
10.1016/j.mtphys.2022.100783,Fig. 6(b),4.2K,4.2,3.109712,29566.704,319.0,166.0,1
10.1016/j.mtphys.2022.100783,Fig. 6(b),4.2K,4.2,3.120504,27760.716,320.0,173.5,16
10.1016/j.mtphys.2022.100783,Fig. 6(b),4.2K,4.2,3.131295,29319.279,321.0,167.0,3
10.1016/j.mtphys.2022.100783,Fig. 6(b),4.2K,4.2,3.142086,29442.732,322.0,166.5,2
10.1016/j.mtphys.2022.100783,Fig. 6(b),4.2K,4.2,3.152878,29442.732,323.0,166.5,2
10.1016/j.mtphys.2022.100783,Fig. 6(b),4.2K,4.2,3.163669,29442.732,324.0,166.5,2
10.1016/j.mtphys.2022.100783,Fig. 6(b),4.2K,4.2,3.17446,29442.732,325.0,166.5,2
10.1016/j.mtphys.2022.100783,Fig. 6(b),4.2K,4.2,3.185252,29319.279,326.0,167.0,1
10.1016/j.mtphys.2022.100783,Fig. 6(b),4.2K,4.2,3.196043,29319.279,327.0,167.0,1
10.1016/j.mtphys.2022.100783,Fig. 6(b),4.2K,4.2,3.206835,27528.403,328.0,174.5,13
10.1016/j.mtphys.2022.100783,Fig. 6(b),4.2K,4.2,3.217626,28952.017,329.0,168.5,4
10.1016/j.mtphys.2022.100783,Fig. 6(b),4.2K,4.2,3.228417,28952.017,330.0,168.5,4
10.1016/j.mtphys.2022.100783,Fig. 6(b),4.2K,4.2,3.239209,29196.344,331.0,167.5,2
10.1016/j.mtphys.2022.100783,Fig. 6(b),4.2K,4.2,3.25,29196.344,332.0,167.5,2
10.1016/j.mtphys.2022.100783,Fig. 6(b),4.2K,4.2,3.260791,29196.344,333.0,167.5,2
10.1016/j.mtphys.2022.100783,Fig. 6(b),4.2K,4.2,3.271583,29196.344,334.0,167.5,2
10.1016/j.mtphys.2022.100783,Fig. 6(b),4.2K,4.2,3.282374,29196.344,335.0,167.5,2
10.1016/j.mtphys.2022.100783,Fig. 6(b),4.2K,4.2,3.293165,29196.344,336.0,167.5,2
10.1016/j.mtphys.2022.100783,Fig. 6(b),4.2K,4.2,3.303957,29073.924,337.0,168.0,1
10.1016/j.mtphys.2022.100783,Fig. 6(b),4.2K,4.2,3.314748,27298.035,338.0,175.5,16
10.1016/j.mtphys.2022.100783,Fig. 6(b),4.2K,4.2,3.32554,28952.017,339.0,168.5,4
10.1016/j.mtphys.2022.100783,Fig. 6(b),4.2K,4.2,3.336331,28952.017,340.0,168.5,2
10.1016/j.mtphys.2022.100783,Fig. 6(b),4.2K,4.2,3.347122,28830.622,341.0,169.0,3
10.1016/j.mtphys.2022.100783,Fig. 6(b),4.2K,4.2,3.357914,28830.622,342.0,169.0,3
10.1016/j.mtphys.2022.100783,Fig. 6(b),4.2K,4.2,3.368705,28830.622,343.0,169.0,3
10.1016/j.mtphys.2022.100783,Fig. 6(b),4.2K,4.2,3.379496,28830.622,344.0,169.0,3
10.1016/j.mtphys.2022.100783,Fig. 6(b),4.2K,4.2,3.401079,28709.736,346.0,169.5,2
10.1016/j.mtphys.2022.100783,Fig. 6(b),4.2K,4.2,3.411871,28709.736,347.0,169.5,2
10.1016/j.mtphys.2022.100783,Fig. 6(b),4.2K,4.2,3.422662,28589.356,348.0,170.0,3
10.1016/j.mtphys.2022.100783,Fig. 6(b),4.2K,4.2,3.433453,28709.736,349.0,169.5,2
10.1016/j.mtphys.2022.100783,Fig. 6(b),4.2K,4.2,3.444245,28830.622,350.0,169.0,3
10.1016/j.mtphys.2022.100783,Fig. 6(b),4.2K,4.2,3.455036,28709.736,351.0,169.5,2
10.1016/j.mtphys.2022.100783,Fig. 6(b),4.2K,4.2,3.465827,28709.736,352.0,169.5,2
10.1016/j.mtphys.2022.100783,Fig. 6(b),4.2K,4.2,3.476619,28709.736,353.0,169.5,2
10.1016/j.mtphys.2022.100783,Fig. 6(b),4.2K,4.2,3.48741,28709.736,354.0,169.5,2
10.1016/j.mtphys.2022.100783,Fig. 6(b),4.2K,4.2,3.498201,28709.736,355.0,169.5,2
10.1016/j.mtphys.2022.100783,Fig. 6(b),4.2K,4.2,3.508993,27069.595,356.0,176.5,13
10.1016/j.mtphys.2022.100783,Fig. 6(b),4.2K,4.2,3.519784,27069.595,357.0,176.5,15
10.1016/j.mtphys.2022.100783,Fig. 6(b),4.2K,4.2,3.530576,28589.356,358.0,170.0,3
10.1016/j.mtphys.2022.100783,Fig. 6(b),4.2K,4.2,3.541367,28709.736,359.0,169.5,2
10.1016/j.mtphys.2022.100783,Fig. 6(b),4.2K,4.2,3.552158,28709.736,360.0,169.5,2
10.1016/j.mtphys.2022.100783,Fig. 6(b),4.2K,4.2,3.56295,28709.736,361.0,169.5,2
10.1016/j.mtphys.2022.100783,Fig. 6(b),4.2K,4.2,3.573741,28709.736,362.0,169.5,2
10.1016/j.mtphys.2022.100783,Fig. 6(b),4.2K,4.2,3.584532,28709.736,363.0,169.5,2
10.1016/j.mtphys.2022.100783,Fig. 6(b),4.2K,4.2,3.595324,28709.736,364.0,169.5,2
10.1016/j.mtphys.2022.100783,Fig. 6(b),4.2K,4.2,3.606115,28589.356,365.0,170.0,3
10.1016/j.mtphys.2022.100783,Fig. 6(b),4.2K,4.2,3.616906,28469.482,366.0,170.5,4
10.1016/j.mtphys.2022.100783,Fig. 6(b),4.2K,4.2,3.627698,27069.595,367.0,176.5,16
10.1016/j.mtphys.2022.100783,Fig. 6(b),4.2K,4.2,3.638489,28589.356,368.0,170.0,3
10.1016/j.mtphys.2022.100783,Fig. 6(b),4.2K,4.2,3.649281,28589.356,369.0,170.0,3
10.1016/j.mtphys.2022.100783,Fig. 6(b),4.2K,4.2,3.660072,28589.356,370.0,170.0,3
10.1016/j.mtphys.2022.100783,Fig. 6(b),4.2K,4.2,3.670863,28589.356,371.0,170.0,3
10.1016/j.mtphys.2022.100783,Fig. 6(b),4.2K,4.2,3.681655,28589.356,372.0,170.0,1
10.1016/j.mtphys.2022.100783,Fig. 6(b),4.2K,4.2,3.692446,28589.356,373.0,170.0,1
10.1016/j.mtphys.2022.100783,Fig. 6(b),4.2K,4.2,3.714029,26730.513,375.0,178.0,15
10.1016/j.mtphys.2022.100783,Fig. 6(b),4.2K,4.2,3.72482,28112.865,376.0,172.0,3
10.1016/j.mtphys.2022.100783,Fig. 6(b),4.2K,4.2,3.735612,28231.238,377.0,171.5,2
10.1016/j.mtphys.2022.100783,Fig. 6(b),4.2K,4.2,3.746403,28231.238,378.0,171.5,2
10.1016/j.mtphys.2022.100783,Fig. 6(b),4.2K,4.2,3.757194,28231.238,379.0,171.5,2
10.1016/j.mtphys.2022.100783,Fig. 6(b),4.2K,4.2,3.767986,28350.11,380.0,171.0,1
10.1016/j.mtphys.2022.100783,Fig. 6(b),4.2K,4.2,3.778777,28350.11,381.0,171.0,1
10.1016/j.mtphys.2022.100783,Fig. 6(b),4.2K,4.2,3.789568,28231.238,382.0,171.5,2
10.1016/j.mtphys.2022.100783,Fig. 6(b),4.2K,4.2,3.80036,28231.238,383.0,171.5,2
10.1016/j.mtphys.2022.100783,Fig. 6(b),4.2K,4.2,3.811151,26618.433,384.0,178.5,16
10.1016/j.mtphys.2022.100783,Fig. 6(b),4.2K,4.2,3.821942,26618.433,385.0,178.5,16
10.1016/j.mtphys.2022.100783,Fig. 6(b),4.2K,4.2,3.832734,28231.238,386.0,171.5,2
10.1016/j.mtphys.2022.100783,Fig. 6(b),4.2K,4.2,3.843525,28231.238,387.0,171.5,2
10.1016/j.mtphys.2022.100783,Fig. 6(b),4.2K,4.2,3.854317,28231.238,388.0,171.5,2
10.1016/j.mtphys.2022.100783,Fig. 6(b),4.2K,4.2,3.865108,28231.238,389.0,171.5,2
10.1016/j.mtphys.2022.100783,Fig. 6(b),4.2K,4.2,3.875899,28231.238,390.0,171.5,2
10.1016/j.mtphys.2022.100783,Fig. 6(b),4.2K,4.2,3.886691,28112.865,391.0,172.0,1
10.1016/j.mtphys.2022.100783,Fig. 6(b),4.2K,4.2,3.897482,28112.865,392.0,172.0,1
10.1016/j.mtphys.2022.100783,Fig. 6(b),4.2K,4.2,3.908273,26618.433,393.0,178.5,16
10.1016/j.mtphys.2022.100783,Fig. 6(b),4.2K,4.2,3.919065,27877.606,394.0,173.0,3
10.1016/j.mtphys.2022.100783,Fig. 6(b),4.2K,4.2,3.929856,27994.988,395.0,172.5,2
10.1016/j.mtphys.2022.100783,Fig. 6(b),4.2K,4.2,3.940647,28112.865,396.0,172.0,1
10.1016/j.mtphys.2022.100783,Fig. 6(b),4.2K,4.2,3.951439,28112.865,397.0,172.0,1
10.1016/j.mtphys.2022.100783,Fig. 6(b),4.2K,4.2,3.96223,28112.865,398.0,172.0,1
10.1016/j.mtphys.2022.100783,Fig. 6(b),4.2K,4.2,3.973022,28112.865,399.0,172.0,1
10.1016/j.mtphys.2022.100783,Fig. 6(b),4.2K,4.2,3.983813,28112.865,400.0,172.0,1
10.1016/j.mtphys.2022.100783,Fig. 6(b),4.2K,4.2,3.994604,28112.865,401.0,172.0,1
10.1016/j.mtphys.2022.100783,Fig. 6(b),4.2K,4.2,4.005396,27994.988,402.0,172.5,2
10.1016/j.mtphys.2022.100783,Fig. 6(b),4.2K,4.2,4.016187,26506.822,403.0,179.0,15
10.1016/j.mtphys.2022.100783,Fig. 6(b),4.2K,4.2,4.026978,27994.988,404.0,172.5,2
10.1016/j.mtphys.2022.100783,Fig. 6(b),4.2K,4.2,4.03777,27994.988,405.0,172.5,2
10.1016/j.mtphys.2022.100783,Fig. 6(b),4.2K,4.2,4.048561,27994.988,406.0,172.5,2
10.1016/j.mtphys.2022.100783,Fig. 6(b),4.2K,4.2,4.059353,27994.988,407.0,172.5,2
10.1016/j.mtphys.2022.100783,Fig. 6(b),4.2K,4.2,4.070144,27994.988,408.0,172.5,2
10.1016/j.mtphys.2022.100783,Fig. 6(b),4.2K,4.2,4.080935,27877.606,409.0,173.0,1
10.1016/j.mtphys.2022.100783,Fig. 6(b),4.2K,4.2,4.091727,27877.606,410.0,173.0,1
10.1016/j.mtphys.2022.100783,Fig. 6(b),4.2K,4.2,4.102518,27877.606,411.0,173.0,1
10.1016/j.mtphys.2022.100783,Fig. 6(b),4.2K,4.2,4.113309,26395.68,412.0,179.5,6
10.1016/j.mtphys.2022.100783,Fig. 6(b),4.2K,4.2,4.124101,26395.68,413.0,179.5,14
10.1016/j.mtphys.2022.100783,Fig. 6(b),4.2K,4.2,4.134892,27877.606,414.0,173.0,1
10.1016/j.mtphys.2022.100783,Fig. 6(b),4.2K,4.2,4.145683,27877.606,415.0,173.0,1
10.1016/j.mtphys.2022.100783,Fig. 6(b),4.2K,4.2,4.156475,27877.606,416.0,173.0,1
10.1016/j.mtphys.2022.100783,Fig. 6(b),4.2K,4.2,4.167266,27877.606,417.0,173.0,1
10.1016/j.mtphys.2022.100783,Fig. 6(b),4.2K,4.2,4.178058,27877.606,418.0,173.0,1
10.1016/j.mtphys.2022.100783,Fig. 6(b),4.2K,4.2,4.188849,27877.606,419.0,173.0,1
10.1016/j.mtphys.2022.100783,Fig. 6(b),4.2K,4.2,4.19964,27877.606,420.0,173.0,1
10.1016/j.mtphys.2022.100783,Fig. 6(b),4.2K,4.2,4.210432,27877.606,421.0,173.0,1
10.1016/j.mtphys.2022.100783,Fig. 6(b),4.2K,4.2,4.221223,26395.68,422.0,179.5,6
10.1016/j.mtphys.2022.100783,Fig. 6(b),4.2K,4.2,4.232014,27877.606,423.0,173.0,1
10.1016/j.mtphys.2022.100783,Fig. 6(b),4.2K,4.2,4.242806,27877.606,424.0,173.0,1
10.1016/j.mtphys.2022.100783,Fig. 6(b),4.2K,4.2,4.253597,27877.606,425.0,173.0,1
10.1016/j.mtphys.2022.100783,Fig. 6(b),4.2K,4.2,4.264388,27877.606,426.0,173.0,1
10.1016/j.mtphys.2022.100783,Fig. 6(b),4.2K,4.2,4.27518,27877.606,427.0,173.0,1
10.1016/j.mtphys.2022.100783,Fig. 6(b),4.2K,4.2,4.285971,27877.606,428.0,173.0,1
10.1016/j.mtphys.2022.100783,Fig. 6(b),4.2K,4.2,4.296763,27877.606,429.0,173.0,1
10.1016/j.mtphys.2022.100783,Fig. 6(b),4.2K,4.2,4.307554,27760.716,430.0,173.5,2
10.1016/j.mtphys.2022.100783,Fig. 6(b),4.2K,4.2,4.318345,26285.003,431.0,180.0,15
10.1016/j.mtphys.2022.100783,Fig. 6(b),4.2K,4.2,4.329137,27644.315,432.0,174.0,3
10.1016/j.mtphys.2022.100783,Fig. 6(b),4.2K,4.2,4.339928,27877.606,433.0,173.0,1
10.1016/j.mtphys.2022.100783,Fig. 6(b),4.2K,4.2,4.350719,27877.606,434.0,173.0,1
10.1016/j.mtphys.2022.100783,Fig. 6(b),4.2K,4.2,4.361511,27877.606,435.0,173.0,1
10.1016/j.mtphys.2022.100783,Fig. 6(b),4.2K,4.2,4.372302,27877.606,436.0,173.0,1
10.1016/j.mtphys.2022.100783,Fig. 6(b),4.2K,4.2,4.383094,27877.606,437.0,173.0,1
10.1016/j.mtphys.2022.100783,Fig. 6(b),4.2K,4.2,4.393885,27877.606,438.0,173.0,1
10.1016/j.mtphys.2022.100783,Fig. 6(b),4.2K,4.2,4.404676,26285.003,439.0,180.0,15
10.1016/j.mtphys.2022.100783,Fig. 6(b),4.2K,4.2,4.415468,26285.003,440.0,180.0,15
10.1016/j.mtphys.2022.100783,Fig. 6(b),4.2K,4.2,4.426259,27644.315,441.0,174.0,3
10.1016/j.mtphys.2022.100783,Fig. 6(b),4.2K,4.2,4.43705,27760.716,442.0,173.5,2
10.1016/j.mtphys.2022.100783,Fig. 6(b),4.2K,4.2,4.447842,27760.716,443.0,173.5,2
10.1016/j.mtphys.2022.100783,Fig. 6(b),4.2K,4.2,4.458633,27760.716,444.0,173.5,2
10.1016/j.mtphys.2022.100783,Fig. 6(b),4.2K,4.2,4.469424,27760.716,445.0,173.5,2
10.1016/j.mtphys.2022.100783,Fig. 6(b),4.2K,4.2,4.480216,27877.606,446.0,173.0,1
10.1016/j.mtphys.2022.100783,Fig. 6(b),4.2K,4.2,4.491007,27877.606,447.0,173.0,1
10.1016/j.mtphys.2022.100783,Fig. 6(b),4.2K,4.2,4.501799,27528.403,448.0,174.5,2
10.1016/j.mtphys.2022.100783,Fig. 6(b),4.2K,4.2,4.51259,26065.04,449.0,181.0,15
10.1016/j.mtphys.2022.100783,Fig. 6(b),4.2K,4.2,4.523381,27644.315,450.0,174.0,3
10.1016/j.mtphys.2022.100783,Fig. 6(b),4.2K,4.2,4.534173,27760.716,451.0,173.5,2
10.1016/j.mtphys.2022.100783,Fig. 6(b),4.2K,4.2,4.544964,27760.716,452.0,173.5,2
10.1016/j.mtphys.2022.100783,Fig. 6(b),4.2K,4.2,4.555755,27760.716,453.0,173.5,2
10.1016/j.mtphys.2022.100783,Fig. 6(b),4.2K,4.2,4.566547,27644.315,454.0,174.0,1
10.1016/j.mtphys.2022.100783,Fig. 6(b),4.2K,4.2,4.577338,27644.315,455.0,174.0,1
10.1016/j.mtphys.2022.100783,Fig. 6(b),4.2K,4.2,4.588129,27644.315,456.0,174.0,1
10.1016/j.mtphys.2022.100783,Fig. 6(b),4.2K,4.2,4.598921,27528.403,457.0,174.5,2
10.1016/j.mtphys.2022.100783,Fig. 6(b),4.2K,4.2,4.609712,26065.04,458.0,181.0,15
10.1016/j.mtphys.2022.100783,Fig. 6(b),4.2K,4.2,4.620504,27528.403,459.0,174.5,2
10.1016/j.mtphys.2022.100783,Fig. 6(b),4.2K,4.2,4.631295,27528.403,460.0,174.5,2
10.1016/j.mtphys.2022.100783,Fig. 6(b),4.2K,4.2,4.652878,4261.496,462.0,396.5,2
10.1016/j.mtphys.2022.100783,Fig. 6(b),4.2K,4.2,4.685252,4895.319,465.0,380.0,1
10.1016/j.mtphys.2022.100783,Fig. 6(b),4.2K,4.2,4.717626,4370.297,468.0,393.5,3
10.1016/j.mtphys.2022.100783,Fig. 6(b),4.2K,4.2,4.82554,4463.084,478.0,391.0,1
10.1016/j.mtphys.2022.100783,Fig. 6(b),4.2K,4.2,4.857914,4577.032,481.0,388.0,1
10.1016/j.mtphys.2022.100783,Fig. 6(b),4.2K,4.2,4.879496,3967.712,483.0,405.0,1
10.1016/j.mtphys.2022.100783,Fig. 6(b),4.2K,4.2,4.901079,4034.962,485.0,403.0,2
10.1016/j.mtphys.2022.100783,Fig. 6(b),4.2K,4.2,4.933453,4388.699,488.0,393.0,1
10.1016/j.mtphys.2022.100783,Fig. 6(b),4.2K,4.2,4.955036,4463.084,490.0,391.0,1
10.1016/j.mtphys.2022.100783,Fig. 6(b),4.2K,4.2,4.965827,4500.748,491.0,390.0,1
10.1016/j.mtphys.2022.100783,Fig. 6(b),4.2K,4.2,4.98741,4577.032,493.0,388.0,1
10.1016/j.mtphys.2022.100783,Fig. 6(b),4.2K,4.2,4.998201,3868.933,494.0,408.0,1
10.1016/j.mtphys.2022.100783,Fig. 6(b),4.2K,4.2,5.008993,4172.9,495.0,399.0,1
10.1016/j.mtphys.2022.100783,Fig. 6(b),4.2K,4.2,5.095324,4500.748,503.0,390.0,1
10.1016/j.mtphys.2022.100783,Fig. 6(b),4.2K,4.2,5.106115,4463.084,504.0,391.0,1
10.1016/j.mtphys.2022.100783,Fig. 6(b),4.2K,4.2,5.127698,4279.439,506.0,396.0,2
10.1016/j.mtphys.2022.100783,Fig. 6(b),4.2K,4.2,5.138489,4279.439,507.0,396.0,2
10.1016/j.mtphys.2022.100783,Fig. 6(b),4.2K,4.2,5.149281,4315.553,508.0,395.0,1
10.1016/j.mtphys.2022.100783,Fig. 6(b),4.2K,4.2,5.192446,4388.699,512.0,393.0,1
10.1016/j.mtphys.2022.100783,Fig. 6(b),4.2K,4.2,5.203237,4388.699,513.0,393.0,1
10.1016/j.mtphys.2022.100783,Fig. 6(b),4.2K,4.2,5.235612,4261.496,516.0,396.5,2
10.1016/j.mtphys.2022.100783,Fig. 6(b),4.2K,4.2,5.246403,4261.496,517.0,396.5,2
10.1016/j.mtphys.2022.100783,Fig. 6(b),4.2K,4.2,5.397482,4137.979,531.0,400.0,1
10.1016/j.mtphys.2022.100783,Fig. 6(b),4.2K,4.2,5.419065,3984.419,533.0,404.5,3
10.1016/j.mtphys.2022.100783,Fig. 6(b),4.2K,4.2,5.440647,3934.509,535.0,406.0,1
10.1016/j.mtphys.2022.100783,Fig. 6(b),4.2K,4.2,5.451439,3557.09,536.0,418.0,1
10.1016/j.mtphys.2022.100783,Fig. 6(b),4.2K,4.2,5.473022,4069.013,538.0,402.0,1
10.1016/j.mtphys.2022.100783,Fig. 6(b),4.2K,4.2,5.494604,3694.182,540.0,413.5,2
10.1016/j.mtphys.2022.100783,Fig. 6(b),4.2K,4.2,5.505396,4069.013,541.0,402.0,1
10.1016/j.mtphys.2022.100783,Fig. 6(b),4.2K,4.2,5.602518,3632.612,550.0,415.5,2
10.1016/j.mtphys.2022.100783,Fig. 6(b),4.2K,4.2,5.634892,3885.224,553.0,407.5,2
10.1016/j.mtphys.2022.100783,Fig. 6(b),4.2K,4.2,5.688849,3382.183,558.0,424.0,3
10.1016/j.mtphys.2022.100783,Fig. 6(b),4.2K,4.2,5.796763,3439.508,568.0,422.0,1
10.1016/j.mtphys.2022.100783,Fig. 6(b),4.2K,4.2,5.904676,3709.737,578.0,413.0,1
10.1016/j.mtphys.2022.100783,Fig. 6(b),4.2K,4.2,5.93705,3527.323,581.0,419.0,2
10.1016/j.mtphys.2022.100783,Fig. 6(b),4.2K,4.2,5.991007,1034.186,586.0,565.0,2
10.1016/j.mtphys.2022.100783,Fig. 6(b),4.2K,4.2,6.001799,3270.382,587.0,428.0,1
10.1016/j.mtphys.2022.100783,Fig. 6(b),4.2K,4.2,6.01259,3617.38,588.0,416.0,1
10.1016/j.mtphys.2022.100783,Fig. 6(b),4.2K,4.2,6.098921,2969.12,596.0,439.5,2
10.1016/j.mtphys.2022.100783,Fig. 6(b),4.2K,4.2,6.185252,3410.725,604.0,423.0,1
10.1016/j.mtphys.2022.100783,Fig. 6(b),4.2K,4.2,6.196043,3410.725,605.0,423.0,1
10.1016/j.mtphys.2022.100783,Fig. 6(b),4.2K,4.2,6.25,3215.876,610.0,430.0,1
10.1016/j.mtphys.2022.100783,Fig. 6(b),4.2K,4.2,6.282374,2895.202,613.0,442.5,3
10.1016/j.mtphys.2022.100783,Fig. 6(b),4.2K,4.2,6.314748,3162.278,616.0,432.0,2
10.1016/j.mtphys.2022.100783,Fig. 6(b),4.2K,4.2,6.498201,3135.815,633.0,433.0,1
10.1016/j.mtphys.2022.100783,Fig. 6(b),4.2K,4.2,6.714029,2907.392,653.0,442.0,1
10.1016/j.mtphys.2022.100783,Fig. 6(b),4.2K,4.2,6.843525,2764.432,665.0,448.0,1
10.1016/j.mtphys.2022.100783,Fig. 6(b),4.2K,4.2,6.983813,2467.947,678.0,461.5,2
10.1016/j.mtphys.2022.100783,Fig. 6(b),4.2K,4.2,6.994604,1060.59,679.0,562.0,11
10.1016/j.mtphys.2022.100783,Fig. 6(b),4.2K,4.2,7.005396,1021.231,680.0,566.5,2
