paper_id,compound_formula,substructure,field_T,Tc_K,n_T_pts,T_min,T_max,beta_T,SE_beta_T,rms,ok,physicality,source
0806.2839v1.pdf,Sm2FeAs2O,iron_pnictide_1111,0.0,55.0,4,2.0,20.0,2.346412769280233,7.425958650727008,0.750650473675328,True,ok,v3.2.1_baseline
0806.2839v1.pdf,Sm2FeAs2O,iron_pnictide_1111,0.5,55.0,4,2.0,20.0,2.346414344446472,7.425958593895453,0.7506504736753312,True,ok,v3.2.1_baseline
0806.2839v1.pdf,Sm2FeAs2O,iron_pnictide_1111,1.0,55.0,4,2.0,20.0,2.346413907106212,7.42595944065298,0.7506504736753286,True,ok,v3.2.1_baseline
0806.2839v1.pdf,Sm2FeAs2O,iron_pnictide_1111,1.5,55.0,4,2.0,20.0,2.3464136268569398,7.425959030113231,0.7506504736753273,True,ok,v3.2.1_baseline
0806.2839v1.pdf,Sm2FeAs2O,iron_pnictide_1111,2.0,55.0,4,2.0,20.0,2.3464134867741717,7.425958120190412,0.7506504736753274,True,ok,v3.2.1_baseline
0806.2839v1.pdf,Sm2FeAs2O,iron_pnictide_1111,2.5,55.0,4,2.0,20.0,2.346413486850373,7.425958120190408,0.7506504736753273,True,ok,v3.2.1_baseline
0806.2839v1.pdf,Sm2FeAs2O,iron_pnictide_1111,3.0,55.0,4,2.0,20.0,2.3464123488816493,7.4259579283857375,0.7506504736753301,True,ok,v3.2.1_baseline
0806.2839v1.pdf,Sm2FeAs2O,iron_pnictide_1111,3.5,55.0,4,2.0,20.0,2.346413049507691,7.425957836178404,0.7506504736753272,True,ok,v3.2.1_baseline
0806.2839v1.pdf,Sm2FeAs2O,iron_pnictide_1111,4.0,55.0,4,2.0,20.0,2.3464129092953936,7.425958495354145,0.7506504736753276,True,ok,v3.2.1_baseline
0806.2839v1.pdf,Sm2FeAs2O,iron_pnictide_1111,4.5,55.0,4,2.0,20.0,2.3908498731001684,7.468133065834867,0.7549136827278293,True,ok,v3.2.1_baseline
0806.2839v1.pdf,Sm2FeAs2O,iron_pnictide_1111,5.0,55.0,4,2.0,20.0,2.471945317838937,7.549080914566218,0.7630962861816531,True,ok,v3.2.1_baseline
0903.0004v2.pdf,Ba(FeAs)2,iron_pnictide_122,0.1,38.0,3,2.0,10.0,0.8656793335626881,0.1251748849794767,0.0056647914331385,True,ok,v3.2.1_baseline
0903.0004v2.pdf,Ba(FeAs)2,iron_pnictide_122,0.5,38.0,3,2.0,10.0,1.117875493653851,0.1511251552357431,0.0068391727355404,True,ok,v3.2.1_baseline
0903.0004v2.pdf,Ba(FeAs)2,iron_pnictide_122,1.0,38.0,3,2.0,10.0,1.5802076510695042,0.186806475055874,0.0084539350008804,True,ok,v3.2.1_baseline
0903.0004v2.pdf,Ba(FeAs)2,iron_pnictide_122,1.5,38.0,3,2.0,10.0,1.1178753595283788,0.1511251224308141,0.0068391727355375,True,ok,v3.2.1_baseline
0903.0004v2.pdf,Ba(FeAs)2,iron_pnictide_122,2.0,38.0,3,2.0,10.0,1.5802076820164788,0.1868066165824715,0.0084539350008807,True,ok,v3.2.1_baseline
0903.0004v2.pdf,Ba(FeAs)2,iron_pnictide_122,2.5,38.0,3,2.0,10.0,1.140155894095941,0.0256462017025311,0.0011606193439378,True,ok,v3.2.1_baseline
0903.0004v2.pdf,Ba(FeAs)2,iron_pnictide_122,3.0,38.0,3,2.0,10.0,1.5479213276009742,0.3686362209858,0.0166826413953918,True,ok,v3.2.1_baseline
0903.0004v2.pdf,Ba(FeAs)2,iron_pnictide_122,3.5,38.0,3,2.0,10.0,0.8656793434508133,0.1251748849794753,0.0056647914331384,True,ok,v3.2.1_baseline
0903.0004v2.pdf,Ba(FeAs)2,iron_pnictide_122,4.0,38.0,3,2.0,10.0,1.117875359528379,0.1511251224308141,0.0068391727355375,True,ok,v3.2.1_baseline
0903.0004v2.pdf,Ba(FeAs)2,iron_pnictide_122,4.5,38.0,3,2.0,10.0,1.5802076660145052,0.1868065458191469,0.0084539350008805,True,ok,v3.2.1_baseline
0903.0004v2.pdf,Ba(FeAs)2,iron_pnictide_122,5.0,38.0,3,2.0,10.0,1.996010139859252,0.2061535877882565,0.009329484155886,True,ok,v3.2.1_baseline
0903.0004v2.pdf,Ba(FeAs)2,iron_pnictide_122,5.5,38.0,3,2.0,10.0,2.720363539452143,0.2124527174469667,0.0096145543448184,True,ok,v3.2.1_baseline
0903.0004v2.pdf,Ba(FeAs)2,iron_pnictide_122,6.0,38.0,3,2.0,10.0,2.627208038989431,0.7370828796636789,0.0333567068305278,True,ok,v3.2.1_baseline
0903.0004v2.pdf,Ba(FeAs)2,iron_pnictide_122,6.5,38.0,3,2.0,10.0,2.720363544980597,0.2124527197744464,0.0096145543448185,True,ok,v3.2.1_baseline
0903.0004v2.pdf,Ba(FeAs)2,iron_pnictide_122,7.0,38.0,3,2.0,10.0,2.947893204285831,1.0689431857938712,0.0483750499601768,True,ok,v3.2.1_baseline
0904.2442v1.pdf,Sm2FeAs2O,iron_pnictide_1111,6.0,55.0,3,5.0,27.5,1.14732376005095,0.1084787106122582,0.0115696857406296,True,ok,v3.2.1_baseline
0904.2442v1.pdf,Sm2FeAs2O,iron_pnictide_1111,6.5,55.0,4,5.0,27.5,1.1015650034087516,0.3443883821100914,0.0471902661125482,True,ok,v3.2.1_baseline
0904.2442v1.pdf,Sm2FeAs2O,iron_pnictide_1111,7.0,55.0,4,5.0,27.5,0.8100642130855875,0.3314508996429248,0.0454174908875999,True,ok,v3.2.1_baseline
0906.0444v1.pdf,Ba(FeAs)2,iron_pnictide_122,0.0,38.0,8,2.0,20.0,1.7311942365412245,0.0607123933694228,0.0144511557182747,True,ok,v3.2.1_baseline
0906.0444v1.pdf,Ba(FeAs)2,iron_pnictide_122,0.5,38.0,8,2.0,20.0,2.500360332118514,0.1085224593958024,0.0258312173909258,True,ok,v3.2.1_baseline
0906.0444v1.pdf,Ba(FeAs)2,iron_pnictide_122,1.0,38.0,8,2.0,20.0,2.537067361576857,0.1219229102228434,0.0290208777151348,True,ok,v3.2.1_baseline
0906.0444v1.pdf,Ba(FeAs)2,iron_pnictide_122,1.5,38.0,8,2.0,20.0,2.6575083084526927,0.1539076823548029,0.036634099180657,True,ok,v3.2.1_baseline
0906.0444v1.pdf,Ba(FeAs)2,iron_pnictide_122,2.0,38.0,8,2.0,20.0,2.662426133716543,0.1883993881765714,0.0448440344157887,True,ok,v3.2.1_baseline
0906.0444v1.pdf,Ba(FeAs)2,iron_pnictide_122,2.5,38.0,8,2.0,20.0,2.4626130761390046,0.2413164709140881,0.0574397019812736,True,ok,v3.2.1_baseline
0906.0444v1.pdf,Ba(FeAs)2,iron_pnictide_122,3.0,38.0,8,2.0,20.0,2.206013182374101,0.2109704757539418,0.0502165518609131,True,ok,v3.2.1_baseline
0906.0444v1.pdf,Ba(FeAs)2,iron_pnictide_122,3.5,38.0,8,2.0,20.0,2.089248380295579,0.1931155993402343,0.0459666177277262,True,ok,v3.2.1_baseline
0906.0444v1.pdf,Ba(FeAs)2,iron_pnictide_122,4.0,38.0,8,2.0,20.0,2.1331049929051296,0.1455436572844867,0.034643240118645,True,ok,v3.2.1_baseline
0906.0444v1.pdf,Ba(FeAs)2,iron_pnictide_122,4.5,38.0,8,2.0,20.0,2.682020835555133,0.2596916661835427,0.0618134868139613,True,ok,v3.2.1_baseline
0906.0444v1.pdf,Ba(FeAs)2,iron_pnictide_122,5.0,38.0,8,2.0,20.0,3.431268796597345,0.3434720689858315,0.0817554351251514,True,ok,v3.2.1_baseline
0907.0147v2.pdf,Fe2TeSe,iron_chalcogenide_11,1e-05,14.5,5,1.8,8.0,0.7451441063081451,0.0718929548159836,0.0129233946882136,True,ok,v3.2.1_baseline
0907.0147v2.pdf,Fe2TeSe,iron_chalcogenide_11,5e-05,14.5,5,1.8,8.0,1.0148133469815044,0.082625606745621,0.0148526839116954,True,ok,v3.2.1_baseline
0907.0147v2.pdf,Fe2TeSe,iron_chalcogenide_11,0.0001,14.5,5,1.8,8.0,1.0165277995261464,0.1206004811745883,0.0216790033987417,True,ok,v3.2.1_baseline
0907.0147v2.pdf,Fe2TeSe,iron_chalcogenide_11,0.0002,14.5,5,1.8,8.0,1.0148133530597168,0.0826255960945463,0.0148526839116954,True,ok,v3.2.1_baseline
0907.0147v2.pdf,Fe2TeSe,iron_chalcogenide_11,0.0003,14.5,5,1.8,8.0,0.9699652403591256,0.1818168218762853,0.0326831760161428,True,ok,v3.2.1_baseline
0907.0147v2.pdf,Fe2TeSe,iron_chalcogenide_11,0.0004,14.5,5,1.8,8.0,1.0503683632114926,0.1088098702310073,0.0195595350122794,True,ok,v3.2.1_baseline
0907.0147v2.pdf,Fe2TeSe,iron_chalcogenide_11,0.0005,14.5,5,1.8,8.0,1.143160746554361,0.2037318443706115,0.0366225983379484,True,ok,v3.2.1_baseline
0907.0147v2.pdf,Fe2TeSe,iron_chalcogenide_11,0.0006,14.5,5,1.8,8.0,1.030570286974916,0.1578231401633108,0.028370099932519,True,ok,v3.2.1_baseline
0907.0147v2.pdf,Fe2TeSe,iron_chalcogenide_11,0.0007,14.5,5,1.8,8.0,1.249553431392771,0.253439649169696,0.0455580145277569,True,ok,v3.2.1_baseline
0907.0147v2.pdf,Fe2TeSe,iron_chalcogenide_11,0.0008,14.5,5,1.8,8.0,1.2681551979364214,0.270533426326206,0.0486307693980278,True,ok,v3.2.1_baseline
0907.0147v2.pdf,Fe2TeSe,iron_chalcogenide_11,0.0009,14.5,5,1.8,8.0,1.4642232616924065,0.1921488689322197,0.0345404536355682,True,ok,v3.2.1_baseline
0907.0147v2.pdf,Fe2TeSe,iron_chalcogenide_11,0.001,14.5,5,1.8,8.0,1.5346695377130255,0.351403976482989,0.0631679580457906,True,ok,v3.2.1_baseline
0907.0147v2.pdf,Fe2TeSe,iron_chalcogenide_11,0.0011,14.5,5,1.8,8.0,1.216967130276116,0.3719011738657749,0.0668525237143108,True,ok,v3.2.1_baseline
0907.0147v2.pdf,Fe2TeSe,iron_chalcogenide_11,0.0012,14.5,5,1.8,8.0,0.8089460840553586,0.1241314033978662,0.0223137146327093,True,ok,v3.2.1_baseline
1002.0208v2.pdf,Pr2FeAs2O,iron_pnictide_1111,1e-06,51.0,7,5.0,30.0,1.1208300467303576,0.0476408600602277,0.0124709271395618,True,ok,v3.2.1_baseline
1002.0208v2.pdf,Pr2FeAs2O,iron_pnictide_1111,2e-06,51.0,7,5.0,30.0,1.1981349455597403,0.0836189033987835,0.0218888829838367,True,ok,v3.2.1_baseline
1002.0208v2.pdf,Pr2FeAs2O,iron_pnictide_1111,5e-06,51.0,7,5.0,30.0,1.228481127622272,0.1193573376539618,0.0312441159295854,True,ok,v3.2.1_baseline
1002.0208v2.pdf,Pr2FeAs2O,iron_pnictide_1111,1e-05,51.0,7,5.0,30.0,1.2446581434279436,0.1378263390281505,0.0360787401348125,True,ok,v3.2.1_baseline
1002.0208v2.pdf,Pr2FeAs2O,iron_pnictide_1111,2e-05,51.0,7,5.0,30.0,1.2856643697485732,0.1329102124972371,0.034791848387964,True,ok,v3.2.1_baseline
1002.0208v2.pdf,Pr2FeAs2O,iron_pnictide_1111,5e-05,51.0,7,5.0,30.0,1.4062633811330203,0.0977959622751284,0.0256000057600522,True,ok,v3.2.1_baseline
1002.0208v2.pdf,Pr2FeAs2O,iron_pnictide_1111,0.0001,51.0,7,5.0,30.0,1.5171500642843858,0.0722727530740626,0.0189188069625782,True,ok,v3.2.1_baseline
1002.0208v2.pdf,Pr2FeAs2O,iron_pnictide_1111,0.0002,51.0,7,5.0,30.0,1.5020722053479203,0.0996865439239199,0.0260948983181563,True,ok,v3.2.1_baseline
1002.0208v2.pdf,Pr2FeAs2O,iron_pnictide_1111,0.0003,51.0,7,5.0,30.0,1.5188610943292284,0.1257830900194867,0.0329261840079785,True,ok,v3.2.1_baseline
1002.0208v2.pdf,Pr2FeAs2O,iron_pnictide_1111,0.0004,51.0,7,5.0,30.0,1.547890070218099,0.1103027040575772,0.0288738869085811,True,ok,v3.2.1_baseline
1002.0208v2.pdf,Pr2FeAs2O,iron_pnictide_1111,0.0005,51.0,7,5.0,30.0,1.4755787104351754,0.0862013465407671,0.0225648862647538,True,ok,v3.2.1_baseline
1002.0208v2.pdf,Pr2FeAs2O,iron_pnictide_1111,0.0006,51.0,7,5.0,30.0,1.4809771223525694,0.0937216413404408,0.0245334705545359,True,ok,v3.2.1_baseline
1002.0208v2.pdf,Pr2FeAs2O,iron_pnictide_1111,0.0008,51.0,7,5.0,30.0,1.5723337502651011,0.0995205725018326,0.026051455559418,True,ok,v3.2.1_baseline
1002.0208v2.pdf,Pr2FeAs2O,iron_pnictide_1111,0.001,51.0,7,5.0,30.0,1.7570378693476083,0.0776628071161439,0.0203297566008689,True,ok,v3.2.1_baseline
1002.0208v2.pdf,Pr2FeAs2O,iron_pnictide_1111,0.0012,51.0,7,5.0,30.0,1.865749516598523,0.0639075647749929,0.0167290529985817,True,ok,v3.2.1_baseline
1002.0208v2.pdf,Pr2FeAs2O,iron_pnictide_1111,0.0014,51.0,7,5.0,30.0,2.1389245881667382,0.0814485821697039,0.0213207589161096,True,ok,v3.2.1_baseline
1002.0208v2.pdf,Pr2FeAs2O,iron_pnictide_1111,0.0016,51.0,7,5.0,30.0,2.1972947489967445,0.1668887772357898,0.043686398072192,True,ok,v3.2.1_baseline
1002.0248v1.pdf,Fe2TeSe,iron_chalcogenide_11,0.0,14.5,7,2.0,10.0,3.658440518294186,1.212673538541757,0.3569150260830076,True,ok,v3.2.1_baseline
1002.0248v1.pdf,Fe2TeSe,iron_chalcogenide_11,0.0001,14.5,7,2.0,10.0,3.674741353956055,1.1255665771098706,0.331277617653002,True,ok,v3.2.1_baseline
1002.0248v1.pdf,Fe2TeSe,iron_chalcogenide_11,0.0002,14.5,7,2.0,10.0,3.6979309129170734,1.0081133356302383,0.296708696660242,True,ok,v3.2.1_baseline
1002.0248v1.pdf,Fe2TeSe,iron_chalcogenide_11,0.0003,14.5,7,2.0,10.0,3.734186225510439,0.8355029070310873,0.2459058757958296,True,ok,v3.2.1_baseline
1002.0248v1.pdf,Fe2TeSe,iron_chalcogenide_11,0.0004,14.5,7,2.0,10.0,3.755621930767005,0.7244376955363294,0.2132170629076517,True,ok,v3.2.1_baseline
1002.0248v1.pdf,Fe2TeSe,iron_chalcogenide_11,0.0005,14.5,7,2.0,10.0,3.789858508795209,0.5636782329200095,0.1659022146586926,True,ok,v3.2.1_baseline
1002.0248v1.pdf,Fe2TeSe,iron_chalcogenide_11,0.0006,14.5,7,2.0,10.0,3.808950244805404,0.4662112574248743,0.1372156551151022,True,ok,v3.2.1_baseline
1002.0248v1.pdf,Fe2TeSe,iron_chalcogenide_11,0.0007,14.5,7,2.0,10.0,3.8404377447169673,0.3395935138292227,0.099949431074138,True,ok,v3.2.1_baseline
1002.0248v1.pdf,Fe2TeSe,iron_chalcogenide_11,0.0008,14.5,7,2.0,10.0,3.864400942416343,0.275445361843456,0.0810692939465213,True,ok,v3.2.1_baseline
1002.0248v1.pdf,Fe2TeSe,iron_chalcogenide_11,0.0009,14.5,7,2.0,10.0,3.88383874050871,0.2768149632849925,0.0814723967044755,True,ok,v3.2.1_baseline
1002.0248v1.pdf,Fe2TeSe,iron_chalcogenide_11,0.001,14.5,7,2.0,10.0,3.9211929700925694,0.3911908831129159,0.1151356071183528,True,ok,v3.2.1_baseline
1002.0248v1.pdf,Fe2TeSe,iron_chalcogenide_11,0.0011,14.5,7,2.0,10.0,3.942830467456092,0.5188295061932603,0.152702303924057,True,ok,v3.2.1_baseline
1002.0248v1.pdf,Fe2TeSe,iron_chalcogenide_11,0.0012,14.5,7,2.0,10.0,3.994152408217276,0.7914282137300316,0.2329337746586029,True,ok,v3.2.1_baseline
1003.0946v2.pdf,Nd2FeAs2O,iron_pnictide_1111,0.001,51.0,6,5.0,30.0,0.147405008784083,0.0482916136043346,0.0125306422271795,True,ok,v3.2.1_baseline
1003.0946v2.pdf,Nd2FeAs2O,iron_pnictide_1111,0.002,51.0,6,5.0,30.0,0.1497036832593351,0.0490591699189569,0.012729806359759,True,ok,v3.2.1_baseline
1003.0946v2.pdf,Nd2FeAs2O,iron_pnictide_1111,0.005,51.0,6,5.0,30.0,0.1520753164801875,0.049851570434007,0.012935417391329,True,ok,v3.2.1_baseline
1003.0946v2.pdf,Nd2FeAs2O,iron_pnictide_1111,0.01,51.0,6,5.0,30.0,0.1545234392744404,0.0506700432455145,0.0131477941663368,True,ok,v3.2.1_baseline
1003.0946v2.pdf,Nd2FeAs2O,iron_pnictide_1111,0.02,51.0,6,5.0,30.0,0.1570518211637795,0.0515159039342073,0.013367276951746,True,ok,v3.2.1_baseline
1003.0946v2.pdf,Nd2FeAs2O,iron_pnictide_1111,0.05,51.0,6,5.0,30.0,0.1596644811819883,0.0523905513216271,0.0135942292707365,True,ok,v3.2.1_baseline
1003.0946v2.pdf,Nd2FeAs2O,iron_pnictide_1111,0.1,51.0,10,5.0,30.0,2.131812971573627,2.5587290659609065,0.9427031876929484,True,ok,v3.2.1_baseline
1003.0946v2.pdf,Nd2FeAs2O,iron_pnictide_1111,0.2,51.0,10,5.0,30.0,2.101556439022301,2.494666898078961,0.919101011317506,True,ok,v3.2.1_baseline
1003.0946v2.pdf,Nd2FeAs2O,iron_pnictide_1111,0.5,51.0,10,5.0,30.0,1.9660369804443651,2.197987121336244,0.8097963597444066,True,ok,v3.2.1_baseline
1003.0946v2.pdf,Nd2FeAs2O,iron_pnictide_1111,1.0,51.0,10,5.0,30.0,1.248425883853413,1.505084128518994,0.5545126414705673,True,ok,v3.2.1_baseline
1003.0946v2.pdf,Nd2FeAs2O,iron_pnictide_1111,2.0,51.0,6,5.0,30.0,0.1741532521802456,0.0572519557810056,0.0148556595206412,True,ok,v3.2.1_baseline
1003.0946v2.pdf,Nd2FeAs2O,iron_pnictide_1111,3.0,51.0,6,5.0,30.0,0.1773731540559367,0.0583348608270501,0.0151366502811418,True,ok,v3.2.1_baseline
1003.0946v2.pdf,Nd2FeAs2O,iron_pnictide_1111,4.0,51.0,6,5.0,30.0,0.1807146646068822,0.0594596430008825,0.015428507601455,True,ok,v3.2.1_baseline
1003.0946v2.pdf,Nd2FeAs2O,iron_pnictide_1111,5.0,51.0,6,5.0,30.0,0.1841848250096095,0.0606287893490671,0.0157318761469339,True,ok,v3.2.1_baseline
1003.0946v2.pdf,Nd2FeAs2O,iron_pnictide_1111,6.0,51.0,6,5.0,30.0,0.1877912285437567,0.0618449872141353,0.0160474527567068,True,ok,v3.2.1_baseline
1003.0946v2.pdf,Nd2FeAs2O,iron_pnictide_1111,7.0,51.0,6,5.0,30.0,0.1915420874243652,0.0631111368535822,0.0163759918463512,True,ok,v3.2.1_baseline
1003.0946v2.pdf,Nd2FeAs2O,iron_pnictide_1111,8.0,51.0,6,5.0,30.0,0.1954462766073372,0.0644303946260639,0.016718311498073,True,ok,v3.2.1_baseline
1003.0946v2.pdf,Nd2FeAs2O,iron_pnictide_1111,9.0,51.0,6,5.0,30.0,0.1995134337903968,0.0658061872529475,0.017075300342959,True,ok,v3.2.1_baseline
1003.0946v2.pdf,Nd2FeAs2O,iron_pnictide_1111,10.0,51.0,6,5.0,30.0,0.2037539997325717,0.0672422419016714,0.0174479253585121,True,ok,v3.2.1_baseline
1009.4896v1.pdf,LiFeAs,iron_pnictide_111,0.0,18.0,5,2.0,12.5,1.1702984965991825,0.0793134711958635,0.0223072833729925,True,ok,v3.2.1_baseline
1009.4896v1.pdf,LiFeAs,iron_pnictide_111,0.5,18.0,5,2.0,12.5,1.22677270866941,0.0732212248891133,0.0205938109609939,True,ok,v3.2.1_baseline
1009.4896v1.pdf,LiFeAs,iron_pnictide_111,1.0,18.0,5,2.0,12.5,1.3042599826369037,0.0879560704064956,0.0247380534544001,True,ok,v3.2.1_baseline
1009.4896v1.pdf,LiFeAs,iron_pnictide_111,1.5,18.0,5,2.0,12.5,1.4179785456123544,0.1389688872546551,0.0390856456699286,True,ok,v3.2.1_baseline
1009.4896v1.pdf,LiFeAs,iron_pnictide_111,2.0,18.0,5,2.0,12.5,1.622326066814743,0.1165852135743541,0.032790134245502,True,ok,v3.2.1_baseline
1009.4896v1.pdf,LiFeAs,iron_pnictide_111,2.5,18.0,5,2.0,12.5,1.6451475855143274,0.122958783911204,0.0345827311788766,True,ok,v3.2.1_baseline
1009.4896v1.pdf,LiFeAs,iron_pnictide_111,3.0,18.0,5,2.0,12.5,1.6799852496016106,0.1895913561847704,0.0533234510529106,True,ok,v3.2.1_baseline
1009.4896v1.pdf,LiFeAs,iron_pnictide_111,3.5,18.0,5,2.0,12.5,1.7499489489998867,0.2112307019519475,0.0594096205865919,True,ok,v3.2.1_baseline
1009.4896v1.pdf,LiFeAs,iron_pnictide_111,4.0,18.0,5,2.0,12.5,1.6291001003422927,0.190001521996313,0.0534388113037639,True,ok,v3.2.1_baseline
1009.4896v1.pdf,LiFeAs,iron_pnictide_111,4.5,18.0,5,2.0,12.5,1.4608195493457354,0.1060137739079052,0.0298168682858905,True,ok,v3.2.1_baseline
1009.4896v1.pdf,LiFeAs,iron_pnictide_111,5.0,18.0,5,2.0,12.5,1.5124607254350737,0.0886807629216317,0.0249418770927134,True,ok,v3.2.1_baseline
1104.0477v2.pdf,Fe2TeSe,iron_chalcogenide_11,0.0,14.5,4,2.0,10.0,0.8859936018618052,0.0203686256695972,0.0048348383570943,True,ok,v3.2.1_baseline
1104.0477v2.pdf,Fe2TeSe,iron_chalcogenide_11,1.0,14.5,4,2.0,10.0,0.9176010589062212,0.0442302439179994,0.0104987965756285,True,ok,v3.2.1_baseline
1104.0477v2.pdf,Fe2TeSe,iron_chalcogenide_11,2.0,14.5,4,2.0,10.0,0.9596484638909868,0.1043328356953531,0.0247651666232819,True,ok,v3.2.1_baseline
1104.0477v2.pdf,Fe2TeSe,iron_chalcogenide_11,3.0,14.5,4,2.0,10.0,0.9868007449686182,0.0997271792131993,0.0236719373526709,True,ok,v3.2.1_baseline
1104.0477v2.pdf,Fe2TeSe,iron_chalcogenide_11,4.0,14.5,4,2.0,10.0,1.025196083575609,0.1189911164898343,0.0282445574589519,True,ok,v3.2.1_baseline
1104.0477v2.pdf,Fe2TeSe,iron_chalcogenide_11,5.0,14.5,4,2.0,10.0,1.1439502823210153,0.0677568352957503,0.0160832333546662,True,ok,v3.2.1_baseline
1104.0477v2.pdf,Fe2TeSe,iron_chalcogenide_11,6.0,14.5,4,2.0,10.0,1.1708579823149876,0.0177090891282364,0.0042035517797021,True,ok,v3.2.1_baseline
1104.0477v2.pdf,Fe2TeSe,iron_chalcogenide_11,7.0,14.5,4,2.0,10.0,1.1122236317490184,0.0782866292745786,0.0185826575224021,True,ok,v3.2.1_baseline
1104.0477v2.pdf,Fe2TeSe,iron_chalcogenide_11,8.0,14.5,4,2.0,10.0,0.9730211085540622,0.1467078803223619,0.0348235970482481,True,ok,v3.2.1_baseline
1104.0477v2.pdf,Fe2TeSe,iron_chalcogenide_11,9.0,14.5,4,2.0,10.0,0.9512127562493,0.1493549403685449,0.0354519271393457,True,ok,v3.2.1_baseline
1104.0477v2.pdf,Fe2TeSe,iron_chalcogenide_11,10.0,14.5,4,2.0,10.0,0.9125739668046136,0.139034496310958,0.0330021938402878,True,ok,v3.2.1_baseline
1104.0477v2.pdf,Fe2TeSe,iron_chalcogenide_11,11.0,14.5,4,2.0,10.0,0.973021151359552,0.1467078458913319,0.0348235970482481,True,ok,v3.2.1_baseline
1104.0477v2.pdf,Fe2TeSe,iron_chalcogenide_11,12.0,14.5,4,2.0,10.0,1.025658367329123,0.1536170447631818,0.0364636081712339,True,ok,v3.2.1_baseline
1104.0477v2.pdf,Fe2TeSe,iron_chalcogenide_11,13.0,14.5,4,2.0,10.0,1.123783512237895,0.2071509274747968,0.0491707805920692,True,ok,v3.2.1_baseline
1104.0477v2.pdf,Fe2TeSe,iron_chalcogenide_11,14.0,14.5,4,2.0,10.0,1.2453175891009185,0.2021401273802074,0.0479813828957194,True,ok,v3.2.1_baseline
1104.0477v2.pdf,Fe2TeSe,iron_chalcogenide_11,15.0,14.5,4,2.0,10.0,1.455626723749111,0.2152028048121777,0.0510820308305063,True,ok,v3.2.1_baseline
1104.0477v2.pdf,Fe2TeSe,iron_chalcogenide_11,16.0,14.5,4,2.0,10.0,1.3945398045319024,0.2058775329095082,0.0488685200832649,True,ok,v3.2.1_baseline
1104.0477v2.pdf,Fe2TeSe,iron_chalcogenide_11,17.0,14.5,4,2.0,10.0,1.2830559792519698,0.1976832777896801,0.0469234770517173,True,ok,v3.2.1_baseline
1104.0477v2.pdf,Fe2TeSe,iron_chalcogenide_11,18.0,14.5,4,2.0,10.0,0.7022647889226937,0.1466584822285188,0.0348118779784678,True,ok,v3.2.1_baseline
1108.0407v1.pdf,Fe9Se8,iron_chalcogenide_11,0.0,8.0,6,1.8,5.0,0.3695377826787049,0.0547634414950524,0.0121215675987136,True,ok,v3.2.1_baseline
1108.0407v1.pdf,Fe9Se8,iron_chalcogenide_11,0.0005,8.0,6,1.8,5.0,0.4186355365622873,0.0607995165308335,0.0134576152585502,True,ok,v3.2.1_baseline
1108.0407v1.pdf,Fe9Se8,iron_chalcogenide_11,0.001,8.0,6,1.8,5.0,0.4829181372782633,0.0682746447330394,0.0151121943837339,True,ok,v3.2.1_baseline
1108.0407v1.pdf,Fe9Se8,iron_chalcogenide_11,0.0015,8.0,6,1.8,5.0,0.5708243631003653,0.0777205970903289,0.017202998186648,True,ok,v3.2.1_baseline
1108.0407v1.pdf,Fe9Se8,iron_chalcogenide_11,0.002,8.0,6,1.8,5.0,0.6986094470764561,0.0898778542638396,0.0198939339504061,True,ok,v3.2.1_baseline
1108.0407v1.pdf,Fe9Se8,iron_chalcogenide_11,0.0025,8.0,6,1.8,5.0,0.6098793759403179,0.137677564738491,0.0304741184777289,True,ok,v3.2.1_baseline
1108.0407v1.pdf,Fe9Se8,iron_chalcogenide_11,0.003,8.0,6,1.8,5.0,0.4967632867343273,0.1441568062872978,0.0319082608976333,True,ok,v3.2.1_baseline
1108.0407v1.pdf,Fe9Se8,iron_chalcogenide_11,0.0035,8.0,6,1.8,5.0,0.3889933585506588,0.1235704593676993,0.0273516004272708,True,ok,v3.2.1_baseline
1108.0407v1.pdf,Fe9Se8,iron_chalcogenide_11,0.004,8.0,6,1.8,5.0,0.3474767294937527,0.1186012071383724,0.0262516837390286,True,ok,v3.2.1_baseline
1108.0407v1.pdf,Fe9Se8,iron_chalcogenide_11,0.0045,8.0,6,1.8,5.0,0.4897408851309356,0.1671590298875344,0.0369996701377724,True,ok,v3.2.1_baseline
1108.0407v1.pdf,Fe9Se8,iron_chalcogenide_11,0.005,8.0,6,1.8,5.0,0.2695238966972091,0.0919942508722645,0.0203623878526049,True,ok,v3.2.1_baseline
1108.5583v3.pdf,LiFeAs,iron_pnictide_111,0.0,18.0,3,4.2,12.0,0.6087362727857011,0.0349051905997138,0.0051985439472781,True,ok,v3.2.1_baseline
1108.5583v3.pdf,LiFeAs,iron_pnictide_111,0.2,18.0,3,4.2,12.0,0.6087362720455148,0.0349051936406842,0.0051985439472782,True,ok,v3.2.1_baseline
1108.5583v3.pdf,LiFeAs,iron_pnictide_111,0.4,18.0,3,4.2,12.0,0.6087362707832297,0.0349051936406848,0.0051985439472783,True,ok,v3.2.1_baseline
1108.5583v3.pdf,LiFeAs,iron_pnictide_111,0.6,18.0,3,4.2,12.0,0.608736272785714,0.0349051905997136,0.005198543947278,True,ok,v3.2.1_baseline
1108.5583v3.pdf,LiFeAs,iron_pnictide_111,0.8,18.0,3,4.2,12.0,0.6087362707832386,0.0349051905997147,0.0051985439472782,True,ok,v3.2.1_baseline
1108.5583v3.pdf,LiFeAs,iron_pnictide_111,1.0,18.0,3,4.2,12.0,0.6087362727857245,0.0349051905997143,0.0051985439472781,True,ok,v3.2.1_baseline
1108.5583v3.pdf,LiFeAs,iron_pnictide_111,1.2,18.0,3,4.2,12.0,0.6087362707832547,0.0349051910268532,0.0051985439472784,True,ok,v3.2.1_baseline
1108.5583v3.pdf,LiFeAs,iron_pnictide_111,1.4,18.0,3,4.2,12.0,0.6087362714144087,0.0349051921201997,0.0051985439472782,True,ok,v3.2.1_baseline
1108.5583v3.pdf,LiFeAs,iron_pnictide_111,1.6,18.0,3,4.2,12.0,0.6087362701521369,0.0349051921201996,0.0051985439472782,True,ok,v3.2.1_baseline
1108.5583v3.pdf,LiFeAs,iron_pnictide_111,1.8,18.0,3,4.2,12.0,0.6087362697820662,0.0349051892927988,0.0051985439472782,True,ok,v3.2.1_baseline
1109.5479v1.pdf,Ba(FeAs)2,iron_pnictide_122,0.01,38.0,3,5.0,17.5,0.525295267744119,0.0285143202269982,0.0024167442913417,True,ok,v3.2.1_baseline
1109.5479v1.pdf,Ba(FeAs)2,iron_pnictide_122,0.02,38.0,3,5.0,17.5,0.560845994584733,0.0290815630740997,0.0024648227023575,True,ok,v3.2.1_baseline
1109.5479v1.pdf,Ba(FeAs)2,iron_pnictide_122,0.03,38.0,3,5.0,17.5,0.6015932155309553,0.0295228992463127,0.0025022270185565,True,ok,v3.2.1_baseline
1109.5479v1.pdf,Ba(FeAs)2,iron_pnictide_122,0.04,38.0,3,5.0,17.5,0.6487757363307495,0.029756364258521,0.0025220158207157,True,ok,v3.2.1_baseline
1109.5479v1.pdf,Ba(FeAs)2,iron_pnictide_122,0.05,38.0,3,5.0,17.5,0.7040639764288007,0.029652911460357,0.0025132461136362,True,ok,v3.2.1_baseline
1109.5479v1.pdf,Ba(FeAs)2,iron_pnictide_122,0.06,38.0,3,5.0,17.5,0.7697679782091831,0.0290041934796029,0.002458263723588,True,ok,v3.2.1_baseline
1109.5479v1.pdf,Ba(FeAs)2,iron_pnictide_122,0.07,38.0,3,5.0,17.5,0.8491802110959502,0.0274640375806353,0.0023277271038484,True,ok,v3.2.1_baseline
1109.5479v1.pdf,Ba(FeAs)2,iron_pnictide_122,0.08,38.0,3,5.0,17.5,0.9471689354025224,0.0244347509381868,0.0020709797936765,True,ok,v3.2.1_baseline
1109.5479v1.pdf,Ba(FeAs)2,iron_pnictide_122,0.09,38.0,3,5.0,17.5,1.0712697115670744,0.0188328506000733,0.001596186768112,True,ok,v3.2.1_baseline
1109.5479v1.pdf,Ba(FeAs)2,iron_pnictide_122,0.1,38.0,3,5.0,17.5,1.233855232142574,0.008564301992377,0.0007258712850439,True,ok,v3.2.1_baseline
1109.5479v1.pdf,Ba(FeAs)2,iron_pnictide_122,0.2,38.0,3,5.0,17.5,1.456915999438681,0.010782522900046,0.0009138779177864,True,ok,v3.2.1_baseline
1109.5479v1.pdf,Ba(FeAs)2,iron_pnictide_122,0.3,38.0,3,5.0,17.5,1.7842348203943634,0.0497179442218813,0.0042138678215678,True,ok,v3.2.1_baseline
1109.5479v1.pdf,Ba(FeAs)2,iron_pnictide_122,0.4,38.0,3,5.0,17.5,2.3201686349365147,0.1385759813126104,0.0117450746903509,True,ok,v3.2.1_baseline
1109.5479v1.pdf,Ba(FeAs)2,iron_pnictide_122,0.5,38.0,3,5.0,17.5,2.128466949180344,0.192923198683115,0.0163512974126368,True,ok,v3.2.1_baseline
1109.5479v1.pdf,Ba(FeAs)2,iron_pnictide_122,0.6,38.0,3,5.0,17.5,1.85772163085112,0.7383611743028592,0.0625801462317312,True,ok,v3.2.1_baseline
1109.5479v1.pdf,Ba(FeAs)2,iron_pnictide_122,0.7,38.0,3,5.0,17.5,1.5595189170069874,0.4560660014967003,0.0386540795155934,True,ok,v3.2.1_baseline
1109.5479v1.pdf,Ba(FeAs)2,iron_pnictide_122,0.8,38.0,3,5.0,17.5,1.0712697158359736,0.0188328460984517,0.0015961867681123,True,ok,v3.2.1_baseline
1109.5479v1.pdf,Ba(FeAs)2,iron_pnictide_122,0.9,38.0,3,5.0,17.5,1.2338552311765876,0.0085643003192906,0.0007258712850442,True,ok,v3.2.1_baseline
1109.5479v1.pdf,Ba(FeAs)2,iron_pnictide_122,1.0,38.0,3,5.0,17.5,1.4569160000139372,0.0107825249054556,0.0009138779177865,True,ok,v3.2.1_baseline
1111.3923v1.pdf,Fe2TeSe,iron_chalcogenide_11,0.0,14.5,3,4.0,10.0,0.2611967453069597,0.0283714750759639,0.0042744912834263,True,ok,v3.2.1_baseline
1111.3923v1.pdf,Fe2TeSe,iron_chalcogenide_11,1.0,14.5,3,4.0,10.0,0.3365034733972374,0.039696164054852,0.0059806867418352,True,ok,v3.2.1_baseline
1111.3923v1.pdf,Fe2TeSe,iron_chalcogenide_11,2.0,14.5,3,4.0,10.0,0.4736677579094627,0.063916110421855,0.009629702095685,True,ok,v3.2.1_baseline
1111.3923v1.pdf,Fe2TeSe,iron_chalcogenide_11,3.0,14.5,3,4.0,10.0,0.3365034624133888,0.0396961701663807,0.005980686741835,True,ok,v3.2.1_baseline
1111.3923v1.pdf,Fe2TeSe,iron_chalcogenide_11,4.0,14.5,3,4.0,10.0,0.473667758203633,0.0639161193563793,0.0096297020956847,True,ok,v3.2.1_baseline
1111.3923v1.pdf,Fe2TeSe,iron_chalcogenide_11,5.0,14.5,3,4.0,10.0,0.3335944100825486,0.0778658315738044,0.0117313874659329,True,ok,v3.2.1_baseline
1111.3923v1.pdf,Fe2TeSe,iron_chalcogenide_11,6.0,14.5,3,4.0,10.0,0.477883222893001,0.0086050357283456,0.0012964480857272,True,ok,v3.2.1_baseline
1111.3923v1.pdf,Fe2TeSe,iron_chalcogenide_11,7.0,14.5,3,4.0,10.0,0.2611967453210322,0.0283714747879588,0.0042744912834263,True,ok,v3.2.1_baseline
1111.3923v1.pdf,Fe2TeSe,iron_chalcogenide_11,8.0,14.5,3,4.0,10.0,0.3365034624210524,0.0396961701663805,0.0059806867418349,True,ok,v3.2.1_baseline
1204.0339v2.pdf,BaFeAs2Ru,iron_pnictide_122,0.0,20.0,8,4.0,12.0,0.3687867966317429,0.0912420356352214,0.0254365016241095,True,ok,v3.2.1_baseline
1204.0339v2.pdf,BaFeAs2Ru,iron_pnictide_122,1.0,20.0,8,4.0,12.0,0.3578713102538856,0.1005396494781569,0.0280284999923056,True,ok,v3.2.1_baseline
1204.0339v2.pdf,BaFeAs2Ru,iron_pnictide_122,2.0,20.0,8,4.0,12.0,0.3817974435602838,0.1077678835313937,0.030043593055347,True,ok,v3.2.1_baseline
1204.0339v2.pdf,BaFeAs2Ru,iron_pnictide_122,3.0,20.0,8,4.0,12.0,0.409197679074198,0.1161309456001584,0.032375050288669,True,ok,v3.2.1_baseline
1204.0339v2.pdf,BaFeAs2Ru,iron_pnictide_122,4.0,20.0,8,4.0,12.0,0.4409009873510822,0.125922862289213,0.0351048524734676,True,ok,v3.2.1_baseline
1204.0339v2.pdf,BaFeAs2Ru,iron_pnictide_122,5.0,20.0,8,4.0,12.0,0.4780284727719508,0.1375506026952976,0.0383464410470967,True,ok,v3.2.1_baseline
1204.0339v2.pdf,BaFeAs2Ru,iron_pnictide_122,6.0,20.0,8,4.0,12.0,0.5221377519188637,0.1515947728619055,0.0422616732980337,True,ok,v3.2.1_baseline
1204.0339v2.pdf,BaFeAs2Ru,iron_pnictide_122,7.0,20.0,8,4.0,12.0,0.5754651122379886,0.168915206234704,0.0470902763194433,True,ok,v3.2.1_baseline
1204.0339v2.pdf,BaFeAs2Ru,iron_pnictide_122,8.0,20.0,8,4.0,12.0,0.6413553194261886,0.1908464651264928,0.0532042850239799,True,ok,v3.2.1_baseline
1204.0339v2.pdf,BaFeAs2Ru,iron_pnictide_122,9.0,20.0,8,4.0,12.0,0.7250827965995641,0.2195882378510908,0.0612169326101976,True,ok,v3.2.1_baseline
1204.0339v2.pdf,BaFeAs2Ru,iron_pnictide_122,10.0,20.0,8,4.0,12.0,0.8355811897927625,0.2590730946291225,0.0722245601784868,True,ok,v3.2.1_baseline
1204.0339v2.pdf,BaFeAs2Ru,iron_pnictide_122,11.0,20.0,8,4.0,12.0,0.9896329480347908,0.3172012023909459,0.0884295508920741,True,ok,v3.2.1_baseline
1204.0339v2.pdf,BaFeAs2Ru,iron_pnictide_122,12.0,20.0,8,4.0,12.0,1.2245089634923043,0.4130680261801492,0.115155340496917,True,ok,v3.2.1_baseline
1204.0339v2.pdf,BaFeAs2Ru,iron_pnictide_122,13.0,20.0,8,4.0,12.0,1.28080079531585,0.3870871340487719,0.1079123820148499,True,ok,v3.2.1_baseline
1204.0339v2.pdf,BaFeAs2Ru,iron_pnictide_122,14.0,20.0,8,4.0,12.0,1.3755413185398035,0.3857998749635024,0.1075535129168354,True,ok,v3.2.1_baseline
1204.0339v2.pdf,BaFeAs2Ru,iron_pnictide_122,15.0,20.0,8,4.0,12.0,1.431937934313558,0.2820776968285543,0.078637785702252,True,ok,v3.2.1_baseline
1204.0339v2.pdf,BaFeAs2Ru,iron_pnictide_122,16.0,20.0,8,4.0,12.0,1.2296919314851316,0.2726625486892472,0.0760130183827177,True,ok,v3.2.1_baseline
1502.05345v1.pdf,Ba(FeAs)2,iron_pnictide_122,0.0,38.0,7,4.2,25.0,2.940392143622499,0.5140157808559829,0.1598051089936342,True,ok,v3.2.1_baseline
1502.05345v1.pdf,Ba(FeAs)2,iron_pnictide_122,2.0,38.0,5,4.2,25.0,2.9042368270140497,0.2010303351177209,0.0506775818693346,True,ok,v3.2.1_baseline
1502.05345v1.pdf,Ba(FeAs)2,iron_pnictide_122,4.0,38.0,5,4.2,25.0,2.90423684652855,0.201030333825472,0.0506775818693346,True,ok,v3.2.1_baseline
1502.05345v1.pdf,Ba(FeAs)2,iron_pnictide_122,6.0,38.0,5,4.2,25.0,2.904296545663741,0.2010048580971633,0.0506711604552687,True,ok,v3.2.1_baseline
1502.05345v1.pdf,Ba(FeAs)2,iron_pnictide_122,8.0,38.0,5,4.2,25.0,2.904319140459076,0.2010270052382063,0.0506767426560034,True,ok,v3.2.1_baseline
1502.05345v1.pdf,Ba(FeAs)2,iron_pnictide_122,10.0,38.0,5,4.2,25.0,2.904313803057891,0.2010526781432846,0.0506832174819002,True,ok,v3.2.1_baseline
1502.05345v1.pdf,Ba(FeAs)2,iron_pnictide_122,12.0,38.0,5,4.2,25.0,2.904763743294487,0.2008515235208322,0.0506325064494292,True,ok,v3.2.1_baseline
1502.05345v1.pdf,Ba(FeAs)2,iron_pnictide_122,14.0,38.0,5,4.2,25.0,2.904895414766666,0.2010037810755011,0.0506708890374786,True,ok,v3.2.1_baseline
1502.05345v1.pdf,Ba(FeAs)2,iron_pnictide_122,16.0,38.0,5,4.2,25.0,2.9048527239531765,0.2012092902967559,0.0507226953304078,True,ok,v3.2.1_baseline
1502.05345v1.pdf,Ba(FeAs)2,iron_pnictide_122,18.0,38.0,5,4.2,25.0,2.90463063141698,0.2012305628950196,0.0507280577942781,True,ok,v3.2.1_baseline
1502.05345v1.pdf,Ba(FeAs)2,iron_pnictide_122,20.0,38.0,5,4.2,25.0,2.904236850364359,0.201030333429618,0.0506775818693345,True,ok,v3.2.1_baseline
1502.05345v1.pdf,Ba(FeAs)2,iron_pnictide_122,22.0,38.0,5,4.2,25.0,2.91965339524512,0.1944702293588374,0.0490238503652409,True,ok,v3.2.1_baseline
1502.05345v1.pdf,Ba(FeAs)2,iron_pnictide_122,24.0,38.0,5,4.2,25.0,2.9254910997410986,0.2002782714484821,0.0504879952534419,True,ok,v3.2.1_baseline
1502.05345v1.pdf,Ba(FeAs)2,iron_pnictide_122,26.0,38.0,5,4.2,25.0,2.863919801657876,0.2327791969498907,0.0586811277446087,True,ok,v3.2.1_baseline
1502.05345v1.pdf,Ba(FeAs)2,iron_pnictide_122,28.0,38.0,5,4.2,25.0,2.833958844729197,0.2128483500112584,0.0536567769808012,True,ok,v3.2.1_baseline
1502.05345v1.pdf,Ba(FeAs)2,iron_pnictide_122,30.0,38.0,5,4.2,25.0,2.8266282689968523,0.1797476835949378,0.0453124550565181,True,ok,v3.2.1_baseline
1502.05345v1.pdf,Ba(FeAs)2,iron_pnictide_122,32.0,38.0,5,4.2,25.0,2.854614489124287,0.1772850032641137,0.0446916400817772,True,ok,v3.2.1_baseline
1502.05345v1.pdf,Ba(FeAs)2,iron_pnictide_122,34.0,38.0,5,4.2,25.0,2.257752354163792,0.4900746601441948,0.1235425447495665,True,ok,v3.2.1_baseline
1611.08455v1.pdf,Fe2TeSe,iron_chalcogenide_11,0.0,14.5,4,7.0,10.0,0.6976964918015022,0.0112498528232709,0.0013166777089582,True,ok,v3.2.1_baseline
1611.08455v1.pdf,Fe2TeSe,iron_chalcogenide_11,0.5,14.5,4,7.0,10.0,0.9199289254422576,0.0039192059640299,0.0004587020428587,True,ok,v3.2.1_baseline
1611.08455v1.pdf,Fe2TeSe,iron_chalcogenide_11,1.0,14.5,4,7.0,10.0,1.0712506430286362,0.1182259335096453,0.013837109686331,True,ok,v3.2.1_baseline
1611.08455v1.pdf,Fe2TeSe,iron_chalcogenide_11,1.5,14.5,4,7.0,10.0,0.9199289254435952,0.0039192054644683,0.0004587020428586,True,ok,v3.2.1_baseline
1611.08455v1.pdf,Fe2TeSe,iron_chalcogenide_11,2.0,14.5,4,7.0,10.0,1.0189238706660204,0.1442589413897638,0.0168840007245577,True,ok,v3.2.1_baseline
1611.08455v1.pdf,Fe2TeSe,iron_chalcogenide_11,2.5,14.5,4,7.0,10.0,1.014745673712264,0.0584170867398497,0.0068371093932249,True,ok,v3.2.1_baseline
1611.08455v1.pdf,Fe2TeSe,iron_chalcogenide_11,3.0,14.5,4,7.0,10.0,0.991404572965553,0.1637846961256827,0.0191692870871257,True,ok,v3.2.1_baseline
1611.08455v1.pdf,Fe2TeSe,iron_chalcogenide_11,3.5,14.5,4,7.0,10.0,0.6976964901367316,0.0112498528232716,0.0013166777089583,True,ok,v3.2.1_baseline
1611.08455v1.pdf,Fe2TeSe,iron_chalcogenide_11,4.0,14.5,4,7.0,10.0,0.9199289266451848,0.0039192051393519,0.0004587020428588,True,ok,v3.2.1_baseline
1611.08455v1.pdf,Fe2TeSe,iron_chalcogenide_11,4.5,14.5,4,7.0,10.0,1.0712506371204435,0.1182259318651156,0.013837109686331,True,ok,v3.2.1_baseline
1611.08455v1.pdf,Fe2TeSe,iron_chalcogenide_11,5.0,14.5,4,7.0,10.0,0.9199289250645754,0.0039192052831638,0.0004587020428584,True,ok,v3.2.1_baseline
1611.08455v1.pdf,Fe2TeSe,iron_chalcogenide_11,5.5,14.5,4,7.0,10.0,1.3575822230159391,0.0256900957962366,0.0030067568705165,True,ok,v3.2.1_baseline
1611.08455v1.pdf,Fe2TeSe,iron_chalcogenide_11,6.0,14.5,4,7.0,10.0,1.837964670821552,0.2062149323280903,0.0241353025283025,True,ok,v3.2.1_baseline
1611.08455v1.pdf,Fe2TeSe,iron_chalcogenide_11,6.5,14.5,4,7.0,10.0,1.8814718966036423,0.2351068451253245,0.0275167979785038,True,ok,v3.2.1_baseline
1611.08455v1.pdf,Fe2TeSe,iron_chalcogenide_11,7.0,14.5,4,7.0,10.0,1.7946944755107903,0.0749970464144178,0.0087776209226266,True,ok,v3.2.1_baseline
1612.02839v1.pdf,Ba(FeAs)2,iron_pnictide_122,1e-06,38.0,3,1.5,13.5,0.5223616105417969,0.1310688901523572,0.0096335731180661,True,ok,v3.2.1_baseline
1612.02839v1.pdf,Ba(FeAs)2,iron_pnictide_122,2e-06,38.0,3,1.5,13.5,0.553664837139812,0.1378073833505728,0.0101288523969272,True,ok,v3.2.1_baseline
1612.02839v1.pdf,Ba(FeAs)2,iron_pnictide_122,3e-06,38.0,3,1.5,13.5,0.5889791075853732,0.1452619686908692,0.0106767645903897,True,ok,v3.2.1_baseline
1612.02839v1.pdf,Ba(FeAs)2,iron_pnictide_122,4e-06,38.0,3,1.5,13.5,0.6291327887144992,0.1535493273868062,0.0112858869171104,True,ok,v3.2.1_baseline
1612.02839v1.pdf,Ba(FeAs)2,iron_pnictide_122,5e-06,38.0,3,1.5,13.5,0.6752006946138858,0.1628114582178027,0.0119666542180754,True,ok,v3.2.1_baseline
1612.02839v1.pdf,Ba(FeAs)2,iron_pnictide_122,6e-06,38.0,3,1.5,13.5,0.7286039642500667,0.1732219611905538,0.0127318265331871,True,ok,v3.2.1_baseline
1612.02839v1.pdf,Ba(FeAs)2,iron_pnictide_122,7.000000000000001e-06,38.0,3,1.5,13.5,0.7912626043767681,0.1849937466674918,0.0135970540593933,True,ok,v3.2.1_baseline
1612.02839v1.pdf,Ba(FeAs)2,iron_pnictide_122,8e-06,38.0,3,1.5,13.5,0.8658386088932036,0.1983875970159545,0.0145815030504114,True,ok,v3.2.1_baseline
1612.02839v1.pdf,Ba(FeAs)2,iron_pnictide_122,9e-06,38.0,3,1.5,13.5,0.9561364815503038,0.2137193102681865,0.015708384902174,True,ok,v3.2.1_baseline
1612.02839v1.pdf,Ba(FeAs)2,iron_pnictide_122,1e-05,38.0,3,1.5,13.5,1.0678000138721346,0.2313586310071212,0.0170048757033471,True,ok,v3.2.1_baseline
1612.02839v1.pdf,Ba(FeAs)2,iron_pnictide_122,2e-05,38.0,3,1.5,13.5,1.209599288873662,0.2516984383084985,0.018499852718022,True,ok,v3.2.1_baseline
1612.02839v1.pdf,Ba(FeAs)2,iron_pnictide_122,3e-05,38.0,3,1.5,13.5,1.3960016883423554,0.2750270211360362,0.0202145053629166,True,ok,v3.2.1_baseline
1612.02839v1.pdf,Ba(FeAs)2,iron_pnictide_122,4e-05,38.0,3,1.5,13.5,1.652869097054821,0.3010751724075958,0.0221290464751491,True,ok,v3.2.1_baseline
1612.02839v1.pdf,Ba(FeAs)2,iron_pnictide_122,5e-05,38.0,3,1.5,13.5,2.0320634595432083,0.3273505964816934,0.0240602921688139,True,ok,v3.2.1_baseline
1612.02839v1.pdf,Ba(FeAs)2,iron_pnictide_122,6e-05,38.0,3,1.5,13.5,2.658334481796059,0.3419282504710057,0.0251317508272369,True,ok,v3.2.1_baseline
1612.02839v1.pdf,Ba(FeAs)2,iron_pnictide_122,7e-05,38.0,3,1.5,13.5,2.0852052889168644,0.747625574806983,0.0549505327788837,True,ok,v3.2.1_baseline
1612.02839v1.pdf,Ba(FeAs)2,iron_pnictide_122,8e-05,38.0,3,1.5,13.5,1.3429588798321068,1.3871122419847526,0.1019528485552598,True,ok,v3.2.1_baseline
1612.02839v1.pdf,Ba(FeAs)2,iron_pnictide_122,9e-05,38.0,3,1.5,13.5,0.7855806563776175,0.8114086458547757,0.0596385932465302,True,ok,v3.2.1_baseline
1612.02839v1.pdf,Ba(FeAs)2,iron_pnictide_122,0.0001,38.0,3,1.5,13.5,5.544336435962253e-06,7.164692925927692e-06,5.26605438830765e-07,True,ok,v3.2.1_baseline
1801.05074v1.pdf,Ba(FeAs)2,iron_pnictide_122,0.0,38.0,12,2.0,19.0,0.8431938325871358,0.0344926440731903,0.0100871899439963,True,ok,v3.2.1_baseline
1801.05074v1.pdf,Ba(FeAs)2,iron_pnictide_122,0.5,38.0,12,2.0,19.0,0.8906105947532342,0.0375729567610384,0.0109880119473443,True,ok,v3.2.1_baseline
1801.05074v1.pdf,Ba(FeAs)2,iron_pnictide_122,1.0,38.0,12,2.0,19.0,0.9438175904083224,0.0411997955168562,0.0120486608432033,True,ok,v3.2.1_baseline
1801.05074v1.pdf,Ba(FeAs)2,iron_pnictide_122,1.5,38.0,12,2.0,19.0,1.003976045627776,0.0455208126044449,0.0133123181677107,True,ok,v3.2.1_baseline
1801.05074v1.pdf,Ba(FeAs)2,iron_pnictide_122,2.0,38.0,12,2.0,19.0,1.0725903521734,0.0507392541064049,0.0148384241654373,True,ok,v3.2.1_baseline
1801.05074v1.pdf,Ba(FeAs)2,iron_pnictide_122,2.5,38.0,12,2.0,19.0,1.1516498673167244,0.057142053297839,0.0167108893053886,True,ok,v3.2.1_baseline
1801.05074v1.pdf,Ba(FeAs)2,iron_pnictide_122,3.0,38.0,12,2.0,19.0,1.2438500929160778,0.0651465917325688,0.0190517733016448,True,ok,v3.2.1_baseline
1801.05074v1.pdf,Ba(FeAs)2,iron_pnictide_122,3.5,38.0,12,2.0,19.0,1.3529532739566426,0.0753824862206324,0.0220452048393987,True,ok,v3.2.1_baseline
1801.05074v1.pdf,Ba(FeAs)2,iron_pnictide_122,4.0,38.0,12,2.0,19.0,1.484408383309296,0.0888434793937285,0.0259818001781269,True,ok,v3.2.1_baseline
1801.05074v1.pdf,Ba(FeAs)2,iron_pnictide_122,4.5,38.0,12,2.0,19.0,1.6464938989100355,0.1071920175718022,0.0313477353380388,True,ok,v3.2.1_baseline
1801.05074v1.pdf,Ba(FeAs)2,iron_pnictide_122,5.0,38.0,12,2.0,19.0,1.8526265747134625,0.1334359180596519,0.0390226226447469,True,ok,v3.2.1_baseline
1801.05074v1.pdf,Ba(FeAs)2,iron_pnictide_122,5.5,38.0,12,2.0,19.0,2.126682918373048,0.1736659746949153,0.0507876855412024,True,ok,v3.2.1_baseline
1801.05074v1.pdf,Ba(FeAs)2,iron_pnictide_122,6.0,38.0,12,2.0,19.0,2.5180781006536246,0.2426502904618312,0.0709617871763923,True,ok,v3.2.1_baseline
1802.09868v1.pdf,Ba(FeAs)2,iron_pnictide_122,0.0,38.0,9,2.0,25.0,1.4668360621199308,0.7090277006199852,0.2802260462614416,True,ok,v3.2.1_baseline
1802.09868v1.pdf,Ba(FeAs)2,iron_pnictide_122,0.0005,38.0,5,2.0,20.0,0.8256866010549156,0.040810370114703,0.007694540636404,True,ok,v3.2.1_baseline
1802.09868v1.pdf,Ba(FeAs)2,iron_pnictide_122,0.001,38.0,5,2.0,20.0,0.9745472276274716,0.0407761023802629,0.007688080633691,True,ok,v3.2.1_baseline
1802.09868v1.pdf,Ba(FeAs)2,iron_pnictide_122,0.0015,38.0,5,2.0,20.0,1.1922488230617978,0.0387254771908425,0.0073014464523655,True,ok,v3.2.1_baseline
1802.09868v1.pdf,Ba(FeAs)2,iron_pnictide_122,0.002,38.0,5,2.0,20.0,1.546204852252994,0.0411997725486349,0.0077679601361651,True,ok,v3.2.1_baseline
1802.09868v1.pdf,Ba(FeAs)2,iron_pnictide_122,0.0025,38.0,5,2.0,20.0,2.2581644013442017,0.120406003307052,0.022701800156544,True,ok,v3.2.1_baseline
1802.09868v1.pdf,Ba(FeAs)2,iron_pnictide_122,0.003,38.0,5,2.0,20.0,3.0113550387114034,0.0806872132607902,0.0152130695548092,True,ok,v3.2.1_baseline
1802.09868v1.pdf,Ba(FeAs)2,iron_pnictide_122,0.0035,38.0,5,2.0,20.0,3.5845966615079017,0.1976114532964295,0.0372584059108339,True,ok,v3.2.1_baseline
1802.09868v1.pdf,Ba(FeAs)2,iron_pnictide_122,0.004,38.0,5,2.0,20.0,4.137776013841118,0.3000317389238598,0.0565691103808198,True,ok,v3.2.1_baseline
1802.09868v1.pdf,Ba(FeAs)2,iron_pnictide_122,0.0045,38.0,5,2.0,20.0,4.245840028366205,0.3707049501132769,0.069894101703937,True,ok,v3.2.1_baseline
1802.09868v1.pdf,Ba(FeAs)2,iron_pnictide_122,0.005,38.0,5,2.0,20.0,4.214168422661995,0.4761681481755221,0.0897785315773063,True,ok,v3.2.1_baseline
1903.00866v2.pdf,K(FeAs)2,iron_pnictide_122,0.0,38.0,18,2.0,25.0,0.910783257513088,0.7088459933184409,0.4351700577477196,True,ok,v3.2.1_baseline
1903.00866v2.pdf,K(FeAs)2,iron_pnictide_122,0.0005,38.0,12,2.0,25.0,1.011759801718742,1.0781568205863208,0.5232738863181262,True,ok,v3.2.1_baseline
1903.00866v2.pdf,K(FeAs)2,iron_pnictide_122,0.001,38.0,12,2.0,25.0,1.0111885682361383,1.147752422138198,0.5570515105455207,True,ok,v3.2.1_baseline
1903.00866v2.pdf,K(FeAs)2,iron_pnictide_122,0.0015,38.0,12,2.0,25.0,1.074818609668552,1.2140731054308112,0.5892396225395369,True,ok,v3.2.1_baseline
1903.00866v2.pdf,K(FeAs)2,iron_pnictide_122,0.002,38.0,12,2.0,25.0,1.129646131314274,1.2770058940491325,0.6197834713884453,True,ok,v3.2.1_baseline
1903.00866v2.pdf,K(FeAs)2,iron_pnictide_122,0.0025,38.0,12,2.0,25.0,1.201614179180701,1.3403980502006778,0.6505502898230803,True,ok,v3.2.1_baseline
1903.00866v2.pdf,K(FeAs)2,iron_pnictide_122,0.003,38.0,12,2.0,25.0,1.2672829707977868,1.4125057945264343,0.6855471200943445,True,ok,v3.2.1_baseline
1903.00866v2.pdf,K(FeAs)2,iron_pnictide_122,0.0035,38.0,12,2.0,25.0,1.3313802167174869,1.489920657120012,0.7231197625328838,True,ok,v3.2.1_baseline
1903.00866v2.pdf,K(FeAs)2,iron_pnictide_122,0.004,38.0,12,2.0,25.0,1.3481459249714047,1.5603489696487458,0.7573015125360776,True,ok,v3.2.1_baseline
1903.00866v2.pdf,K(FeAs)2,iron_pnictide_122,0.0045,38.0,12,2.0,25.0,1.4036919154665002,1.6356972521336657,0.7938711016283331,True,ok,v3.2.1_baseline
1903.00866v2.pdf,K(FeAs)2,iron_pnictide_122,0.005,38.0,12,2.0,25.0,1.4509017062804823,1.7194823845032916,0.8345355261689062,True,ok,v3.2.1_baseline
1903.00866v2.pdf,K(FeAs)2,iron_pnictide_122,0.5,38.0,6,2.0,25.0,0.7175104669264175,0.0310027196890708,0.0095164908922159,True,ok,v3.2.1_baseline
1903.00866v2.pdf,K(FeAs)2,iron_pnictide_122,1.0,38.0,6,2.0,25.0,0.7788815417742296,0.0303140384119715,0.0093050955423636,True,ok,v3.2.1_baseline
1903.00866v2.pdf,K(FeAs)2,iron_pnictide_122,1.5,38.0,6,2.0,25.0,0.8523521879723429,0.0289534235483554,0.0088874474675141,True,ok,v3.2.1_baseline
1903.00866v2.pdf,K(FeAs)2,iron_pnictide_122,2.0,38.0,6,2.0,25.0,0.942143184613874,0.0266876204610634,0.0081919434040967,True,ok,v3.2.1_baseline
1903.00866v2.pdf,K(FeAs)2,iron_pnictide_122,2.5,38.0,6,2.0,25.0,1.0548593372083497,0.0235888353109721,0.0072407507015667,True,ok,v3.2.1_baseline
1903.00866v2.pdf,K(FeAs)2,iron_pnictide_122,3.0,38.0,6,2.0,25.0,1.2016142066016886,0.0220754974539523,0.0067762219959929,True,ok,v3.2.1_baseline
1903.00866v2.pdf,K(FeAs)2,iron_pnictide_122,3.5,38.0,6,2.0,25.0,1.4031910798742795,0.032591391792071,0.0100041456362336,True,ok,v3.2.1_baseline
1903.00866v2.pdf,K(FeAs)2,iron_pnictide_122,4.0,38.0,6,2.0,25.0,1.7056981839375522,0.0715811921656358,0.0219723253045749,True,ok,v3.2.1_baseline
1903.00866v2.pdf,K(FeAs)2,iron_pnictide_122,4.5,38.0,6,2.0,25.0,2.2526829724073614,0.1838880372279222,0.0564456629136593,True,ok,v3.2.1_baseline
1903.00866v2.pdf,K(FeAs)2,iron_pnictide_122,5.0,38.0,6,2.0,25.0,3.566693099194509,0.5599331258362159,0.1718752141726316,True,ok,v3.2.1_baseline
2012.13723v3.pdf,Ba(FeAs)2,iron_pnictide_122,0.0,38.0,6,4.0,24.0,0.7819723917141267,0.0110426654205199,0.002895809873847,True,ok,v3.2.1_baseline
2012.13723v3.pdf,Ba(FeAs)2,iron_pnictide_122,1.0,38.0,6,4.0,24.0,0.9648659983627867,0.057913330985645,0.0151870918669475,True,ok,v3.2.1_baseline
2012.13723v3.pdf,Ba(FeAs)2,iron_pnictide_122,2.0,38.0,6,4.0,24.0,0.990710379503458,0.0651039044154546,0.0170727387736776,True,ok,v3.2.1_baseline
2012.13723v3.pdf,Ba(FeAs)2,iron_pnictide_122,3.0,38.0,6,4.0,24.0,1.199324806314188,0.1279944574492693,0.0335650527191815,True,ok,v3.2.1_baseline
2012.13723v3.pdf,Ba(FeAs)2,iron_pnictide_122,4.0,38.0,6,4.0,24.0,1.1964980671324823,0.1437240148824335,0.0376899382594414,True,ok,v3.2.1_baseline
2012.13723v3.pdf,Ba(FeAs)2,iron_pnictide_122,5.0,38.0,6,4.0,24.0,1.1915856579519666,0.1361110839666077,0.0356935376472519,True,ok,v3.2.1_baseline
2012.13723v3.pdf,Ba(FeAs)2,iron_pnictide_122,6.0,38.0,6,4.0,24.0,0.9563313865375388,0.0862242197996685,0.022611290439813,True,ok,v3.2.1_baseline
2012.13723v3.pdf,Ba(FeAs)2,iron_pnictide_122,7.0,38.0,6,4.0,24.0,0.8495410828571276,0.1102330867401421,0.0289073379343329,True,ok,v3.2.1_baseline
2110.15577v1.pdf,KBa(FeAs)4,iron_pnictide_122,0.0,38.0,3,15.0,25.0,0.3895553672963873,0.0190836933412392,0.0019368237599556,True,ok,v3.2.1_baseline
2110.15577v1.pdf,KBa(FeAs)4,iron_pnictide_122,1.0,38.0,3,15.0,25.0,0.323015927585558,0.0425683341498175,0.0043203031458253,True,ok,v3.2.1_baseline
2110.15577v1.pdf,KBa(FeAs)4,iron_pnictide_122,2.0,38.0,3,15.0,25.0,0.3440226863107893,0.0458218945688864,0.0046505093177268,True,ok,v3.2.1_baseline
2110.15577v1.pdf,KBa(FeAs)4,iron_pnictide_122,3.0,38.0,3,15.0,25.0,0.367962065592599,0.0495996228790163,0.0050339169865678,True,ok,v3.2.1_baseline
2110.15577v1.pdf,KBa(FeAs)4,iron_pnictide_122,4.0,38.0,3,15.0,25.0,0.3954969466463733,0.0540363819817141,0.0054842056320857,True,ok,v3.2.1_baseline
2110.15577v1.pdf,KBa(FeAs)4,iron_pnictide_122,5.0,38.0,3,15.0,25.0,0.4275072236398978,0.0593165010319297,0.0060200902502894,True,ok,v3.2.1_baseline
2110.15577v1.pdf,KBa(FeAs)4,iron_pnictide_122,6.0,38.0,3,15.0,25.0,0.4651871555769697,0.0656987579287404,0.006667833172832,True,ok,v3.2.1_baseline
2110.15577v1.pdf,KBa(FeAs)4,iron_pnictide_122,7.0,38.0,3,15.0,25.0,0.5102005024375057,0.073557303258595,0.007465403327588,True,ok,v3.2.1_baseline
2110.15577v1.pdf,KBa(FeAs)4,iron_pnictide_122,8.0,38.0,3,15.0,25.0,0.5649383645974793,0.083452530958171,0.0084696814950936,True,ok,v3.2.1_baseline
2110.15577v1.pdf,KBa(FeAs)4,iron_pnictide_122,9.0,38.0,3,15.0,25.0,0.6329698975672717,0.0962611453691536,0.0097696384588292,True,ok,v3.2.1_baseline
2110.15577v1.pdf,KBa(FeAs)4,iron_pnictide_122,10.0,38.0,3,15.0,25.0,0.7198799979152531,0.1134297390774471,0.0115120988124227,True,ok,v3.2.1_baseline
2110.15577v1.pdf,KBa(FeAs)4,iron_pnictide_122,11.0,38.0,3,15.0,25.0,0.8349544901034599,0.137514972742757,0.0139565335248721,True,ok,v3.2.1_baseline
2110.15577v1.pdf,KBa(FeAs)4,iron_pnictide_122,12.0,38.0,3,15.0,25.0,0.994939907015007,0.1734654980295908,0.0176051882648691,True,ok,v3.2.1_baseline
2110.15577v1.pdf,KBa(FeAs)4,iron_pnictide_122,13.0,38.0,3,15.0,25.0,1.2337520445828165,0.2321705282473488,0.0235632191311261,True,ok,v3.2.1_baseline
2110.15577v1.pdf,KBa(FeAs)4,iron_pnictide_122,14.0,38.0,3,15.0,25.0,1.6338513831886845,0.3428466410989494,0.0347958561157393,True,ok,v3.2.1_baseline
2110.15577v1.pdf,KBa(FeAs)4,iron_pnictide_122,15.0,38.0,3,15.0,25.0,2.4800776167523546,0.6190773573324156,0.0628307864908542,True,ok,v3.2.1_baseline
2110.15577v1.pdf,KBa(FeAs)4,iron_pnictide_122,16.0,38.0,3,15.0,25.0,4.870265175452785,1.5240017920437716,0.1546724813876163,True,ok,v3.2.1_baseline
2207.06629v1.pdf,Ba(FeAs)2,iron_pnictide_122,0.0,38.0,6,4.0,24.0,1.3295629410905887,0.0861057797639933,0.0225802313379235,True,ok,v3.2.1_baseline
2207.06629v1.pdf,Ba(FeAs)2,iron_pnictide_122,0.5,38.0,6,4.0,24.0,1.5012174481412766,0.0521397370657804,0.0136730368034599,True,ok,v3.2.1_baseline
2207.06629v1.pdf,Ba(FeAs)2,iron_pnictide_122,1.0,38.0,6,4.0,24.0,1.6197708139473157,0.0618310103196235,0.016214459414507,True,ok,v3.2.1_baseline
2207.06629v1.pdf,Ba(FeAs)2,iron_pnictide_122,1.5,38.0,6,4.0,24.0,1.8427744166689843,0.0747919773215305,0.0196133198971423,True,ok,v3.2.1_baseline
2207.06629v1.pdf,Ba(FeAs)2,iron_pnictide_122,2.0,38.0,6,4.0,24.0,1.8564806128069544,0.1606458922380211,0.0421275050075245,True,ok,v3.2.1_baseline
2207.06629v1.pdf,Ba(FeAs)2,iron_pnictide_122,2.5,38.0,6,4.0,24.0,1.779549214647893,0.1835951258146311,0.0481456724734041,True,ok,v3.2.1_baseline
2207.06629v1.pdf,Ba(FeAs)2,iron_pnictide_122,3.0,38.0,6,4.0,24.0,1.5679481942888804,0.1833022514213364,0.0480688717108651,True,ok,v3.2.1_baseline
2207.06629v1.pdf,Ba(FeAs)2,iron_pnictide_122,3.5,38.0,6,4.0,24.0,1.4196321872635171,0.1750406113695941,0.0459023533196998,True,ok,v3.2.1_baseline
2207.06629v1.pdf,Ba(FeAs)2,iron_pnictide_122,4.0,38.0,6,4.0,24.0,1.3295629555889896,0.0861057683266767,0.0225802313379234,True,ok,v3.2.1_baseline
2207.06629v1.pdf,Ba(FeAs)2,iron_pnictide_122,4.5,38.0,6,4.0,24.0,1.501217447752425,0.0521397445571659,0.0136730368034599,True,ok,v3.2.1_baseline
2207.06629v1.pdf,Ba(FeAs)2,iron_pnictide_122,5.0,38.0,6,4.0,24.0,1.6197708166960576,0.0618310175752187,0.0162144594145069,True,ok,v3.2.1_baseline
2207.06629v1.pdf,Ba(FeAs)2,iron_pnictide_122,5.5,38.0,6,4.0,24.0,1.8427744196058808,0.0747919800393438,0.0196133198971422,True,ok,v3.2.1_baseline
2207.06629v1.pdf,Ba(FeAs)2,iron_pnictide_122,6.0,38.0,6,4.0,24.0,1.85648060652061,0.1606458837256019,0.0421275050075246,True,ok,v3.2.1_baseline
2207.06629v1.pdf,Ba(FeAs)2,iron_pnictide_122,6.5,38.0,6,4.0,24.0,1.779549206726397,0.1835951321313397,0.048145672473404,True,ok,v3.2.1_baseline
2207.06629v1.pdf,Ba(FeAs)2,iron_pnictide_122,7.0,38.0,6,4.0,24.0,1.5679482105416145,0.1833022538340301,0.0480688717108651,True,ok,v3.2.1_baseline
2207.06629v1.pdf,Ba(FeAs)2,iron_pnictide_122,7.5,38.0,6,4.0,24.0,1.4196321914690735,0.1750406278248883,0.0459023533196996,True,ok,v3.2.1_baseline
2207.06629v1.pdf,Ba(FeAs)2,iron_pnictide_122,8.0,38.0,6,4.0,24.0,1.329562948959007,0.0861057771059582,0.0225802313379237,True,ok,v3.2.1_baseline
2305.10034v1.pdf,La2FeAs2O,iron_pnictide_1111,0.0,28.0,3,2.0,8.0,6.144145416093276,0.2590339974258417,0.0120581169644124,True,ok,v3.2.1_baseline
2305.10034v1.pdf,La2FeAs2O,iron_pnictide_1111,0.5,28.0,3,2.0,8.0,6.144145401367583,0.259033974923177,0.0120581169644126,True,ok,v3.2.1_baseline
2305.10034v1.pdf,La2FeAs2O,iron_pnictide_1111,1.0,28.0,3,2.0,8.0,6.144145413250283,0.2590339974258402,0.0120581169644123,True,ok,v3.2.1_baseline
2305.10034v1.pdf,La2FeAs2O,iron_pnictide_1111,1.5,28.0,3,2.0,8.0,6.144145426797119,0.2590339533807443,0.0120581169644123,True,ok,v3.2.1_baseline
2305.10034v1.pdf,La2FeAs2O,iron_pnictide_1111,2.0,28.0,3,2.0,8.0,6.1441454132503575,0.2590339749231784,0.0120581169644127,True,ok,v3.2.1_baseline
2305.10034v1.pdf,La2FeAs2O,iron_pnictide_1111,2.5,28.0,3,2.0,8.0,6.147135666076242,0.3382229473480824,0.0157443892788552,True,ok,v3.2.1_baseline
2305.10034v1.pdf,La2FeAs2O,iron_pnictide_1111,3.0,28.0,3,2.0,8.0,6.150654249487258,0.431403838397796,0.0200819915875411,True,ok,v3.2.1_baseline
2305.10034v1.pdf,La2FeAs2O,iron_pnictide_1111,3.5,28.0,3,2.0,8.0,6.1548558424126725,0.5426722682749934,0.0252615740241088,True,ok,v3.2.1_baseline
2305.10034v1.pdf,La2FeAs2O,iron_pnictide_1111,4.0,28.0,3,2.0,8.0,6.159962520268862,0.6779096131691663,0.0315569192954398,True,ok,v3.2.1_baseline
2305.10034v1.pdf,La2FeAs2O,iron_pnictide_1111,4.5,28.0,3,2.0,8.0,6.166305508680505,0.8458868405708428,0.0393763135633255,True,ok,v3.2.1_baseline
2305.10034v1.pdf,La2FeAs2O,iron_pnictide_1111,5.0,28.0,3,2.0,8.0,6.174402356258387,1.0603131299007411,0.0493579311490998,True,ok,v3.2.1_baseline
2305.10034v1.pdf,La2FeAs2O,iron_pnictide_1111,5.5,28.0,3,2.0,8.0,6.185112901355143,1.343951394046034,0.0625613882087955,True,ok,v3.2.1_baseline
2305.10034v1.pdf,La2FeAs2O,iron_pnictide_1111,6.0,28.0,3,2.0,8.0,6.199984497851568,1.73778519232979,0.0808944746884788,True,ok,v3.2.1_baseline
2308.10492v1.pdf,Ba(FeAs)2,iron_pnictide_122,0.0,38.0,5,1.8,12.5,4.533551859652683,0.5824937962017794,0.0536251119709951,True,ok,v3.2.1_baseline
2308.10492v1.pdf,Ba(FeAs)2,iron_pnictide_122,2.0,38.0,5,1.8,12.5,4.687758497456708,0.6437761128742875,0.0592668384920345,True,ok,v3.2.1_baseline
2308.10492v1.pdf,Ba(FeAs)2,iron_pnictide_122,4.0,38.0,5,1.8,12.5,5.21214765638161,0.8463365234329709,0.077914805900117,True,ok,v3.2.1_baseline
2308.10492v1.pdf,Ba(FeAs)2,iron_pnictide_122,6.0,38.0,5,1.8,12.5,4.535953857989731,0.5713170416367341,0.052596164060034,True,ok,v3.2.1_baseline
2308.10492v1.pdf,Ba(FeAs)2,iron_pnictide_122,8.0,38.0,5,1.8,12.5,4.528846222871913,0.1874595659949922,0.0172577630828366,True,ok,v3.2.1_baseline
2308.10492v1.pdf,Ba(FeAs)2,iron_pnictide_122,10.0,38.0,5,1.8,12.5,4.4561311224483,0.4562548712858115,0.0420033963385621,True,ok,v3.2.1_baseline
2308.10492v1.pdf,Ba(FeAs)2,iron_pnictide_122,12.0,38.0,5,1.8,12.5,4.330175890748345,0.4752203665771999,0.0437493844173266,True,ok,v3.2.1_baseline
2308.10492v1.pdf,Ba(FeAs)2,iron_pnictide_122,14.0,38.0,5,1.8,12.5,4.533551979624932,0.5824937505846403,0.0536251119709951,True,ok,v3.2.1_baseline
2308.10492v1.pdf,Ba(FeAs)2,iron_pnictide_122,16.0,38.0,5,1.8,12.5,4.679143355018665,0.4433424131261175,0.0408146614422936,True,ok,v3.2.1_baseline
2308.10492v1.pdf,Ba(FeAs)2,iron_pnictide_122,18.0,38.0,5,1.8,12.5,4.957694400971202,0.4169708109426786,0.0383868559763191,True,ok,v3.2.1_baseline
2308.10492v1.pdf,Ba(FeAs)2,iron_pnictide_122,20.0,38.0,5,1.8,12.5,4.527338787362143,0.3650691681463249,0.0336087287463437,True,ok,v3.2.1_baseline
2308.10492v1.pdf,Ba(FeAs)2,iron_pnictide_122,22.0,38.0,5,1.8,12.5,4.5288462014825015,0.1874595594604632,0.0172577630828365,True,ok,v3.2.1_baseline
2308.10492v1.pdf,Ba(FeAs)2,iron_pnictide_122,24.0,38.0,5,1.8,12.5,3.931263399804224,0.221404108862907,0.0203827408935284,True,ok,v3.2.1_baseline
2308.10492v1.pdf,Ba(FeAs)2,iron_pnictide_122,26.0,38.0,5,1.8,12.5,3.653503783450572,0.1515767958675908,0.013954350500859,True,ok,v3.2.1_baseline
2308.10492v1.pdf,Ba(FeAs)2,iron_pnictide_122,28.0,38.0,5,1.8,12.5,3.333633721706966,0.3263775976171256,0.0300467282975248,True,ok,v3.2.1_baseline
2308.10492v1.pdf,Ba(FeAs)2,iron_pnictide_122,30.0,38.0,5,1.8,12.5,3.6936762361480575,0.5750841054918265,0.0529429636368693,True,ok,v3.2.1_baseline
2403.19981v1.pdf,K(FeAs)2,iron_pnictide_122,0.1,38.0,5,4.2,25.0,0.5381204697698034,0.0145799868701408,0.0036754577863431,True,ok,v3.2.1_baseline
2403.19981v1.pdf,K(FeAs)2,iron_pnictide_122,0.5,38.0,5,4.2,25.0,0.4954864339777813,0.0430515252681494,0.0108528258311008,True,ok,v3.2.1_baseline
2403.19981v1.pdf,K(FeAs)2,iron_pnictide_122,1.0,38.0,5,4.2,25.0,0.4268452559564274,0.0151906900624477,0.0038294093773991,True,ok,v3.2.1_baseline
2403.19981v1.pdf,K(FeAs)2,iron_pnictide_122,1.5,38.0,5,4.2,25.0,0.4779266875798219,0.0420164012716629,0.0105918823488009,True,ok,v3.2.1_baseline
2403.19981v1.pdf,K(FeAs)2,iron_pnictide_122,2.0,38.0,5,4.2,25.0,0.4878307097274657,0.0348147728277057,0.0087764293616452,True,ok,v3.2.1_baseline
2403.19981v1.pdf,K(FeAs)2,iron_pnictide_122,2.5,38.0,5,4.2,25.0,0.445864078201694,0.0350708591622117,0.0088409860952659,True,ok,v3.2.1_baseline
2403.19981v1.pdf,K(FeAs)2,iron_pnictide_122,3.0,38.0,5,4.2,25.0,0.4582324573886634,0.033031630003533,0.0083269182556695,True,ok,v3.2.1_baseline
2403.19981v1.pdf,K(FeAs)2,iron_pnictide_122,3.5,38.0,5,4.2,25.0,0.4634662412281734,0.0486609202066089,0.0122668934862091,True,ok,v3.2.1_baseline
2403.19981v1.pdf,K(FeAs)2,iron_pnictide_122,4.0,38.0,5,4.2,25.0,0.4458640760528199,0.0350708593986695,0.0088409860952658,True,ok,v3.2.1_baseline
2403.19981v1.pdf,K(FeAs)2,iron_pnictide_122,4.5,38.0,5,4.2,25.0,0.4268452551322245,0.0151906899114251,0.0038294093773991,True,ok,v3.2.1_baseline
2403.19981v1.pdf,K(FeAs)2,iron_pnictide_122,5.0,38.0,5,4.2,25.0,0.5381204698555696,0.0145799871299528,0.003675457786343,True,ok,v3.2.1_baseline
2403.19981v1.pdf,K(FeAs)2,iron_pnictide_122,5.5,38.0,5,4.2,25.0,0.730598384907627,0.0098971842597228,0.0024949735617732,True,ok,v3.2.1_baseline
2403.19981v1.pdf,K(FeAs)2,iron_pnictide_122,6.0,38.0,5,4.2,25.0,1.1566029368770756,0.0287673643959607,0.0072519427486,True,ok,v3.2.1_baseline
2510.10264v1.pdf,Pr2FeAs2O,iron_pnictide_1111,0.001,51.0,4,2.0,20.0,1.9179901832236808,0.2589539388107755,0.027904917522686,True,ok,v3.2.1_baseline
2510.10264v1.pdf,Pr2FeAs2O,iron_pnictide_1111,0.002,51.0,4,2.0,20.0,2.3136538054830957,0.2687159821415115,0.0289568749202372,True,ok,v3.2.1_baseline
2510.10264v1.pdf,Pr2FeAs2O,iron_pnictide_1111,0.005,51.0,4,2.0,20.0,2.4319587105070477,0.3964420130633335,0.0427206524285883,True,ok,v3.2.1_baseline
2510.10264v1.pdf,Pr2FeAs2O,iron_pnictide_1111,0.01,51.0,4,2.0,20.0,2.5979919993287166,0.5884250105233362,0.0634087676879072,True,ok,v3.2.1_baseline
2510.10264v1.pdf,Pr2FeAs2O,iron_pnictide_1111,0.02,51.0,4,2.0,20.0,2.843143053233326,0.5656090728537968,0.0609501173819506,True,ok,v3.2.1_baseline
2510.10264v1.pdf,Pr2FeAs2O,iron_pnictide_1111,0.05,51.0,4,2.0,20.0,3.261644779417503,0.5544907597353294,0.0597520105678209,True,ok,v3.2.1_baseline
2510.10264v1.pdf,Pr2FeAs2O,iron_pnictide_1111,0.1,51.0,4,2.0,20.0,3.246486150451054,0.7664997953055518,0.0825981375824571,True,ok,v3.2.1_baseline
2510.10264v1.pdf,Pr2FeAs2O,iron_pnictide_1111,0.2,51.0,4,2.0,20.0,3.5204893088949767,0.8093048068267221,0.0872108063541466,True,ok,v3.2.1_baseline
2510.10264v1.pdf,Pr2FeAs2O,iron_pnictide_1111,0.5,51.0,4,2.0,20.0,4.1897353319317,0.9888088322952892,0.1065541910725181,True,ok,v3.2.1_baseline
2510.10264v1.pdf,Pr2FeAs2O,iron_pnictide_1111,1.0,51.0,4,2.0,20.0,4.702621068551649,0.8562640347639865,0.0922711415531332,True,ok,v3.2.1_baseline
2510.10264v1.pdf,Pr2FeAs2O,iron_pnictide_1111,2.0,51.0,4,2.0,20.0,4.708842646703523,1.1758060536476551,0.1267050370090029,True,ok,v3.2.1_baseline
2510.10264v1.pdf,Pr2FeAs2O,iron_pnictide_1111,5.0,51.0,4,2.0,20.0,4.18973523608834,0.9888088869195488,0.1065541910725177,True,ok,v3.2.1_baseline
2510.10264v1.pdf,Pr2FeAs2O,iron_pnictide_1111,10.0,51.0,4,2.0,20.0,4.702621050681273,0.8562640457438025,0.0922711415531333,True,ok,v3.2.1_baseline
2511.19058v1.pdf,FeSe,iron_chalcogenide_11,0.0001,8.0,4,2.0,5.0,0.5132448905448889,0.0179943602281933,0.0028601626280659,True,ok,v3.2.1_baseline
2511.19058v1.pdf,FeSe,iron_chalcogenide_11,0.0002,8.0,4,2.0,5.0,0.544357376114259,0.0777018023099466,0.0123505221701807,True,ok,v3.2.1_baseline
2511.19058v1.pdf,FeSe,iron_chalcogenide_11,0.0003,8.0,4,2.0,5.0,0.4136654739912225,0.017503967694615,0.0027822151972966,True,ok,v3.2.1_baseline
2511.19058v1.pdf,FeSe,iron_chalcogenide_11,0.0004,8.0,4,2.0,5.0,0.4358917924661675,0.0538744885658841,0.0085632254040722,True,ok,v3.2.1_baseline
2511.19058v1.pdf,FeSe,iron_chalcogenide_11,0.0005,8.0,4,2.0,5.0,0.3266928394722848,0.0099324956925794,0.001578747227206,True,ok,v3.2.1_baseline
2511.19058v1.pdf,FeSe,iron_chalcogenide_11,0.0006,8.0,4,2.0,5.0,0.3135266021193846,0.0374463872146925,0.0059520178118459,True,ok,v3.2.1_baseline
2511.19058v1.pdf,FeSe,iron_chalcogenide_11,0.0007,8.0,4,2.0,5.0,0.3206257522399597,0.0157475790394938,0.0025030418686798,True,ok,v3.2.1_baseline
2511.19058v1.pdf,FeSe,iron_chalcogenide_11,0.0008,8.0,4,2.0,5.0,0.2623547633789792,0.0321472555334823,0.0051097311069002,True,ok,v3.2.1_baseline
2511.19058v1.pdf,FeSe,iron_chalcogenide_11,0.0009,8.0,4,2.0,5.0,0.1629805223220517,0.0299512013050613,0.004760674410548,True,ok,v3.2.1_baseline
2511.19058v1.pdf,FeSe,iron_chalcogenide_11,0.001,8.0,4,2.0,5.0,0.2618390754492588,0.013988333181435,0.0022234133163742,True,ok,v3.2.1_baseline
2511.19058v1.pdf,FeSe,iron_chalcogenide_11,0.002,8.0,4,2.0,5.0,0.3206257558130146,0.0157475827355872,0.0025030418686796,True,ok,v3.2.1_baseline
2511.19058v1.pdf,FeSe,iron_chalcogenide_11,0.003,8.0,4,2.0,5.0,0.3384040450340316,0.0523779304096594,0.0083253511697485,True,ok,v3.2.1_baseline
2511.19058v1.pdf,FeSe,iron_chalcogenide_11,0.004,8.0,4,2.0,5.0,0.233340963457908,0.0129539177219201,0.0020589956668451,True,ok,v3.2.1_baseline
2511.19058v1.pdf,FeSe,iron_chalcogenide_11,0.005,8.0,4,2.0,5.0,0.2618390746496315,0.0139883311198319,0.0022234133163738,True,ok,v3.2.1_baseline
2511.19058v1.pdf,FeSe,iron_chalcogenide_11,0.006,8.0,4,2.0,5.0,0.2982925147557485,0.0151386015737742,0.0024062457209248,True,ok,v3.2.1_baseline
2511.19058v1.pdf,FeSe,iron_chalcogenide_11,0.007,8.0,4,2.0,5.0,0.3465897510194863,0.0163642641457266,0.0026010622662503,True,ok,v3.2.1_baseline
2511.19058v1.pdf,FeSe,iron_chalcogenide_11,0.008,8.0,4,2.0,5.0,0.4136654804605604,0.0175039643505805,0.0027822151972966,True,ok,v3.2.1_baseline
2511.19058v1.pdf,FeSe,iron_chalcogenide_11,0.009,8.0,4,2.0,5.0,0.5132448905488298,0.0179943674037144,0.0028601626280659,True,ok,v3.2.1_baseline
2511.19058v1.pdf,FeSe,iron_chalcogenide_11,0.01,8.0,4,2.0,5.0,0.6770288961115164,0.0156975469238727,0.0024950892687591,True,ok,v3.2.1_baseline
elsevier_10.1016_j.jallcom.2022.165358,FeSe0.5Te0.5_K_doped,iron_chalcogenide_11,2.0,14.0,3,4.0,8.0,1.710052898163395,0.0517936403853926,0.0047033802483613,True,ok,cohort_A_extension_elsevier_10.1016_j.jallcom.2022.165358_COHORT_A_VISION_PASS_LONG
elsevier_10.1016_j.mtcomm.2022.103433,FeSeTe,iron_chalcogenide_11,7.0,14.5,3,4.2,10.0,1.4642485752332723,0.7530579455549531,0.110791364319446,True,ok,cohort_A_extension_elsevier_10.1016_j.mtcomm.2022.103433_COHORT_A_VISION_PASS_LONG
