T_bin,H_bin,n,log_Jc_mean,log_Jc_std,log_Jc_norm_mean,log_Jc_norm_std,n_compounds
"(0.0, 0.1]","(0.0, 0.1]",254,4.7323696038372915,1.9211368134884153,0.6759102737004098,0.27132421018651504,8
"(0.0, 0.1]","(0.1, 0.2]",28,2.85670972083668,1.7963556314302267,0.38376297281487565,0.2509578700855409,6
"(0.0, 0.1]","(0.2, 0.3]",6,5.262915299972871,0.4805814669770456,0.6759814778682526,0.14980363442054306,3
"(0.0, 0.1]","(0.3, 0.4]",7,4.98205226224715,0.6046764555252426,0.6497203425764014,0.15521314877165765,3
"(0.0, 0.1]","(0.4, 0.5]",7,4.713662170656794,0.7620852563201586,0.6173765734374383,0.1719508957663932,3
"(0.1, 0.2]","(0.0, 0.1]",594,5.358508353848143,1.4382464015489498,0.7335232979004287,0.18781366466782948,11
"(0.1, 0.2]","(0.1, 0.2]",157,4.961876885741727,0.9584069106776517,0.6877383035660272,0.13243675763570392,10
"(0.1, 0.2]","(0.2, 0.3]",103,4.5740772851240905,0.8200022868037633,0.6602628930057508,0.13829405508855463,8
"(0.1, 0.2]","(0.3, 0.4]",95,4.4928594111743,0.7557044579412527,0.6372190719175562,0.13857499114804844,7
"(0.1, 0.2]","(0.4, 0.5]",77,4.081568982866681,0.8662394428063186,0.5686321918485469,0.1438744513443464,5
"(0.1, 0.2]","(0.5, 0.6]",14,3.1642140155164333,1.6590517314522437,0.4572093355094366,0.2686574203961975,4
"(0.1, 0.2]","(0.6, 0.7]",7,3.8976144612433643,1.3766251417956674,0.5741709792711154,0.2434569117222779,2
"(0.2, 0.3]","(0.0, 0.1]",349,5.110077125878402,1.1697313765817006,0.7376250604717125,0.16697797860777105,12
"(0.2, 0.3]","(0.1, 0.2]",65,4.887269811882037,0.8585117667660275,0.7480662980791565,0.16440074969342225,10
"(0.2, 0.3]","(0.2, 0.3]",50,4.555136178307094,0.8924750913282404,0.7242612380098811,0.17116707223738975,10
"(0.2, 0.3]","(0.3, 0.4]",50,4.331341948945597,0.7543145994234509,0.6489644907190499,0.1777490820814628,9
"(0.2, 0.3]","(0.4, 0.5]",50,3.9594398660021657,0.9675838705250697,0.5938469727095463,0.2016676204032784,8
"(0.2, 0.3]","(0.5, 0.6]",16,4.002171174596223,1.1564016827391848,0.6394564181057788,0.21756915986682154,6
"(0.2, 0.3]","(0.6, 0.7]",14,3.7636774517756026,1.222545801853224,0.580698940937029,0.22645163535965823,6
"(0.2, 0.3]","(0.7, 0.8]",8,3.5395906230238126,1.6255146399033782,0.6183257606953294,0.277905058491825,5
"(0.2, 0.3]","(0.8, 0.9]",8,3.316224976187419,1.6377097525198725,0.5618382871456395,0.285014775373215,5
"(0.3, 0.4]","(0.0, 0.1]",378,5.293598190769995,1.6171003591043707,0.7496547239969101,0.18026365637006414,15
"(0.3, 0.4]","(0.1, 0.2]",64,4.30124255854833,1.3111224647911435,0.6442646341020521,0.2053543064561261,11
"(0.3, 0.4]","(0.2, 0.3]",30,4.504055572151044,1.1027847880573243,0.7110481325604155,0.2378698704859249,8
"(0.3, 0.4]","(0.3, 0.4]",32,4.231520325651374,1.2169865566396232,0.6682494197684097,0.2502327565761345,8
"(0.3, 0.4]","(0.4, 0.5]",27,3.833499466165447,1.4524100704387561,0.5807191892183207,0.2659688992242933,6
"(0.3, 0.4]","(0.5, 0.6]",9,2.711266726753505,1.974357623168226,0.419695108013568,0.32774471435344776,5
"(0.3, 0.4]","(0.6, 0.7]",5,4.709308532695626,1.2823389969503967,0.6846106966295078,0.22274578682678245,3
"(0.4, 0.5]","(0.0, 0.1]",391,4.768997408501625,1.7767821290087191,0.6907833226738661,0.22543598467479026,18
"(0.4, 0.5]","(0.1, 0.2]",35,4.399983213838429,1.6171855047194252,0.7007203813989805,0.2585354132446059,12
"(0.4, 0.5]","(0.2, 0.3]",28,4.356362571776885,1.5306942640145227,0.7047647515981839,0.252642922362702,10
"(0.4, 0.5]","(0.3, 0.4]",22,4.01778518598519,1.4525263810116358,0.6383912248886684,0.2897776564134459,9
"(0.4, 0.5]","(0.4, 0.5]",19,3.5345436165084916,1.6492610849190974,0.5572740639255495,0.3115184790128689,7
"(0.4, 0.5]","(0.5, 0.6]",10,2.758779175647704,1.994462221930251,0.479228370618633,0.36162896194639493,6
"(0.4, 0.5]","(0.6, 0.7]",5,3.8256798537435612,0.9180350147974087,0.7058278507672228,0.1775243568432778,4
"(0.5, 0.6]","(0.0, 0.1]",539,5.01349304216918,1.3249571945431935,0.7262668938944474,0.1507695170938152,13
"(0.5, 0.6]","(0.1, 0.2]",119,4.642828261572538,0.994933808702848,0.6916484342057296,0.138910465214112,9
"(0.5, 0.6]","(0.2, 0.3]",94,4.449805895539012,0.543380249355309,0.6674785051424881,0.10926032430409832,6
"(0.5, 0.6]","(0.3, 0.4]",80,4.2564870956262695,0.41594240605803146,0.6210752475203204,0.10647275873593152,4
"(0.5, 0.6]","(0.4, 0.5]",56,3.884919078203744,0.44635029621974276,0.576975952783384,0.12455826545671818,3
"(0.5, 0.6]","(0.5, 0.6]",11,3.5187173698686394,0.7925040202326424,0.5702922808551953,0.2018650508073744,4
"(0.5, 0.6]","(0.6, 0.7]",6,3.346530207674604,1.4127934130533175,0.5103760734216357,0.24407050185974172,2
"(0.6, 0.7]","(0.0, 0.1]",303,5.2306848248205595,1.2889561728776313,0.7094587388869992,0.15067279754919544,14
"(0.6, 0.7]","(0.1, 0.2]",60,4.480876268005849,1.4694238993234707,0.6880095959671005,0.23481895144752374,13
"(0.6, 0.7]","(0.2, 0.3]",40,4.208801007072856,1.4616855721086617,0.6931144942171622,0.2529735387364442,11
"(0.6, 0.7]","(0.3, 0.4]",33,3.8721957401354863,1.3251808044073883,0.6430218229542914,0.2764885327586363,10
"(0.6, 0.7]","(0.4, 0.5]",24,3.197997803824027,1.6778040087737864,0.5523113753967308,0.3363224312081051,8
"(0.6, 0.7]","(0.5, 0.6]",12,2.5414997296458304,1.9786949792040542,0.4747584645410125,0.40134122938641276,7
"(0.6, 0.7]","(0.6, 0.7]",8,3.582731694798579,1.531502354511015,0.7020919377956065,0.3728031812998003,4
"(0.6, 0.7]","(0.8, 0.9]",5,3.2827269994397112,1.985390737394046,0.6351184034423498,0.43341396494618645,3
"(0.7, 0.8]","(0.0, 0.1]",348,4.830450432665504,1.033933019430277,0.7239286370731057,0.15215812816418745,12
"(0.7, 0.8]","(0.1, 0.2]",68,4.4313467989155315,1.3582397022417037,0.6559075121670508,0.2017276912933212,8
"(0.7, 0.8]","(0.2, 0.3]",39,4.54262553488436,1.030976309021087,0.6805816301661707,0.16126793681861715,7
"(0.7, 0.8]","(0.3, 0.4]",35,4.073535779387925,0.9357448066511962,0.6088134033250818,0.15630049515709343,7
"(0.7, 0.8]","(0.4, 0.5]",23,3.495540533155236,0.9925181891345871,0.54608413341567,0.19730469230536593,5
"(0.7, 0.8]","(0.5, 0.6]",8,2.817321716725857,1.5907143121962837,0.5177335101144215,0.32371292336006324,5
"(0.7, 0.8]","(0.6, 0.7]",7,3.8018867645862513,1.1795161221920925,0.7177187807940066,0.21985062858367105,4
"(0.8, 0.9]","(0.0, 0.1]",321,4.461185252344434,1.2353728655782812,0.6886224869374546,0.19197245487562084,13
"(0.8, 0.9]","(0.1, 0.2]",51,4.313936734885805,0.7166374282336427,0.735696943380845,0.16698121086392145,11
"(0.8, 0.9]","(0.2, 0.3]",36,3.900686051310031,0.9842530985806197,0.6970711784907135,0.2044711660766131,11
"(0.8, 0.9]","(0.3, 0.4]",29,3.674337215305914,1.020230439489924,0.6438598535916549,0.2386810998603854,9
"(0.8, 0.9]","(0.4, 0.5]",23,3.1394084408898917,1.1651739104875993,0.5615813221376352,0.2721132854045842,7
"(0.8, 0.9]","(0.5, 0.6]",11,2.822156701102433,1.615094739800903,0.5349572632797316,0.324852864316945,7
"(0.8, 0.9]","(0.6, 0.7]",9,3.7078980718347885,1.2410080883331762,0.6820516939516453,0.24307448089315706,5
"(0.8, 0.9]","(0.7, 0.8]",5,3.4510545010206615,1.1077013173110477,0.6989457437888758,0.2189465525475121,4
"(0.8, 0.9]","(0.8, 0.9]",5,3.1848558572123764,1.3311527909660517,0.645821404301491,0.26738508338864236,4
