paper_id,compound_formula,substructure,field_T,Tc_K,Tc_source,sample,sample_choice_reason,n_T_pts,T_min,T_max,t_reduced_max,beta_T,logJc0,SE_beta_T,rms,x_span_dex,beta_lo,beta_hi,source,field_span_dex,grade,grade_reason
0806.2839v1.pdf,Sm2FeAs2O,iron_pnictide_1111,0.0823,54.6,paper-reported: critical temperatures Tc = 54.6 K,SmO(1-x)F(x)FeAs,,3,2.0,20.0,0.3663,4.572814284448699,6.264280193433699,0.008855135599405163,0.0007121171198153272,0.1819,4.5554582186738655,4.590170350223533,rebuilt from figure trace 0806_2839v1_fig3,1.7718,extrapolated,3 isotherms; lever 0.182 dex
0806.2839v1.pdf,Sm2FeAs2O,iron_pnictide_1111,0.1295,54.6,paper-reported: critical temperatures Tc = 54.6 K,SmO(1-x)F(x)FeAs,,3,2.0,20.0,0.3663,5.481664009863647,6.279374276729665,0.08047558784216308,0.006471729674411328,0.1819,5.323931857693007,5.639396162034287,rebuilt from figure trace 0806_2839v1_fig3,1.7718,extrapolated,3 isotherms; lever 0.182 dex
0806.2839v1.pdf,Sm2FeAs2O,iron_pnictide_1111,0.2038,54.6,paper-reported: critical temperatures Tc = 54.6 K,SmO(1-x)F(x)FeAs,,3,2.0,20.0,0.3663,6.39051373527857,6.294468360025623,0.16980631128373055,0.013655576468637921,0.1819,6.057693365162458,6.723334105394682,rebuilt from figure trace 0806_2839v1_fig3,1.7718,extrapolated,3 isotherms; lever 0.182 dex
0806.2839v1.pdf,Sm2FeAs2O,iron_pnictide_1111,0.3207,54.6,paper-reported: critical temperatures Tc = 54.6 K,SmO(1-x)F(x)FeAs,,3,2.0,20.0,0.3663,7.2540717440914095,6.259912086335702,0.19444366492862117,0.015636876598999528,0.1819,6.872962160831312,7.635181327351507,rebuilt from figure trace 0806_2839v1_fig3,1.7718,extrapolated,3 isotherms; lever 0.182 dex
0806.2839v1.pdf,Sm2FeAs2O,iron_pnictide_1111,0.5045,54.6,paper-reported: critical temperatures Tc = 54.6 K,SmO(1-x)F(x)FeAs,,3,2.0,20.0,0.3663,7.546226689052278,6.1949017727051325,0.20609266959074563,0.016573672603485856,0.1819,7.1422850566544165,7.95016832145014,rebuilt from figure trace 0806_2839v1_fig3,1.7718,extrapolated,3 isotherms; lever 0.182 dex
0806.2839v1.pdf,Sm2FeAs2O,iron_pnictide_1111,0.7939,54.6,paper-reported: critical temperatures Tc = 54.6 K,SmO(1-x)F(x)FeAs,,3,2.0,20.0,0.3663,7.859886586380582,6.130158314304636,0.1477424207494876,0.01188123049699394,0.1819,7.570311441711586,8.149461731049577,rebuilt from figure trace 0806_2839v1_fig3,1.7718,extrapolated,3 isotherms; lever 0.182 dex
0806.2839v1.pdf,Sm2FeAs2O,iron_pnictide_1111,1.2491,54.6,paper-reported: critical temperatures Tc = 54.6 K,SmO(1-x)F(x)FeAs,,3,2.0,20.0,0.3663,7.845443119620024,6.050919590792586,0.05344516502056173,0.004297982403008474,0.1819,7.740690596179722,7.950195643060325,rebuilt from figure trace 0806_2839v1_fig3,1.7718,extrapolated,3 isotherms; lever 0.182 dex
0806.2839v1.pdf,Sm2FeAs2O,iron_pnictide_1111,1.9654,54.6,paper-reported: critical temperatures Tc = 54.6 K,SmO(1-x)F(x)FeAs,,3,2.0,20.0,0.3663,8.003190278836007,5.968151590277346,0.07633296648729596,0.00613858609297237,0.1819,7.853577664520906,8.152802893151106,rebuilt from figure trace 0806_2839v1_fig3,1.7718,extrapolated,3 isotherms; lever 0.182 dex
0806.2839v1.pdf,Sm2FeAs2O,iron_pnictide_1111,3.0925,54.6,paper-reported: critical temperatures Tc = 54.6 K,SmO(1-x)F(x)FeAs,,3,2.0,20.0,0.3663,8.300506368070485,5.871642014282687,0.11883384922553261,0.00955644523983796,0.1819,8.06759202358844,8.533420712552529,rebuilt from figure trace 0806_2839v1_fig3,1.7718,extrapolated,3 isotherms; lever 0.182 dex
0806.2839v1.pdf,Sm2FeAs2O,iron_pnictide_1111,4.8659,54.6,paper-reported: critical temperatures Tc = 54.6 K,SmO(1-x)F(x)FeAs,,3,2.0,20.0,0.3663,7.991907829550481,5.685109232344557,0.510198523582017,0.0410294228776874,0.1819,6.991918723329728,8.991896935771234,rebuilt from figure trace 0806_2839v1_fig3,1.7718,extrapolated,3 isotherms; lever 0.182 dex
0903.0004v2.pdf,Ba(FeAs)2,iron_pnictide_122,0.1799,22.6,"paper-reported: an onset to superconductivity at 22.6 K, for the plate-like crystal from the same batch us",Rb-substituted BaFe2As2,,3,2.0,10.0,0.4425,3.8976069450196236,6.667450330177133,0.22760151221958747,0.02026085471668206,0.2135,3.451507981069232,4.343705908970015,rebuilt from figure trace 0903_0004v2_fig6b,1.5741,extrapolated,3 isotherms; lever 0.213 dex
0903.0004v2.pdf,Ba(FeAs)2,iron_pnictide_122,0.2692,22.6,"paper-reported: an onset to superconductivity at 22.6 K, for the plate-like crystal from the same batch us",Rb-substituted BaFe2As2,,3,2.0,10.0,0.4425,4.051246517499584,6.628388254817219,0.22995923182732517,0.020470736513903857,0.2135,3.600526423118027,4.501966611881142,rebuilt from figure trace 0903_0004v2_fig6b,1.5741,extrapolated,3 isotherms; lever 0.213 dex
0903.0004v2.pdf,Ba(FeAs)2,iron_pnictide_122,0.4026,22.6,"paper-reported: an onset to superconductivity at 22.6 K, for the plate-like crystal from the same batch us",Rb-substituted BaFe2As2,,3,2.0,10.0,0.4425,4.177770237351392,6.584000229171707,0.2541274046797722,0.022622162636497727,0.2135,3.6796805241790382,4.675859950523745,rebuilt from figure trace 0903_0004v2_fig6b,1.5741,extrapolated,3 isotherms; lever 0.213 dex
0903.0004v2.pdf,Ba(FeAs)2,iron_pnictide_122,0.6023,22.6,"paper-reported: an onset to superconductivity at 22.6 K, for the plate-like crystal from the same batch us",Rb-substituted BaFe2As2,,3,2.0,10.0,0.4425,4.198050108411043,6.525640056914368,0.3511746629890694,0.031261210690624715,0.2135,3.509747768952467,4.886352447869619,rebuilt from figure trace 0903_0004v2_fig6b,1.5741,extrapolated,3 isotherms; lever 0.213 dex
0903.0004v2.pdf,Ba(FeAs)2,iron_pnictide_122,0.9009,22.6,"paper-reported: an onset to superconductivity at 22.6 K, for the plate-like crystal from the same batch us",Rb-substituted BaFe2As2,,3,2.0,10.0,0.4425,3.996056321642227,6.450828434508978,0.4716381041739101,0.041984743485797345,0.2135,3.071645637461363,4.920467005823091,rebuilt from figure trace 0903_0004v2_fig6b,1.5741,extrapolated,3 isotherms; lever 0.213 dex
0903.0004v2.pdf,Ba(FeAs)2,iron_pnictide_122,1.3476,22.6,"paper-reported: an onset to superconductivity at 22.6 K, for the plate-like crystal from the same batch us",Rb-substituted BaFe2As2,,3,2.0,10.0,0.4425,3.680465437323501,6.373028145165097,0.5082828268301215,0.04524681935967949,0.2135,2.684231096736463,4.676699777910539,rebuilt from figure trace 0903_0004v2_fig6b,1.5741,extrapolated,3 isotherms; lever 0.213 dex
0903.0004v2.pdf,Ba(FeAs)2,iron_pnictide_122,2.0159,22.6,"paper-reported: an onset to superconductivity at 22.6 K, for the plate-like crystal from the same batch us",Rb-substituted BaFe2As2,,3,2.0,10.0,0.4425,3.2479160824438997,6.297808689184851,0.5236503572087535,0.04661482125614871,0.2135,2.221561382314743,4.274270782573057,rebuilt from figure trace 0903_0004v2_fig6b,1.5741,extrapolated,3 isotherms; lever 0.213 dex
0903.0004v2.pdf,Ba(FeAs)2,iron_pnictide_122,3.0155,22.6,"paper-reported: an onset to superconductivity at 22.6 K, for the plate-like crystal from the same batch us",Rb-substituted BaFe2As2,,3,2.0,10.0,0.4425,2.9038391981163385,6.238725938751392,0.4366726362073673,0.03887215315341221,0.2135,2.0479608311498985,3.7597175650827785,rebuilt from figure trace 0903_0004v2_fig6b,1.5741,extrapolated,3 isotherms; lever 0.213 dex
0903.0004v2.pdf,Ba(FeAs)2,iron_pnictide_122,4.5108,22.6,"paper-reported: an onset to superconductivity at 22.6 K, for the plate-like crystal from the same batch us",Rb-substituted BaFe2As2,,3,2.0,10.0,0.4425,2.520839520427191,6.208067918296153,0.3019432566320055,0.02687868105814995,0.2135,1.9290307374284605,3.112648303425922,rebuilt from figure trace 0903_0004v2_fig6b,1.5741,extrapolated,3 isotherms; lever 0.213 dex
0903.0004v2.pdf,Ba(FeAs)2,iron_pnictide_122,6.7476,22.6,"paper-reported: an onset to superconductivity at 22.6 K, for the plate-like crystal from the same batch us",Rb-substituted BaFe2As2,,3,2.0,10.0,0.4425,3.013339828053333,6.224442795539933,0.20093407320576503,0.01788694646688205,0.2135,2.6195090445700333,3.4071706115366323,rebuilt from figure trace 0903_0004v2_fig6b,1.5741,extrapolated,3 isotherms; lever 0.213 dex
0906.0444v1.pdf,Ba(FeAs)2,iron_pnictide_122,0.1089,24.0,paper-reported: Tc of the irradiated Ba(Fe0.93Co0.07)2As2 sample is 24 K and is not affected by the introd,Ba(Fe0.93Co0.07)2As2,,6,2.0,15.0,0.625,1.8713814460982874,5.860160484023286,0.1255105084371555,0.03285903956881827,0.3882,1.6253808495614626,2.117382042635112,rebuilt from figure trace 0906_0444v1_fig3a,1.6501,measured,
0906.0444v1.pdf,Ba(FeAs)2,iron_pnictide_122,0.1661,24.0,paper-reported: Tc of the irradiated Ba(Fe0.93Co0.07)2As2 sample is 24 K and is not affected by the introd,Ba(Fe0.93Co0.07)2As2,,6,2.0,15.0,0.625,2.08735843851586,5.841512891327092,0.0735277726069074,0.019249798439842876,0.3882,1.9432440042063215,2.2314728728253987,rebuilt from figure trace 0906_0444v1_fig3a,1.6501,measured,
0906.0444v1.pdf,Ba(FeAs)2,iron_pnictide_122,0.2533,24.0,paper-reported: Tc of the irradiated Ba(Fe0.93Co0.07)2As2 sample is 24 K and is not affected by the introd,Ba(Fe0.93Co0.07)2As2,,6,2.0,15.0,0.625,2.2541748288626624,5.8127400156070355,0.13204758137740522,0.03457046549707407,0.3882,1.9953615693629483,2.5129880883623765,rebuilt from figure trace 0906_0444v1_fig3a,1.6501,measured,
0906.0444v1.pdf,Ba(FeAs)2,iron_pnictide_122,0.3864,24.0,paper-reported: Tc of the irradiated Ba(Fe0.93Co0.07)2As2 sample is 24 K and is not affected by the introd,Ba(Fe0.93Co0.07)2As2,,6,2.0,15.0,0.625,2.286058461527298,5.751784749801417,0.20454600203041493,0.05355077640950166,0.3882,1.8851482975476845,2.686968625506911,rebuilt from figure trace 0906_0444v1_fig3a,1.6501,measured,
0906.0444v1.pdf,Ba(FeAs)2,iron_pnictide_122,0.5893,24.0,paper-reported: Tc of the irradiated Ba(Fe0.93Co0.07)2As2 sample is 24 K and is not affected by the introd,Ba(Fe0.93Co0.07)2As2,,6,2.0,15.0,0.625,2.17769756086217,5.6546385776742225,0.20361642401550883,0.05330741000811865,0.3882,1.7786093697917724,2.576785751932567,rebuilt from figure trace 0906_0444v1_fig3a,1.6501,measured,
0906.0444v1.pdf,Ba(FeAs)2,iron_pnictide_122,0.8988,24.0,paper-reported: Tc of the irradiated Ba(Fe0.93Co0.07)2As2 sample is 24 K and is not affected by the introd,Ba(Fe0.93Co0.07)2As2,,6,2.0,15.0,0.625,2.017931830844731,5.559547415253882,0.18060675937977005,0.0472834085906632,0.3882,1.6639425824603817,2.3719210792290806,rebuilt from figure trace 0906_0444v1_fig3a,1.6501,measured,
0906.0444v1.pdf,Ba(FeAs)2,iron_pnictide_122,1.371,24.0,paper-reported: Tc of the irradiated Ba(Fe0.93Co0.07)2As2 sample is 24 K and is not affected by the introd,Ba(Fe0.93Co0.07)2As2,,6,2.0,15.0,0.625,1.8116873923176815,5.476899809380301,0.16947385168447424,0.0443687788992466,0.3882,1.479518643016112,2.143856141619251,rebuilt from figure trace 0906_0444v1_fig3a,1.6501,measured,
0906.0444v1.pdf,Ba(FeAs)2,iron_pnictide_122,2.0911,24.0,paper-reported: Tc of the irradiated Ba(Fe0.93Co0.07)2As2 sample is 24 K and is not affected by the introd,Ba(Fe0.93Co0.07)2As2,,6,2.0,15.0,0.625,1.5757053820604388,5.408009902540705,0.1245279279908914,0.032601796966861114,0.3882,1.3316306431982916,1.819780120922586,rebuilt from figure trace 0906_0444v1_fig3a,1.6501,measured,
0906.0444v1.pdf,Ba(FeAs)2,iron_pnictide_122,3.1896,24.0,paper-reported: Tc of the irradiated Ba(Fe0.93Co0.07)2As2 sample is 24 K and is not affected by the introd,Ba(Fe0.93Co0.07)2As2,,6,2.0,15.0,0.625,1.5227155881187475,5.362196156000677,0.3314310999946484,0.08676968777091772,0.3882,0.8731106321292366,2.1723205441082585,rebuilt from figure trace 0906_0444v1_fig3a,1.6501,measured,
0906.0444v1.pdf,Ba(FeAs)2,iron_pnictide_122,4.865,24.0,paper-reported: Tc of the irradiated Ba(Fe0.93Co0.07)2As2 sample is 24 K and is not affected by the introd,Ba(Fe0.93Co0.07)2As2,,6,2.0,15.0,0.625,1.468561326112489,5.3615440569621695,0.15441846368942844,0.04042723172512432,0.3882,1.1659011372812094,1.7712215149437687,rebuilt from figure trace 0906_0444v1_fig3a,1.6501,measured,
1002.0208v2.pdf,Pr2FeAs2O,iron_pnictide_1111,0.3609,48.0,paper-reported: the M(T) curve exhibits a usual superconducting behavior with the diamagnetic onset temper,PrFeAsO0.60F0.12,,7,5.0,30.0,0.625,4.549676799935966,6.184001295915628,0.5348324425279075,0.15517689128876191,0.3782,3.5014052125812674,5.597948387290665,rebuilt from figure trace 1002_0208v2_fig5a,1.3417,measured,
1002.0208v2.pdf,Pr2FeAs2O,iron_pnictide_1111,0.5086,48.0,paper-reported: the M(T) curve exhibits a usual superconducting behavior with the diamagnetic onset temper,PrFeAsO0.60F0.12,,7,5.0,30.0,0.625,4.53714332710604,6.103095232781622,0.524315978752008,0.15212563256484893,0.3782,3.509484008752105,5.5648026454599755,rebuilt from figure trace 1002_0208v2_fig5a,1.3417,measured,
1002.0208v2.pdf,Pr2FeAs2O,iron_pnictide_1111,0.7169,48.0,paper-reported: the M(T) curve exhibits a usual superconducting behavior with the diamagnetic onset temper,PrFeAsO0.60F0.12,,7,5.0,30.0,0.625,4.406799374076621,6.014726559050983,0.5072328014557121,0.14716910013453433,0.3782,3.412623083223425,5.400975664929817,rebuilt from figure trace 1002_0208v2_fig5a,1.3417,measured,
1002.0208v2.pdf,Pr2FeAs2O,iron_pnictide_1111,1.0106,48.0,paper-reported: the M(T) curve exhibits a usual superconducting behavior with the diamagnetic onset temper,PrFeAsO0.60F0.12,,7,5.0,30.0,0.625,4.101600958795538,5.9166095123185825,0.42069759440600635,0.12206167704416708,0.3782,3.277033673759766,4.926168243831311,rebuilt from figure trace 1002_0208v2_fig5a,1.3417,measured,
1002.0208v2.pdf,Pr2FeAs2O,iron_pnictide_1111,1.4244,48.0,paper-reported: the M(T) curve exhibits a usual superconducting behavior with the diamagnetic onset temper,PrFeAsO0.60F0.12,,7,5.0,30.0,0.625,3.6430857244394677,5.815085086010026,0.3474376019087408,0.10080593975599669,0.3782,2.9621080246983356,4.3240634241806,rebuilt from figure trace 1002_0208v2_fig5a,1.3417,measured,
1002.0208v2.pdf,Pr2FeAs2O,iron_pnictide_1111,2.0078,48.0,paper-reported: the M(T) curve exhibits a usual superconducting behavior with the diamagnetic onset temper,PrFeAsO0.60F0.12,,7,5.0,30.0,0.625,3.2442905179309274,5.749310989438524,0.28789866240123435,0.08353124433973573,0.3782,2.680009139624508,3.8085718962373467,rebuilt from figure trace 1002_0208v2_fig5a,1.3417,measured,
1002.0208v2.pdf,Pr2FeAs2O,iron_pnictide_1111,2.8301,48.0,paper-reported: the M(T) curve exhibits a usual superconducting behavior with the diamagnetic onset temper,PrFeAsO0.60F0.12,,7,5.0,30.0,0.625,3.1746535488686405,5.768244026415467,0.24286820985934365,0.07046605778196234,0.3782,2.698631857544327,3.650675240192954,rebuilt from figure trace 1002_0208v2_fig5a,1.3417,measured,
1002.0208v2.pdf,Pr2FeAs2O,iron_pnictide_1111,3.9891,48.0,paper-reported: the M(T) curve exhibits a usual superconducting behavior with the diamagnetic onset temper,PrFeAsO0.60F0.12,,7,5.0,30.0,0.625,3.6191336949379123,5.860290760296604,0.34134561614335096,0.09903840409869732,0.3782,2.9500962872969443,4.28817110257888,rebuilt from figure trace 1002_0208v2_fig5a,1.3417,measured,
1002.0208v2.pdf,Pr2FeAs2O,iron_pnictide_1111,5.6229,48.0,paper-reported: the M(T) curve exhibits a usual superconducting behavior with the diamagnetic onset temper,PrFeAsO0.60F0.12,,7,5.0,30.0,0.625,4.1500810013812846,5.897807350335416,0.5415915086263543,0.1571379743902559,0.3782,3.0885616444736304,5.211600358288939,rebuilt from figure trace 1002_0208v2_fig5a,1.3417,measured,
1002.0208v2.pdf,Pr2FeAs2O,iron_pnictide_1111,7.9257,48.0,paper-reported: the M(T) curve exhibits a usual superconducting behavior with the diamagnetic onset temper,PrFeAsO0.60F0.12,,7,5.0,30.0,0.625,5.432225843298068,6.092511946994949,0.49985856022340813,0.14502952942219366,0.3782,4.452503065260188,6.411948621335948,rebuilt from figure trace 1002_0208v2_fig5a,1.3417,measured,
1104.0477v2.pdf,Fe2TeSe,iron_chalcogenide_11,10.2848,15.2,paper-reported: the midpoint Tc and zero-resistivity Tc are 16.1 and 15.2 K for C1; Jc is measured on C1,FeSe0.5Te0.5 film C1,,3,4.5,10.0,0.6579,2.730822551267746,5.194314468578677,0.17361829569760678,0.022240893572352382,0.3134,2.3905306917004365,3.0711144108350554,rebuilt from figure trace 1104_0477v2_fig3c,0.1239,extrapolated,3 isotherms; field grid spans 0.124 dex
1104.0477v2.pdf,Fe2TeSe,iron_chalcogenide_11,10.616,15.2,paper-reported: the midpoint Tc and zero-resistivity Tc are 16.1 and 15.2 K for C1; Jc is measured on C1,FeSe0.5Te0.5 film C1,,3,4.5,10.0,0.6579,2.7754354293774974,5.187638542428994,0.18995974241033112,0.024334269594134053,0.3134,2.4031143342532486,3.1477565245017463,rebuilt from figure trace 1104_0477v2_fig3c,0.1239,extrapolated,3 isotherms; field grid spans 0.124 dex
1104.0477v2.pdf,Fe2TeSe,iron_chalcogenide_11,10.9578,15.2,paper-reported: the midpoint Tc and zero-resistivity Tc are 16.1 and 15.2 K for C1; Jc is measured on C1,FeSe0.5Te0.5 film C1,,3,4.5,10.0,0.6579,2.8193858253340545,5.178596120114894,0.21722995192111397,0.027827644672999273,0.3134,2.393615119568671,3.245156531099438,rebuilt from figure trace 1104_0477v2_fig3c,0.1239,extrapolated,3 isotherms; field grid spans 0.124 dex
1104.0477v2.pdf,Fe2TeSe,iron_chalcogenide_11,11.3107,15.2,paper-reported: the midpoint Tc and zero-resistivity Tc are 16.1 and 15.2 K for C1; Jc is measured on C1,FeSe0.5Te0.5 film C1,,3,4.5,10.0,0.6579,2.88064222166027,5.175334260824007,0.22826922967348479,0.02924180094391296,0.3134,2.43323453150024,3.3280499118203,rebuilt from figure trace 1104_0477v2_fig3c,0.1239,extrapolated,3 isotherms; field grid spans 0.124 dex
1104.0477v2.pdf,Fe2TeSe,iron_chalcogenide_11,11.6749,15.2,paper-reported: the midpoint Tc and zero-resistivity Tc are 16.1 and 15.2 K for C1; Jc is measured on C1,FeSe0.5Te0.5 film C1,,3,4.5,10.0,0.6579,2.933249860627206,5.167883526577067,0.25063908975550764,0.032107430256270865,0.3134,2.441997244706411,3.424502476548001,rebuilt from figure trace 1104_0477v2_fig3c,0.1239,extrapolated,3 isotherms; field grid spans 0.124 dex
1104.0477v2.pdf,Fe2TeSe,iron_chalcogenide_11,12.0508,15.2,paper-reported: the midpoint Tc and zero-resistivity Tc are 16.1 and 15.2 K for C1; Jc is measured on C1,FeSe0.5Te0.5 film C1,,3,4.5,10.0,0.6579,3.0049469188607065,5.16767210846803,0.2670667510453145,0.03421185055898833,0.3134,2.48149608681189,3.528397750909523,rebuilt from figure trace 1104_0477v2_fig3c,0.1239,extrapolated,3 isotherms; field grid spans 0.124 dex
1104.0477v2.pdf,Fe2TeSe,iron_chalcogenide_11,12.4389,15.2,paper-reported: the midpoint Tc and zero-resistivity Tc are 16.1 and 15.2 K for C1; Jc is measured on C1,FeSe0.5Te0.5 film C1,,3,4.5,10.0,0.6579,3.0388589435796685,5.150696723261173,0.3018831613818797,0.03867191091009089,0.3134,2.4471679472711845,3.6305499398881524,rebuilt from figure trace 1104_0477v2_fig3c,0.1239,extrapolated,3 isotherms; field grid spans 0.124 dex
1104.0477v2.pdf,Fe2TeSe,iron_chalcogenide_11,12.8394,15.2,paper-reported: the midpoint Tc and zero-resistivity Tc are 16.1 and 15.2 K for C1; Jc is measured on C1,FeSe0.5Te0.5 film C1,,3,4.5,10.0,0.6579,3.1018168113813593,5.144227899537346,0.32277414525550086,0.04134809285904975,0.3134,2.4691794866805776,3.734454136082141,rebuilt from figure trace 1104_0477v2_fig3c,0.1239,extrapolated,3 isotherms; field grid spans 0.124 dex
1104.0477v2.pdf,Fe2TeSe,iron_chalcogenide_11,13.2529,15.2,paper-reported: the midpoint Tc and zero-resistivity Tc are 16.1 and 15.2 K for C1; Jc is measured on C1,FeSe0.5Te0.5 film C1,,3,4.5,10.0,0.6579,3.1844210316696047,5.145437667826792,0.3309479098022779,0.04239517045326231,0.3134,2.5357631284571402,3.833078934882069,rebuilt from figure trace 1104_0477v2_fig3c,0.1239,extrapolated,3 isotherms; field grid spans 0.124 dex
1104.0477v2.pdf,Fe2TeSe,iron_chalcogenide_11,13.6797,15.2,paper-reported: the midpoint Tc and zero-resistivity Tc are 16.1 and 15.2 K for C1; Jc is measured on C1,FeSe0.5Te0.5 film C1,,3,4.5,10.0,0.6579,3.2488902134039703,5.138865738478405,0.3546992721491692,0.045437773308180614,0.3134,2.5536796399915986,3.944100786816342,rebuilt from figure trace 1104_0477v2_fig3c,0.1239,extrapolated,3 isotherms; field grid spans 0.124 dex
1108.0407v1.pdf,Fe9Se8,iron_chalcogenide_11,0.1102,9.8,"paper-reported: the midpoint of resistive transition with Tc = 9.8 K; the paper also gives Tc,onset 11.4 K",beta-FeSe,,7,1.8,6.0,0.6122,1.5837180926961554,3.554308726382384,0.03768913768041923,0.009400249019132818,0.3233,1.5098473828425336,1.6575888025497771,rebuilt from figure trace 1108_0407v1_fig5d,1.132,measured,
1108.0407v1.pdf,Fe9Se8,iron_chalcogenide_11,0.1473,9.8,"paper-reported: the midpoint of resistive transition with Tc = 9.8 K; the paper also gives Tc,onset 11.4 K",beta-FeSe,,7,1.8,6.0,0.6122,1.6257569564022132,3.5002057702383027,0.03060974923117441,0.007634540955171254,0.3233,1.5657618479091113,1.685752064895315,rebuilt from figure trace 1108_0407v1_fig5d,1.132,measured,
1108.0407v1.pdf,Fe9Se8,iron_chalcogenide_11,0.1967,9.8,"paper-reported: the midpoint of resistive transition with Tc = 9.8 K; the paper also gives Tc,onset 11.4 K",beta-FeSe,,7,1.8,6.0,0.6122,1.7186149954313976,3.450153245997953,0.05509921623787509,0.013742589649753719,0.3233,1.6106205316051625,1.8266094592576327,rebuilt from figure trace 1108_0407v1_fig5d,1.132,measured,
1108.0407v1.pdf,Fe9Se8,iron_chalcogenide_11,0.2628,9.8,"paper-reported: the midpoint of resistive transition with Tc = 9.8 K; the paper also gives Tc,onset 11.4 K",beta-FeSe,,7,1.8,6.0,0.6122,1.9162606289270616,3.412307532988887,0.0612006230453324,0.01526437409182464,0.3233,1.7963074077582102,2.0362138500959133,rebuilt from figure trace 1108_0407v1_fig5d,1.132,measured,
1108.0407v1.pdf,Fe9Se8,iron_chalcogenide_11,0.351,9.8,"paper-reported: the midpoint of resistive transition with Tc = 9.8 K; the paper also gives Tc,onset 11.4 K",beta-FeSe,,7,1.8,6.0,0.6122,2.107317160143942,3.3724918056224302,0.06763543770188132,0.016869315565318514,0.3233,1.9747517022482548,2.2398826180396294,rebuilt from figure trace 1108_0407v1_fig5d,1.132,measured,
1108.0407v1.pdf,Fe9Se8,iron_chalcogenide_11,0.4689,9.8,"paper-reported: the midpoint of resistive transition with Tc = 9.8 K; the paper also gives Tc,onset 11.4 K",beta-FeSe,,7,1.8,6.0,0.6122,2.475441699484021,3.3396699976348363,0.06835574538972802,0.017048971350854637,0.3233,2.341464438520154,2.6094189604478877,rebuilt from figure trace 1108_0407v1_fig5d,1.132,measured,
1108.0407v1.pdf,Fe9Se8,iron_chalcogenide_11,0.6264,9.8,"paper-reported: the midpoint of resistive transition with Tc = 9.8 K; the paper also gives Tc,onset 11.4 K",beta-FeSe,,7,1.8,6.0,0.6122,2.779669810213689,3.283817745599491,0.05326617847033303,0.013285401915121026,0.3233,2.6752681004118366,2.884071520015542,rebuilt from figure trace 1108_0407v1_fig5d,1.132,measured,
1108.0407v1.pdf,Fe9Se8,iron_chalcogenide_11,0.8369,9.8,"paper-reported: the midpoint of resistive transition with Tc = 9.8 K; the paper also gives Tc,onset 11.4 K",beta-FeSe,,7,1.8,6.0,0.6122,2.9761874189802793,3.223341018770132,0.07144621277202372,0.017819781318050572,0.3233,2.8361528419471127,3.116221996013446,rebuilt from figure trace 1108_0407v1_fig5d,1.132,measured,
1108.0407v1.pdf,Fe9Se8,iron_chalcogenide_11,1.1179,9.8,"paper-reported: the midpoint of resistive transition with Tc = 9.8 K; the paper also gives Tc,onset 11.4 K",beta-FeSe,,7,1.8,6.0,0.6122,3.7255281560719196,3.1982029388700677,0.18262501664023287,0.04554948027992047,0.3233,3.367583123457063,4.083473188686776,rebuilt from figure trace 1108_0407v1_fig5d,1.132,measured,
1108.0407v1.pdf,Fe9Se8,iron_chalcogenide_11,1.4934,9.8,"paper-reported: the midpoint of resistive transition with Tc = 9.8 K; the paper also gives Tc,onset 11.4 K",beta-FeSe,,7,1.8,6.0,0.6122,5.622415409924377,3.3466265311696324,0.6565502080314269,0.16375369214842214,0.3233,4.335577002182781,6.909253817665974,rebuilt from figure trace 1108_0407v1_fig5d,1.132,measured,
1111.3923v1.pdf,Fe2TeSe,iron_chalcogenide_11,0.1974,17.7,paper-reported: the Fe/FeSe1-xTex bilayer with a high Tc of 17.7 K showed strong intrinsic pinning; 13.6 K,FeSe(1-x)Te(x) film,,4,4.2,12.0,0.678,1.6238928479977728,5.996828768803733,0.12823152881855165,0.024861672839846305,0.3745,1.3725590515134116,1.875226644482134,rebuilt from figure trace 1111_3923v1_fig4a,1.6005,measured,
1111.3923v1.pdf,Fe2TeSe,iron_chalcogenide_11,0.2973,17.7,paper-reported: the Fe/FeSe1-xTex bilayer with a high Tc of 17.7 K showed strong intrinsic pinning; 13.6 K,FeSe(1-x)Te(x) film,,4,4.2,12.0,0.678,1.7292324801630128,5.964435840587153,0.07546724753912504,0.014631674719376667,0.3745,1.5813166749863277,1.877148285339698,rebuilt from figure trace 1111_3923v1_fig4a,1.6005,measured,
1111.3923v1.pdf,Fe2TeSe,iron_chalcogenide_11,0.4477,17.7,paper-reported: the Fe/FeSe1-xTex bilayer with a high Tc of 17.7 K showed strong intrinsic pinning; 13.6 K,FeSe(1-x)Te(x) film,,4,4.2,12.0,0.678,1.7973788978833487,5.904966830042154,0.09174254760303,0.017787148176545614,0.3745,1.6175635045814099,1.9771942911852876,rebuilt from figure trace 1111_3923v1_fig4a,1.6005,measured,
1111.3923v1.pdf,Fe2TeSe,iron_chalcogenide_11,0.6742,17.7,paper-reported: the Fe/FeSe1-xTex bilayer with a high Tc of 17.7 K showed strong intrinsic pinning; 13.6 K,FeSe(1-x)Te(x) film,,4,4.2,12.0,0.678,1.8357723768434437,5.803415653807348,0.0776173560101849,0.015048540164795414,0.3745,1.6836423590634813,1.9879023946234062,rebuilt from figure trace 1111_3923v1_fig4a,1.6005,measured,
1111.3923v1.pdf,Fe2TeSe,iron_chalcogenide_11,1.0155,17.7,paper-reported: the Fe/FeSe1-xTex bilayer with a high Tc of 17.7 K showed strong intrinsic pinning; 13.6 K,FeSe(1-x)Te(x) film,,4,4.2,12.0,0.678,1.8982410348078138,5.69704859609203,0.07564450099283646,0.014666040818077259,0.3745,1.7499778128618544,2.0465042567537735,rebuilt from figure trace 1111_3923v1_fig4a,1.6005,measured,
1111.3923v1.pdf,Fe2TeSe,iron_chalcogenide_11,1.5293,17.7,paper-reported: the Fe/FeSe1-xTex bilayer with a high Tc of 17.7 K showed strong intrinsic pinning; 13.6 K,FeSe(1-x)Te(x) film,,4,4.2,12.0,0.678,2.052078640311071,5.572652947062015,0.08009382709580962,0.015528681160503743,0.3745,1.8950947392032842,2.209062541418858,rebuilt from figure trace 1111_3923v1_fig4a,1.6005,measured,
1111.3923v1.pdf,Fe2TeSe,iron_chalcogenide_11,2.3033,17.7,paper-reported: the Fe/FeSe1-xTex bilayer with a high Tc of 17.7 K showed strong intrinsic pinning; 13.6 K,FeSe(1-x)Te(x) film,,4,4.2,12.0,0.678,2.3780945111603455,5.4470132941836775,0.05714694172823851,0.01107971325098699,0.3745,2.266086505372998,2.490102516947693,rebuilt from figure trace 1111_3923v1_fig4a,1.6005,measured,
1111.3923v1.pdf,Fe2TeSe,iron_chalcogenide_11,3.4689,17.7,paper-reported: the Fe/FeSe1-xTex bilayer with a high Tc of 17.7 K showed strong intrinsic pinning; 13.6 K,FeSe(1-x)Te(x) film,,4,4.2,12.0,0.678,3.077167035583214,5.403758534227634,0.22273351861617288,0.04318382476854612,0.3745,2.640609339095515,3.5137247320709126,rebuilt from figure trace 1111_3923v1_fig4a,1.6005,measured,
1111.3923v1.pdf,Fe2TeSe,iron_chalcogenide_11,5.2245,17.7,paper-reported: the Fe/FeSe1-xTex bilayer with a high Tc of 17.7 K showed strong intrinsic pinning; 13.6 K,FeSe(1-x)Te(x) film,,4,4.2,12.0,0.678,4.49392682931728,5.455533259195035,0.5979945090534541,0.11593984709601785,0.3745,3.3218575915725097,5.66599606706205,rebuilt from figure trace 1111_3923v1_fig4a,1.6005,measured,
1111.3923v1.pdf,Fe2TeSe,iron_chalcogenide_11,7.8684,17.7,paper-reported: the Fe/FeSe1-xTex bilayer with a high Tc of 17.7 K showed strong intrinsic pinning; 13.6 K,FeSe(1-x)Te(x) film,,4,4.2,12.0,0.678,8.860102924787654,6.0462757036688695,1.9782854593867427,0.383552206920134,0.3745,4.982663424389639,12.73754242518567,rebuilt from figure trace 1111_3923v1_fig4a,1.6005,measured,
1502.05345v1.pdf,Ba(FeAs)2,iron_pnictide_122,0.3448,30.7,paper-reported: phase purity with a high Tc of 30.7 K,P-doped BaFe2As2 film,,4,4.2,20.0,0.6515,1.6762183391421464,6.611294800032887,0.08773586557785829,0.01815618599915615,0.3939,1.5042560426095442,1.8481806356747486,rebuilt from figure trace 1502_05345v1_fig4b_Hc,1.5965,measured,
1502.05345v1.pdf,Ba(FeAs)2,iron_pnictide_122,0.5188,30.7,paper-reported: phase purity with a high Tc of 30.7 K,P-doped BaFe2As2 film,,4,4.2,20.0,0.6515,1.6507898019176948,6.523182696086789,0.06284778859279676,0.013005811612057919,0.3939,1.5276081362758132,1.7739714675595764,rebuilt from figure trace 1502_05345v1_fig4b_Hc,1.5965,measured,
1502.05345v1.pdf,Ba(FeAs)2,iron_pnictide_122,0.7805,30.7,paper-reported: phase purity with a high Tc of 30.7 K,P-doped BaFe2As2 film,,4,4.2,20.0,0.6515,1.6697315524817273,6.4408950422298314,0.05084636120455328,0.01052221899595787,0.3939,1.5700726845208028,1.7693904204426518,rebuilt from figure trace 1502_05345v1_fig4b_Hc,1.5965,measured,
1502.05345v1.pdf,Ba(FeAs)2,iron_pnictide_122,1.1742,30.7,paper-reported: phase purity with a high Tc of 30.7 K,P-doped BaFe2As2 film,,4,4.2,20.0,0.6515,1.7253432120332641,6.339637778726029,0.13045106303329482,0.026995730293653996,0.3939,1.4696591284880063,1.981027295578522,rebuilt from figure trace 1502_05345v1_fig4b_Hc,1.5965,measured,
1502.05345v1.pdf,Ba(FeAs)2,iron_pnictide_122,1.7665,30.7,paper-reported: phase purity with a high Tc of 30.7 K,P-doped BaFe2As2 film,,4,4.2,20.0,0.6515,1.6951730627201178,6.191882821259678,0.15888060357980338,0.03287898023520613,0.3939,1.3837670797037032,2.0065790457365322,rebuilt from figure trace 1502_05345v1_fig4b_Hc,1.5965,measured,
1502.05345v1.pdf,Ba(FeAs)2,iron_pnictide_122,2.6577,30.7,paper-reported: phase purity with a high Tc of 30.7 K,P-doped BaFe2As2 film,,4,4.2,20.0,0.6515,1.8441981296610483,6.078265559932872,0.1713374197651091,0.03545681166284508,0.3939,1.5083767869214344,2.1800194724006623,rebuilt from figure trace 1502_05345v1_fig4b_Hc,1.5965,measured,
1502.05345v1.pdf,Ba(FeAs)2,iron_pnictide_122,3.9984,30.7,paper-reported: phase purity with a high Tc of 30.7 K,P-doped BaFe2As2 film,,4,4.2,20.0,0.6515,2.087106647964487,5.984131993041221,0.21245793886726025,0.0439663509291782,0.3939,1.6706890877846567,2.503524208144317,rebuilt from figure trace 1502_05345v1_fig4b_Hc,1.5965,measured,
1502.05345v1.pdf,Ba(FeAs)2,iron_pnictide_122,6.0155,30.7,paper-reported: phase purity with a high Tc of 30.7 K,P-doped BaFe2As2 film,,4,4.2,20.0,0.6515,2.6186665347210347,5.910664746510155,0.2820241658543913,0.05836248582930076,0.3939,2.065899169646428,3.1714338997956415,rebuilt from figure trace 1502_05345v1_fig4b_Hc,1.5965,measured,
1502.05345v1.pdf,Ba(FeAs)2,iron_pnictide_122,9.0501,30.7,paper-reported: phase purity with a high Tc of 30.7 K,P-doped BaFe2As2 film,,4,4.2,20.0,0.6515,3.562847535529939,5.859369242832206,0.4504843551361315,0.09322387928461555,0.3939,2.6798981994631212,4.445796871596757,rebuilt from figure trace 1502_05345v1_fig4b_Hc,1.5965,measured,
1502.05345v1.pdf,Ba(FeAs)2,iron_pnictide_122,13.6156,30.7,paper-reported: phase purity with a high Tc of 30.7 K,P-doped BaFe2As2 film,,4,4.2,20.0,0.6515,8.116114293759676,6.245605338690102,2.092779002296195,0.43308269167412583,0.3939,4.014267449259134,12.217961138260218,rebuilt from figure trace 1502_05345v1_fig4b_Hc,1.5965,measured,
1611.08455v1.pdf,Fe2TeSe,iron_chalcogenide_11,0.2313,13.7,"paper-reported: both samples A and B exhibit almost the same onset of Tc (T_onset_c ~ 13.7 K +/- 0.2 K), a",FeTe0.65Se0.35 (figure sample B),"Fig. 5(b) plots crystals A and B at 7, 8, 9, 10 and 11 K. The paper reports that the normalised pinning force of sample B scales with temperature and sample A's does not. The trace confirms it: over the field range all five isotherms cover, sample B's jc follows a single power in (1 - T/Tc) with mean R2 = 0.9994, sample A's with 0.9871. beta_T is defined for B and only approximately for A.",3,7.0,9.0,0.6569,3.573441489553404,3.5022153495444988,0.08782280476307712,0.005527763066213828,0.154,3.401308792217773,3.745574186889035,rebuilt from figure trace 1611_08455v1_fig5b_bothsamples,1.2974,extrapolated,3 isotherms; lever 0.154 dex
1611.08455v1.pdf,Fe2TeSe,iron_chalcogenide_11,0.3223,13.7,"paper-reported: both samples A and B exhibit almost the same onset of Tc (T_onset_c ~ 13.7 K +/- 0.2 K), a",FeTe0.65Se0.35 (figure sample B),"Fig. 5(b) plots crystals A and B at 7, 8, 9, 10 and 11 K. The paper reports that the normalised pinning force of sample B scales with temperature and sample A's does not. The trace confirms it: over the field range all five isotherms cover, sample B's jc follows a single power in (1 - T/Tc) with mean R2 = 0.9994, sample A's with 0.9871. beta_T is defined for B and only approximately for A.",3,7.0,9.0,0.6569,3.7873446626606584,3.5230099046263788,0.07928445423035771,0.004990340253898948,0.154,3.6319471323691572,3.9427421929521596,rebuilt from figure trace 1611_08455v1_fig5b_bothsamples,1.2974,extrapolated,3 isotherms; lever 0.154 dex
1611.08455v1.pdf,Fe2TeSe,iron_chalcogenide_11,0.4492,13.7,"paper-reported: both samples A and B exhibit almost the same onset of Tc (T_onset_c ~ 13.7 K +/- 0.2 K), a",FeTe0.65Se0.35 (figure sample B),"Fig. 5(b) plots crystals A and B at 7, 8, 9, 10 and 11 K. The paper reports that the normalised pinning force of sample B scales with temperature and sample A's does not. The trace confirms it: over the field range all five isotherms cover, sample B's jc follows a single power in (1 - T/Tc) with mean R2 = 0.9994, sample A's with 0.9871. beta_T is defined for B and only approximately for A.",3,7.0,9.0,0.6569,3.988417369146277,3.547663618177698,0.16086037055014293,0.010124910238785626,0.154,3.673131042867997,4.3037036954245576,rebuilt from figure trace 1611_08455v1_fig5b_bothsamples,1.2974,extrapolated,3 isotherms; lever 0.154 dex
1611.08455v1.pdf,Fe2TeSe,iron_chalcogenide_11,0.6261,13.7,"paper-reported: both samples A and B exhibit almost the same onset of Tc (T_onset_c ~ 13.7 K +/- 0.2 K), a",FeTe0.65Se0.35 (figure sample B),"Fig. 5(b) plots crystals A and B at 7, 8, 9, 10 and 11 K. The paper reports that the normalised pinning force of sample B scales with temperature and sample A's does not. The trace confirms it: over the field range all five isotherms cover, sample B's jc follows a single power in (1 - T/Tc) with mean R2 = 0.9994, sample A's with 0.9871. beta_T is defined for B and only approximately for A.",3,7.0,9.0,0.6569,4.288399456470378,3.604746028648638,0.14009122608944813,0.008817653997352582,0.154,4.01382065333506,4.562978259605696,rebuilt from figure trace 1611_08455v1_fig5b_bothsamples,1.2974,extrapolated,3 isotherms; lever 0.154 dex
1611.08455v1.pdf,Fe2TeSe,iron_chalcogenide_11,0.8725,13.7,"paper-reported: both samples A and B exhibit almost the same onset of Tc (T_onset_c ~ 13.7 K +/- 0.2 K), a",FeTe0.65Se0.35 (figure sample B),"Fig. 5(b) plots crystals A and B at 7, 8, 9, 10 and 11 K. The paper reports that the normalised pinning force of sample B scales with temperature and sample A's does not. The trace confirms it: over the field range all five isotherms cover, sample B's jc follows a single power in (1 - T/Tc) with mean R2 = 0.9994, sample A's with 0.9871. beta_T is defined for B and only approximately for A.",3,7.0,9.0,0.6569,4.587468658578505,3.6605827926042394,0.10155260385733815,0.006391947221394673,0.154,4.388425555018122,4.786511762138888,rebuilt from figure trace 1611_08455v1_fig5b_bothsamples,1.2974,extrapolated,3 isotherms; lever 0.154 dex
1611.08455v1.pdf,Fe2TeSe,iron_chalcogenide_11,1.216,13.7,"paper-reported: both samples A and B exhibit almost the same onset of Tc (T_onset_c ~ 13.7 K +/- 0.2 K), a",FeTe0.65Se0.35 (figure sample B),"Fig. 5(b) plots crystals A and B at 7, 8, 9, 10 and 11 K. The paper reports that the normalised pinning force of sample B scales with temperature and sample A's does not. The trace confirms it: over the field range all five isotherms cover, sample B's jc follows a single power in (1 - T/Tc) with mean R2 = 0.9994, sample A's with 0.9871. beta_T is defined for B and only approximately for A.",3,7.0,9.0,0.6569,5.164468568136757,3.7997008811921247,0.16726303870156697,0.010527908442135483,0.154,4.836633012281685,5.492304123991828,rebuilt from figure trace 1611_08455v1_fig5b_bothsamples,1.2974,extrapolated,3 isotherms; lever 0.154 dex
1611.08455v1.pdf,Fe2TeSe,iron_chalcogenide_11,1.6947,13.7,"paper-reported: both samples A and B exhibit almost the same onset of Tc (T_onset_c ~ 13.7 K +/- 0.2 K), a",FeTe0.65Se0.35 (figure sample B),"Fig. 5(b) plots crystals A and B at 7, 8, 9, 10 and 11 K. The paper reports that the normalised pinning force of sample B scales with temperature and sample A's does not. The trace confirms it: over the field range all five isotherms cover, sample B's jc follows a single power in (1 - T/Tc) with mean R2 = 0.9994, sample A's with 0.9871. beta_T is defined for B and only approximately for A.",3,7.0,9.0,0.6569,5.65860619006112,3.881074806742945,0.15761334991641468,0.009920535523325577,0.154,5.349684024224947,5.967528355897294,rebuilt from figure trace 1611_08455v1_fig5b_bothsamples,1.2974,extrapolated,3 isotherms; lever 0.154 dex
1611.08455v1.pdf,Fe2TeSe,iron_chalcogenide_11,2.3618,13.7,"paper-reported: both samples A and B exhibit almost the same onset of Tc (T_onset_c ~ 13.7 K +/- 0.2 K), a",FeTe0.65Se0.35 (figure sample B),"Fig. 5(b) plots crystals A and B at 7, 8, 9, 10 and 11 K. The paper reports that the normalised pinning force of sample B scales with temperature and sample A's does not. The trace confirms it: over the field range all five isotherms cover, sample B's jc follows a single power in (1 - T/Tc) with mean R2 = 0.9994, sample A's with 0.9871. beta_T is defined for B and only approximately for A.",3,7.0,9.0,0.6569,6.613100773935935,4.082186437969465,0.26968128877637065,0.016974341365760034,0.154,6.084525447934249,7.141676099937621,rebuilt from figure trace 1611_08455v1_fig5b_bothsamples,1.2974,extrapolated,3 isotherms; lever 0.154 dex
1611.08455v1.pdf,Fe2TeSe,iron_chalcogenide_11,3.2916,13.7,"paper-reported: both samples A and B exhibit almost the same onset of Tc (T_onset_c ~ 13.7 K +/- 0.2 K), a",FeTe0.65Se0.35 (figure sample B),"Fig. 5(b) plots crystals A and B at 7, 8, 9, 10 and 11 K. The paper reports that the normalised pinning force of sample B scales with temperature and sample A's does not. The trace confirms it: over the field range all five isotherms cover, sample B's jc follows a single power in (1 - T/Tc) with mean R2 = 0.9994, sample A's with 0.9871. beta_T is defined for B and only approximately for A.",3,7.0,9.0,0.6569,8.00910921649831,4.364501119913342,0.4323134882667801,0.027210774466996664,0.154,7.1617747794954205,8.856443653501199,rebuilt from figure trace 1611_08455v1_fig5b_bothsamples,1.2974,extrapolated,3 isotherms; lever 0.154 dex
1611.08455v1.pdf,Fe2TeSe,iron_chalcogenide_11,4.5874,13.7,"paper-reported: both samples A and B exhibit almost the same onset of Tc (T_onset_c ~ 13.7 K +/- 0.2 K), a",FeTe0.65Se0.35 (figure sample B),"Fig. 5(b) plots crystals A and B at 7, 8, 9, 10 and 11 K. The paper reports that the normalised pinning force of sample B scales with temperature and sample A's does not. The trace confirms it: over the field range all five isotherms cover, sample B's jc follows a single power in (1 - T/Tc) with mean R2 = 0.9994, sample A's with 0.9871. beta_T is defined for B and only approximately for A.",3,7.0,9.0,0.6569,9.855323720914402,4.714239782310873,0.47592937955295844,0.02995605587314344,0.154,8.922502136990603,10.788145304838201,rebuilt from figure trace 1611_08455v1_fig5b_bothsamples,1.2974,extrapolated,3 isotherms; lever 0.154 dex
1903.00866v2.pdf,K(FeAs)2,iron_pnictide_122,0.1479,36.0,paper-reported: Tc defined by the onset of diamagnetism is 36.0 K,CaKFe4As4,,6,2.0,25.0,0.6944,1.3462636025146686,6.087452926947676,0.1758906303553233,0.05972405221727757,0.4901,1.001517967018235,1.6910092380111021,rebuilt from figure trace 1903_00866v2_fig4,1.505,measured,
1903.00866v2.pdf,K(FeAs)2,iron_pnictide_122,0.2174,36.0,paper-reported: Tc defined by the onset of diamagnetism is 36.0 K,CaKFe4As4,,6,2.0,25.0,0.6944,1.4441972768362574,6.0378192635949715,0.18875388341535093,0.06409179821880809,0.4901,1.0742396653421695,1.8141548883303453,rebuilt from figure trace 1903_00866v2_fig4,1.505,measured,
1903.00866v2.pdf,K(FeAs)2,iron_pnictide_122,0.3195,36.0,paper-reported: Tc defined by the onset of diamagnetism is 36.0 K,CaKFe4As4,,6,2.0,25.0,0.6944,1.4865451701914507,5.95020770613943,0.23285070262553995,0.07906497062602989,0.4901,1.0301577930453925,1.942932547337509,rebuilt from figure trace 1903_00866v2_fig4,1.505,measured,
1903.00866v2.pdf,K(FeAs)2,iron_pnictide_122,0.4695,36.0,paper-reported: Tc defined by the onset of diamagnetism is 36.0 K,CaKFe4As4,,6,2.0,25.0,0.6944,1.406160260962357,5.840522664244837,0.262380203255412,0.08909177781869192,0.4901,0.8918950625817494,1.9204254593429644,rebuilt from figure trace 1903_00866v2_fig4,1.505,measured,
1903.00866v2.pdf,K(FeAs)2,iron_pnictide_122,0.69,36.0,paper-reported: Tc defined by the onset of diamagnetism is 36.0 K,CaKFe4As4,,6,2.0,25.0,0.6944,1.2513025088215228,5.715937717019546,0.2840585878530036,0.09645272121333022,0.4901,0.6945476766296358,1.8080573410134098,rebuilt from figure trace 1903_00866v2_fig4,1.505,measured,
1903.00866v2.pdf,K(FeAs)2,iron_pnictide_122,1.0141,36.0,paper-reported: Tc defined by the onset of diamagnetism is 36.0 K,CaKFe4As4,,6,2.0,25.0,0.6944,1.0352419797668895,5.587243130601218,0.30406598641540533,0.10324627760720326,0.4901,0.43927264639269503,1.631211313141084,rebuilt from figure trace 1903_00866v2_fig4,1.505,measured,
1903.00866v2.pdf,K(FeAs)2,iron_pnictide_122,1.4904,36.0,paper-reported: Tc defined by the onset of diamagnetism is 36.0 K,CaKFe4As4,,6,2.0,25.0,0.6944,0.7644533643297271,5.450056340681303,0.3078460401663134,0.10452980321142266,0.4901,0.1610751256037528,1.3678316030557014,rebuilt from figure trace 1903_00866v2_fig4,1.505,measured,
1903.00866v2.pdf,K(FeAs)2,iron_pnictide_122,2.1904,36.0,paper-reported: Tc defined by the onset of diamagnetism is 36.0 K,CaKFe4As4,,6,2.0,25.0,0.6944,0.45757938426753164,5.311980399600785,0.3044558566530725,0.10337865890793178,0.4901,-0.13915409477249052,1.0543128633075538,rebuilt from figure trace 1903_00866v2_fig4,1.505,measured,
1903.00866v2.pdf,K(FeAs)2,iron_pnictide_122,3.2191,36.0,paper-reported: Tc defined by the onset of diamagnetism is 36.0 K,CaKFe4As4,,6,2.0,25.0,0.6944,0.15244359701325905,5.180308608010894,0.2938304854471689,0.09977079063520236,0.4901,-0.42346415446319197,0.7283513484897101,rebuilt from figure trace 1903_00866v2_fig4,1.505,measured,
1903.00866v2.pdf,K(FeAs)2,iron_pnictide_122,4.731,36.0,paper-reported: Tc defined by the onset of diamagnetism is 36.0 K,CaKFe4As4,,6,2.0,25.0,0.6944,-0.13212855944606777,5.0580011753451535,0.27769246992874336,0.09429109180440838,0.4901,-0.6764058005064046,0.41214868161426915,rebuilt from figure trace 1903_00866v2_fig4,1.505,measured,
2012.13723v3.pdf,Ba(FeAs)2,iron_pnictide_122,0.1251,36.4,paper-reported: with Tc_on of 36.4 K; abstract gives an onset Tc of 36 K. The 38.3 K in this paper is prev,K-doped BaFe2As2 film on CaF2,,6,4.0,24.0,0.6593,1.3789210744251694,6.268007595874459,0.5367541445789956,0.15227369152004502,0.4171,0.32688295105033793,2.430959197800001,rebuilt from figure trace 2012.13723_fig4,1.6537,measured,
2012.13723v3.pdf,Ba(FeAs)2,iron_pnictide_122,0.1909,36.4,paper-reported: with Tc_on of 36.4 K; abstract gives an onset Tc of 36 K. The 38.3 K in this paper is prev,K-doped BaFe2As2 film on CaF2,,6,4.0,24.0,0.6593,1.6169444002725726,6.319395486437421,0.3677164713128806,0.10431879303597318,0.4171,0.8962201164993266,2.3376686840458185,rebuilt from figure trace 2012.13723_fig4,1.6537,measured,
2012.13723v3.pdf,Ba(FeAs)2,iron_pnictide_122,0.2915,36.4,paper-reported: with Tc_on of 36.4 K; abstract gives an onset Tc of 36 K. The 38.3 K in this paper is prev,K-doped BaFe2As2 film on CaF2,,6,4.0,24.0,0.6593,1.8461876277616533,6.369443780103761,0.20027033769491562,0.05681540409285588,0.4171,1.4536577658796188,2.238717489643688,rebuilt from figure trace 2012.13723_fig4,1.6537,measured,
2012.13723v3.pdf,Ba(FeAs)2,iron_pnictide_122,0.4451,36.4,paper-reported: with Tc_on of 36.4 K; abstract gives an onset Tc of 36 K. The 38.3 K in this paper is prev,K-doped BaFe2As2 film on CaF2,,6,4.0,24.0,0.6593,1.8670354759820607,6.3393347086691225,0.12310857960968445,0.03492511061961081,0.4171,1.6257426599470792,2.1083282920170423,rebuilt from figure trace 2012.13723_fig4,1.6537,measured,
2012.13723v3.pdf,Ba(FeAs)2,iron_pnictide_122,0.6795,36.4,paper-reported: with Tc_on of 36.4 K; abstract gives an onset Tc of 36 K. The 38.3 K in this paper is prev,K-doped BaFe2As2 film on CaF2,,6,4.0,24.0,0.6593,1.9174961928261396,6.2886000374450655,0.07434064894202151,0.02108996299092634,0.4171,1.7717885208997775,2.0632038647525017,rebuilt from figure trace 2012.13723_fig4,1.6537,measured,
2012.13723v3.pdf,Ba(FeAs)2,iron_pnictide_122,1.0373,36.4,paper-reported: with Tc_on of 36.4 K; abstract gives an onset Tc of 36 K. The 38.3 K in this paper is prev,K-doped BaFe2As2 film on CaF2,,6,4.0,24.0,0.6593,1.883368553157011,6.186944684215848,0.0960461792730009,0.02724768205705663,0.4171,1.6951180417819294,2.0716190645320927,rebuilt from figure trace 2012.13723_fig4,1.6537,measured,
2012.13723v3.pdf,Ba(FeAs)2,iron_pnictide_122,1.5837,36.4,paper-reported: with Tc_on of 36.4 K; abstract gives an onset Tc of 36 K. The 38.3 K in this paper is prev,K-doped BaFe2As2 film on CaF2,,6,4.0,24.0,0.6593,1.939214816979418,6.102830362616011,0.07275812243711795,0.020641010420622503,0.4171,1.796608897002667,2.0818207369561694,rebuilt from figure trace 2012.13723_fig4,1.6537,measured,
2012.13723v3.pdf,Ba(FeAs)2,iron_pnictide_122,2.4178,36.4,paper-reported: with Tc_on of 36.4 K; abstract gives an onset Tc of 36 K. The 38.3 K in this paper is prev,K-doped BaFe2As2 film on CaF2,,6,4.0,24.0,0.6593,2.0531878015840817,6.016539293115443,0.07696675270033958,0.02183497170233072,0.4171,1.9023329662914161,2.204042636876747,rebuilt from figure trace 2012.13723_fig4,1.6537,measured,
2012.13723v3.pdf,Ba(FeAs)2,iron_pnictide_122,3.6912,36.4,paper-reported: with Tc_on of 36.4 K; abstract gives an onset Tc of 36 K. The 38.3 K in this paper is prev,K-doped BaFe2As2 film on CaF2,,6,4.0,24.0,0.6593,2.225538220492294,5.922858848348647,0.09206938533145004,0.02611949124565736,0.4171,2.045082225242652,2.405994215741936,rebuilt from figure trace 2012.13723_fig4,1.6537,measured,
2012.13723v3.pdf,Ba(FeAs)2,iron_pnictide_122,5.6353,36.4,paper-reported: with Tc_on of 36.4 K; abstract gives an onset Tc of 36 K. The 38.3 K in this paper is prev,K-doped BaFe2As2 film on CaF2,,6,4.0,24.0,0.6593,3.6053573681758415,5.97889943906529,0.3710908553023299,0.10527608402639972,0.4171,2.878019291783275,4.332695444568408,rebuilt from figure trace 2012.13723_fig4,1.6537,measured,
2207.06629v1.pdf,Ba(FeAs)2,iron_pnictide_122,0.1453,39.8,paper-reported: the film exhibited a high critical temperature of 39.8 K,K-doped Ba122 film,,6,4.0,24.0,0.603,0.858943508609675,6.451414948220007,0.5299645713835353,0.12818032868730675,0.3552,-0.17978705130205408,1.8976740685214042,rebuilt from figure trace 2207.06629_fig4,1.6678,measured,
2207.06629v1.pdf,Ba(FeAs)2,iron_pnictide_122,0.2226,39.8,paper-reported: the film exhibited a high critical temperature of 39.8 K,K-doped Ba122 film,,6,4.0,24.0,0.603,1.1769224929815836,6.512936508809236,0.368362906188915,0.08909440543967197,0.3552,0.4549311968513102,1.898913789111857,rebuilt from figure trace 2207.06629_fig4,1.6678,measured,
2207.06629v1.pdf,Ba(FeAs)2,iron_pnictide_122,0.3411,39.8,paper-reported: the film exhibited a high critical temperature of 39.8 K,K-doped Ba122 film,,6,4.0,24.0,0.603,1.5002117569051983,6.571180925562945,0.2006647159211733,0.04853394100585367,0.3552,1.1069089136996986,1.893514600110698,rebuilt from figure trace 2207.06629_fig4,1.6678,measured,
2207.06629v1.pdf,Ba(FeAs)2,iron_pnictide_122,0.5226,39.8,paper-reported: the film exhibited a high critical temperature of 39.8 K,K-doped Ba122 film,,6,4.0,24.0,0.603,1.628782141962778,6.554908777720895,0.14377662137249556,0.03477465396783972,0.3552,1.3469799640726867,1.9105843198528691,rebuilt from figure trace 2207.06629_fig4,1.6678,measured,
2207.06629v1.pdf,Ba(FeAs)2,iron_pnictide_122,0.8007,39.8,paper-reported: the film exhibited a high critical temperature of 39.8 K,K-doped Ba122 film,,6,4.0,24.0,0.603,1.667541725416917,6.4975359141181075,0.1489485253734922,0.03602556089744121,0.3552,1.3756026156848722,1.9594808351489617,rebuilt from figure trace 2207.06629_fig4,1.6678,measured,
2207.06629v1.pdf,Ba(FeAs)2,iron_pnictide_122,1.2269,39.8,paper-reported: the film exhibited a high critical temperature of 39.8 K,K-doped Ba122 film,,6,4.0,24.0,0.603,1.78753625834511,6.450275976435495,0.11058451619016779,0.026746617412514224,0.3552,1.5707906066123811,2.0042819100778386,rebuilt from figure trace 2207.06629_fig4,1.6678,measured,
2207.06629v1.pdf,Ba(FeAs)2,iron_pnictide_122,1.8799,39.8,paper-reported: the film exhibited a high critical temperature of 39.8 K,K-doped Ba122 film,,6,4.0,24.0,0.603,1.9317336253767352,6.39733443939261,0.08414709835977337,0.0203523090188477,0.3552,1.7668053125915795,2.096661938161891,rebuilt from figure trace 2207.06629_fig4,1.6678,measured,
2207.06629v1.pdf,Ba(FeAs)2,iron_pnictide_122,2.8804,39.8,paper-reported: the film exhibited a high critical temperature of 39.8 K,K-doped Ba122 film,,6,4.0,24.0,0.603,1.9601518108138556,6.305685052757617,0.11424175208767808,0.02763117786191571,0.3552,1.7362379767220066,2.1840656449057048,rebuilt from figure trace 2207.06629_fig4,1.6678,measured,
2207.06629v1.pdf,Ba(FeAs)2,iron_pnictide_122,4.4135,39.8,paper-reported: the film exhibited a high critical temperature of 39.8 K,K-doped Ba122 film,,6,4.0,24.0,0.603,2.1654904051414556,6.239382289677849,0.12559461274819683,0.030377047094659857,0.3552,1.9193249641549899,2.4116558461279216,rebuilt from figure trace 2207.06629_fig4,1.6678,measured,
2207.06629v1.pdf,Ba(FeAs)2,iron_pnictide_122,6.7625,39.8,paper-reported: the film exhibited a high critical temperature of 39.8 K,K-doped Ba122 film,,6,4.0,24.0,0.603,2.1451835709185443,6.13969483225259,0.17006230623348303,0.0411322633387008,0.3552,1.8118614507009174,2.478505691136171,rebuilt from figure trace 2207.06629_fig4,1.6678,measured,
2305.10034v1.pdf,La2FeAs2O,iron_pnictide_1111,0.0465,13.3,paper-reported: the appearance of superconductivity at 13.3 K in La0.87Sm0.13FeAs0.91P0.09O,La0.87Sm0.13FeAs0.91P0.09O,,3,2.0,8.0,0.6015,1.7419154745589411,6.562309083477099,0.12202253878262316,0.016472547240715594,0.3288,1.5027512985449998,1.9810796505728825,rebuilt from figure trace jallcom_2023_170384_fig6c,1.5202,thin,3 isotherms
2305.10034v1.pdf,La2FeAs2O,iron_pnictide_1111,0.0686,13.3,paper-reported: the appearance of superconductivity at 13.3 K in La0.87Sm0.13FeAs0.91P0.09O,La0.87Sm0.13FeAs0.91P0.09O,,3,2.0,8.0,0.6015,1.9350779224860915,6.527082585158454,0.14546145272543914,0.019636705444979138,0.3288,1.6499734751442308,2.220182369827952,rebuilt from figure trace jallcom_2023_170384_fig6c,1.5202,thin,3 isotherms
2305.10034v1.pdf,La2FeAs2O,iron_pnictide_1111,0.1012,13.3,paper-reported: the appearance of superconductivity at 13.3 K in La0.87Sm0.13FeAs0.91P0.09O,La0.87Sm0.13FeAs0.91P0.09O,,3,2.0,8.0,0.6015,2.128240370413241,6.491856086839811,0.16890036666825453,0.022800863649242605,0.3288,1.797195651743462,2.4592850890830196,rebuilt from figure trace jallcom_2023_170384_fig6c,1.5202,thin,3 isotherms
2305.10034v1.pdf,La2FeAs2O,iron_pnictide_1111,0.1493,13.3,paper-reported: the appearance of superconductivity at 13.3 K in La0.87Sm0.13FeAs0.91P0.09O,La0.87Sm0.13FeAs0.91P0.09O,,3,2.0,8.0,0.6015,2.321402818340395,6.456629588521166,0.19233928061106811,0.025965021853505826,0.3288,1.9444178283427016,2.6983878083380883,rebuilt from figure trace jallcom_2023_170384_fig6c,1.5202,thin,3 isotherms
2305.10034v1.pdf,La2FeAs2O,iron_pnictide_1111,0.2203,13.3,paper-reported: the appearance of superconductivity at 13.3 K in La0.87Sm0.13FeAs0.91P0.09O,La0.87Sm0.13FeAs0.91P0.09O,,3,2.0,8.0,0.6015,2.5145652662675415,6.42140309020252,0.21577819455388283,0.0291291800577692,0.3288,2.0916400049419313,2.9374905275931518,rebuilt from figure trace jallcom_2023_170384_fig6c,1.5202,thin,3 isotherms
2305.10034v1.pdf,La2FeAs2O,iron_pnictide_1111,0.3251,13.3,paper-reported: the appearance of superconductivity at 13.3 K in La0.87Sm0.13FeAs0.91P0.09O,La0.87Sm0.13FeAs0.91P0.09O,,3,2.0,8.0,0.6015,2.707727714194692,6.386176591883877,0.23921710849669697,0.0322933382620325,0.3288,2.2388621815411662,3.176593246848218,rebuilt from figure trace jallcom_2023_170384_fig6c,1.5202,thin,3 isotherms
2305.10034v1.pdf,La2FeAs2O,iron_pnictide_1111,0.4796,13.3,paper-reported: the appearance of superconductivity at 13.3 K in La0.87Sm0.13FeAs0.91P0.09O,La0.87Sm0.13FeAs0.91P0.09O,,3,2.0,8.0,0.6015,2.930852377180846,6.355889240075332,0.2375947002473468,0.03207431973645701,0.3288,2.465166764696046,3.396537989665646,rebuilt from figure trace jallcom_2023_170384_fig6c,1.5202,thin,3 isotherms
2305.10034v1.pdf,La2FeAs2O,iron_pnictide_1111,0.7076,13.3,paper-reported: the appearance of superconductivity at 13.3 K in La0.87Sm0.13FeAs0.91P0.09O,La0.87Sm0.13FeAs0.91P0.09O,,3,2.0,8.0,0.6015,3.9296433342981034,6.422300096841088,0.26560852478543145,0.035856072293816786,0.3288,3.409050625718658,4.450236042877549,rebuilt from figure trace jallcom_2023_170384_fig6c,1.5202,thin,3 isotherms
2305.10034v1.pdf,La2FeAs2O,iron_pnictide_1111,1.044,13.3,paper-reported: the appearance of superconductivity at 13.3 K in La0.87Sm0.13FeAs0.91P0.09O,La0.87Sm0.13FeAs0.91P0.09O,,3,2.0,8.0,0.6015,5.333137739891373,6.5371461802106285,0.9583618708747712,0.12937496096363285,0.3288,3.4547484729768216,7.211527006805924,rebuilt from figure trace jallcom_2023_170384_fig6c,1.5202,thin,3 isotherms
2305.10034v1.pdf,La2FeAs2O,iron_pnictide_1111,1.5404,13.3,paper-reported: the appearance of superconductivity at 13.3 K in La0.87Sm0.13FeAs0.91P0.09O,La0.87Sm0.13FeAs0.91P0.09O,,3,2.0,8.0,0.6015,8.184288738030265,6.774107660242973,1.567717672832744,0.21163551982676537,0.3288,5.111562099278087,11.257015376782443,rebuilt from figure trace jallcom_2023_170384_fig6c,1.5202,thin,3 isotherms
2308.10492v1.pdf,Ba(FeAs)2,iron_pnictide_122,1.3929,19.3,"paper-reported: above the superconducting transition Tc (~ 19.3 K); the sentence carries a citation, so th",BaFe1.908Ni0.092As2,,6,1.8,12.5,0.6477,2.4516265339516057,6.042923385162814,0.27126836255233994,0.07121966986418123,0.4105,1.9199405433490195,2.983312524554192,rebuilt from figure trace 2308_10492v1_fig2b,1.1071,measured,
2308.10492v1.pdf,Ba(FeAs)2,iron_pnictide_122,1.849,19.3,"paper-reported: above the superconducting transition Tc (~ 19.3 K); the sentence carries a citation, so th",BaFe1.908Ni0.092As2,,6,1.8,12.5,0.6477,2.2950450978398287,5.976170875577576,0.2728233959678756,0.0716279333470297,0.4105,1.7603112417427926,2.8297789539368647,rebuilt from figure trace 2308_10492v1_fig2b,1.1071,measured,
2308.10492v1.pdf,Ba(FeAs)2,iron_pnictide_122,2.4544,19.3,"paper-reported: above the superconducting transition Tc (~ 19.3 K); the sentence carries a citation, so th",BaFe1.908Ni0.092As2,,6,1.8,12.5,0.6477,2.0899954213857197,5.909289166455272,0.26672414274860445,0.07002661575655425,0.4105,1.567216101598455,2.6127747411729842,rebuilt from figure trace 2308_10492v1_fig2b,1.1071,measured,
2308.10492v1.pdf,Ba(FeAs)2,iron_pnictide_122,3.258,19.3,"paper-reported: above the superconducting transition Tc (~ 19.3 K); the sentence carries a citation, so th",BaFe1.908Ni0.092As2,,6,1.8,12.5,0.6477,1.872273884058805,5.849463919371775,0.25343085888712236,0.06653655418388216,0.4105,1.375549400640045,2.3689983674775648,rebuilt from figure trace 2308_10492v1_fig2b,1.1071,measured,
2308.10492v1.pdf,Ba(FeAs)2,iron_pnictide_122,4.3248,19.3,"paper-reported: above the superconducting transition Tc (~ 19.3 K); the sentence carries a citation, so th",BaFe1.908Ni0.092As2,,6,1.8,12.5,0.6477,1.6671189250179004,5.802147834144767,0.22429059665260773,0.05888597585410229,0.4105,1.2275093555787893,2.1067284944570117,rebuilt from figure trace 2308_10492v1_fig2b,1.1071,measured,
2308.10492v1.pdf,Ba(FeAs)2,iron_pnictide_122,5.7408,19.3,"paper-reported: above the superconducting transition Tc (~ 19.3 K); the sentence carries a citation, so th",BaFe1.908Ni0.092As2,,6,1.8,12.5,0.6477,1.5479373427995207,5.782454345492332,0.1770693059918596,0.04648834606868956,0.4105,1.2008815030554758,1.8949931825435655,rebuilt from figure trace 2308_10492v1_fig2b,1.1071,measured,
2308.10492v1.pdf,Ba(FeAs)2,iron_pnictide_122,7.6206,19.3,"paper-reported: above the superconducting transition Tc (~ 19.3 K); the sentence carries a citation, so th",BaFe1.908Ni0.092As2,,6,1.8,12.5,0.6477,1.5486654885988704,5.789430949993819,0.116850209596523,0.030678230489996978,0.4105,1.3196390777896854,1.7776918994080555,rebuilt from figure trace 2308_10492v1_fig2b,1.1071,measured,
2308.10492v1.pdf,Ba(FeAs)2,iron_pnictide_122,10.1158,19.3,"paper-reported: above the superconducting transition Tc (~ 19.3 K); the sentence carries a citation, so th",BaFe1.908Ni0.092As2,,6,1.8,12.5,0.6477,1.794724846318392,5.836651621635954,0.09499677231003203,0.024940758658422164,0.4105,1.6085311725907292,1.9809185200460548,rebuilt from figure trace 2308_10492v1_fig2b,1.1071,measured,
2308.10492v1.pdf,Ba(FeAs)2,iron_pnictide_122,13.428,19.3,"paper-reported: above the superconducting transition Tc (~ 19.3 K); the sentence carries a citation, so th",BaFe1.908Ni0.092As2,,6,1.8,12.5,0.6477,2.5325853300752477,5.939838953439789,0.2709820561598968,0.0711445020615007,0.4105,2.00146050000185,3.0637101601486454,rebuilt from figure trace 2308_10492v1_fig2b,1.1071,measured,
2308.10492v1.pdf,Ba(FeAs)2,iron_pnictide_122,17.8247,19.3,"paper-reported: above the superconducting transition Tc (~ 19.3 K); the sentence carries a citation, so th",BaFe1.908Ni0.092As2,,6,1.8,12.5,0.6477,4.2869297730574365,6.128742946246672,0.70578635811394,0.185299424328626,0.4105,2.903588511154114,5.670271034960759,rebuilt from figure trace 2308_10492v1_fig2b,1.1071,measured,
2510.10264v1.pdf,Pr2FeAs2O,iron_pnictide_1111,0.0344,25.1,paper-reported: the critical temperature is determined to be approximately Tc_zero = 25.1 K,"underdoped PrFeAs(O,F)",,8,2.5,16.0,0.6375,3.1282762817244847,5.598286559257344,0.27741466823094674,0.08817221196459263,0.3951,2.5845435319918293,3.67200903145714,rebuilt from figure trace 2510_10264v1_fig4a,1.9674,measured,
2510.10264v1.pdf,Pr2FeAs2O,iron_pnictide_1111,0.0569,25.1,paper-reported: the critical temperature is determined to be approximately Tc_zero = 25.1 K,"underdoped PrFeAs(O,F)",,8,2.5,16.0,0.6375,3.2055653368620054,5.566199136052767,0.2984642782490567,0.09486252393736726,0.3951,2.620575351493854,3.7905553222301567,rebuilt from figure trace 2510_10264v1_fig4a,1.9674,measured,
2510.10264v1.pdf,Pr2FeAs2O,iron_pnictide_1111,0.0941,25.1,paper-reported: the critical temperature is determined to be approximately Tc_zero = 25.1 K,"underdoped PrFeAs(O,F)",,8,2.5,16.0,0.6375,3.2065398680415957,5.525030574757046,0.3142038128799714,0.09986510578551136,0.3951,2.5907003947968517,3.82237934128634,rebuilt from figure trace 2510_10264v1_fig4a,1.9674,measured,
2510.10264v1.pdf,Pr2FeAs2O,iron_pnictide_1111,0.1557,25.1,paper-reported: the critical temperature is determined to be approximately Tc_zero = 25.1 K,"underdoped PrFeAs(O,F)",,8,2.5,16.0,0.6375,3.1263827200605294,5.473283830780986,0.3321497403859669,0.10556895747457405,0.3951,2.475369228904034,3.7773962112170247,rebuilt from figure trace 2510_10264v1_fig4a,1.9674,measured,
2510.10264v1.pdf,Pr2FeAs2O,iron_pnictide_1111,0.2576,25.1,paper-reported: the critical temperature is determined to be approximately Tc_zero = 25.1 K,"underdoped PrFeAs(O,F)",,8,2.5,16.0,0.6375,2.8665450796226,5.3915626233743295,0.30020637162056923,0.09541622294324405,0.3951,2.2781405912462844,3.4549495679989155,rebuilt from figure trace 2510_10264v1_fig4a,1.9674,measured,
2510.10264v1.pdf,Pr2FeAs2O,iron_pnictide_1111,0.4261,25.1,paper-reported: the critical temperature is determined to be approximately Tc_zero = 25.1 K,"underdoped PrFeAs(O,F)",,8,2.5,16.0,0.6375,2.698221859645113,5.334942703295007,0.2345352809492185,0.0745436232225982,0.3951,2.238532708984645,3.157911010305581,rebuilt from figure trace 2510_10264v1_fig4a,1.9674,measured,
2510.10264v1.pdf,Pr2FeAs2O,iron_pnictide_1111,0.7049,25.1,paper-reported: the critical temperature is determined to be approximately Tc_zero = 25.1 K,"underdoped PrFeAs(O,F)",,8,2.5,16.0,0.6375,2.980363052340829,5.364991228054977,0.14740665172682024,0.04685105738615082,0.3951,2.6914460149562616,3.2692800897253966,rebuilt from figure trace 2510_10264v1_fig4a,1.9674,measured,
2510.10264v1.pdf,Pr2FeAs2O,iron_pnictide_1111,1.1662,25.1,paper-reported: the critical temperature is determined to be approximately Tc_zero = 25.1 K,"underdoped PrFeAs(O,F)",,8,2.5,16.0,0.6375,4.107685286014919,5.501775550264804,0.27830314876756895,0.08845460256311803,0.3951,3.562211114430484,4.6531594575993545,rebuilt from figure trace 2510_10264v1_fig4a,1.9674,measured,
2510.10264v1.pdf,Pr2FeAs2O,iron_pnictide_1111,1.9292,25.1,paper-reported: the critical temperature is determined to be approximately Tc_zero = 25.1 K,"underdoped PrFeAs(O,F)",,8,2.5,16.0,0.6375,6.683483827938643,5.7652467209554565,0.6631557267974967,0.21077438940627571,0.3951,5.383698603415549,7.983269052461736,rebuilt from figure trace 2510_10264v1_fig4a,1.9674,measured,
2510.10264v1.pdf,Pr2FeAs2O,iron_pnictide_1111,3.1914,25.1,paper-reported: the critical temperature is determined to be approximately Tc_zero = 25.1 K,"underdoped PrFeAs(O,F)",,8,2.5,16.0,0.6375,10.395177091681644,6.004947701830526,0.7780563420292407,0.24729387651804363,0.3951,8.870186661304333,11.920167522058955,rebuilt from figure trace 2510_10264v1_fig4a,1.9674,measured,
2511.19058v1.pdf,FeSe,iron_chalcogenide_11,0.1005,9.0,paper-reported: the superconducting transition temperature Tc of FeSe-strain remains essentially unchanged,FeSe (strained),,5,2.0,6.0,0.6667,1.3490422367886685,4.369809920229418,0.03764925951081566,0.00847659995950904,0.368,1.2752496881474698,1.4228347854298673,rebuilt from figure trace 2511_19058v1_fig2b,1.3606,measured,
2511.19058v1.pdf,FeSe,iron_chalcogenide_11,0.1423,9.0,paper-reported: the superconducting transition temperature Tc of FeSe-strain remains essentially unchanged,FeSe (strained),,5,2.0,6.0,0.6667,1.4716505195580383,4.369922337191165,0.027307124995594328,0.006148104309075916,0.368,1.4181285545666733,1.5251724845494032,rebuilt from figure trace 2511_19058v1_fig2b,1.3606,measured,
2511.19058v1.pdf,FeSe,iron_chalcogenide_11,0.2015,9.0,paper-reported: the superconducting transition temperature Tc of FeSe-strain remains essentially unchanged,FeSe (strained),,5,2.0,6.0,0.6667,1.5809047087458665,4.364450632084656,0.037472092174119995,0.008436711349252857,0.368,1.5074594080845913,1.6543500094071417,rebuilt from figure trace 2511_19058v1_fig2b,1.3606,measured,
2511.19058v1.pdf,FeSe,iron_chalcogenide_11,0.2855,9.0,paper-reported: the superconducting transition temperature Tc of FeSe-strain remains essentially unchanged,FeSe (strained),,5,2.0,6.0,0.6667,1.8094467642520737,4.370889434566561,0.048340719987291995,0.010883745136320736,0.368,1.7146989530769814,1.904194575427166,rebuilt from figure trace 2511_19058v1_fig2b,1.3606,measured,
2511.19058v1.pdf,FeSe,iron_chalcogenide_11,0.4043,9.0,paper-reported: the superconducting transition temperature Tc of FeSe-strain remains essentially unchanged,FeSe (strained),,5,2.0,6.0,0.6667,2.0326820318450305,4.367477034581324,0.06871174510270558,0.015470210658142402,0.368,1.8980070114437275,2.1673570522463335,rebuilt from figure trace 2511_19058v1_fig2b,1.3606,measured,
2511.19058v1.pdf,FeSe,iron_chalcogenide_11,0.5727,9.0,paper-reported: the superconducting transition temperature Tc of FeSe-strain remains essentially unchanged,FeSe (strained),,5,2.0,6.0,0.6667,2.3925956599147025,4.356714205653545,0.07110408928252301,0.01600883863758371,0.368,2.2532316449209575,2.5319596749084474,rebuilt from figure trace 2511_19058v1_fig2b,1.3606,measured,
2511.19058v1.pdf,FeSe,iron_chalcogenide_11,0.8112,9.0,paper-reported: the superconducting transition temperature Tc of FeSe-strain remains essentially unchanged,FeSe (strained),,5,2.0,6.0,0.6667,2.72910340892347,4.323897544482146,0.027794502754937875,0.006257835718107487,0.368,2.6746261835237917,2.7835806343231484,rebuilt from figure trace 2511_19058v1_fig2b,1.3606,measured,
2511.19058v1.pdf,FeSe,iron_chalcogenide_11,1.1491,9.0,paper-reported: the superconducting transition temperature Tc of FeSe-strain remains essentially unchanged,FeSe (strained),,5,2.0,6.0,0.6667,3.0028490388178652,4.22720030250454,0.06935052164236935,0.015614028976499864,0.368,2.866922016398821,3.1387760612369093,rebuilt from figure trace 2511_19058v1_fig2b,1.3606,measured,
2511.19058v1.pdf,FeSe,iron_chalcogenide_11,1.6276,9.0,paper-reported: the superconducting transition temperature Tc of FeSe-strain remains essentially unchanged,FeSe (strained),,5,2.0,6.0,0.6667,3.3099943057484333,4.118531084671725,0.09904893489785066,0.022300523528313736,0.368,3.115858393348646,3.504130218148221,rebuilt from figure trace 2511_19058v1_fig2b,1.3606,measured,
2511.19058v1.pdf,FeSe,iron_chalcogenide_11,2.3054,9.0,paper-reported: the superconducting transition temperature Tc of FeSe-strain remains essentially unchanged,FeSe (strained),,5,2.0,6.0,0.6667,4.013311155730162,4.011881015409408,0.21200588201519913,0.047732387681873475,0.368,3.5977796269803717,4.428842684479952,rebuilt from figure trace 2511_19058v1_fig2b,1.3606,measured,
