paper_id,compound_formula,substructure,field_T,Tc_K,n_T_pts,T_min,T_max,beta_T,SE_beta_T,rms,ok,physicality,source,paper_key,Tc_repaired,repair,beta_T_repaired,n_T_pts_repaired,lever_T,window_cut,T_max_repaired,reproduced,survives,beta_T_as_deposited
0806.2839v1.pdf,Sm2FeAs2O,iron_pnictide_1111,0.0,55.0,4,2.0,20.0,2.3225928642053733,7.425958650727008,0.750650473675328,True,ok,v3.2.1_baseline,0806.2839v1.pdf,54.6,"Tc 55.0 -> 54.6, paper-reported",2.3225928642053733,4,0.1819096453609625,False,20.0,True,True,2.346412769280233
0806.2839v1.pdf,Sm2FeAs2O,iron_pnictide_1111,0.5,55.0,4,2.0,20.0,2.3225928642053817,7.425958593895453,0.7506504736753312,True,ok,v3.2.1_baseline,0806.2839v1.pdf,54.6,"Tc 55.0 -> 54.6, paper-reported",2.3225928642053817,4,0.1819096453609625,False,20.0,True,True,2.346414344446472
0806.2839v1.pdf,Sm2FeAs2O,iron_pnictide_1111,1.0,55.0,4,2.0,20.0,2.3225928642053697,7.42595944065298,0.7506504736753286,True,ok,v3.2.1_baseline,0806.2839v1.pdf,54.6,"Tc 55.0 -> 54.6, paper-reported",2.3225928642053697,4,0.1819096453609625,False,20.0,True,True,2.346413907106212
0806.2839v1.pdf,Sm2FeAs2O,iron_pnictide_1111,1.5,55.0,4,2.0,20.0,2.3225928642053697,7.425959030113231,0.7506504736753273,True,ok,v3.2.1_baseline,0806.2839v1.pdf,54.6,"Tc 55.0 -> 54.6, paper-reported",2.3225928642053697,4,0.1819096453609625,False,20.0,True,True,2.34641362685694
0806.2839v1.pdf,Sm2FeAs2O,iron_pnictide_1111,2.0,55.0,4,2.0,20.0,2.3225928642053613,7.425958120190412,0.7506504736753274,True,ok,v3.2.1_baseline,0806.2839v1.pdf,54.6,"Tc 55.0 -> 54.6, paper-reported",2.3225928642053613,4,0.1819096453609625,False,20.0,True,True,2.346413486774172
0806.2839v1.pdf,Sm2FeAs2O,iron_pnictide_1111,2.5,55.0,4,2.0,20.0,2.3225928642053675,7.425958120190408,0.7506504736753273,True,ok,v3.2.1_baseline,0806.2839v1.pdf,54.6,"Tc 55.0 -> 54.6, paper-reported",2.3225928642053675,4,0.1819096453609625,False,20.0,True,True,2.346413486850373
0806.2839v1.pdf,Sm2FeAs2O,iron_pnictide_1111,3.0,55.0,4,2.0,20.0,2.3225928642053737,7.4259579283857375,0.7506504736753301,True,ok,v3.2.1_baseline,0806.2839v1.pdf,54.6,"Tc 55.0 -> 54.6, paper-reported",2.3225928642053737,4,0.1819096453609625,False,20.0,True,True,2.3464123488816493
0806.2839v1.pdf,Sm2FeAs2O,iron_pnictide_1111,3.5,55.0,4,2.0,20.0,2.3225928642053817,7.425957836178404,0.7506504736753272,True,ok,v3.2.1_baseline,0806.2839v1.pdf,54.6,"Tc 55.0 -> 54.6, paper-reported",2.3225928642053817,4,0.1819096453609625,False,20.0,True,True,2.346413049507691
0806.2839v1.pdf,Sm2FeAs2O,iron_pnictide_1111,4.0,55.0,4,2.0,20.0,2.3225928642053697,7.425958495354145,0.7506504736753276,True,ok,v3.2.1_baseline,0806.2839v1.pdf,54.6,"Tc 55.0 -> 54.6, paper-reported",2.3225928642053697,4,0.1819096453609625,False,20.0,True,True,2.3464129092953936
0806.2839v1.pdf,Sm2FeAs2O,iron_pnictide_1111,4.5,55.0,4,2.0,20.0,2.366629287916348,7.468133065834867,0.7549136827278293,True,ok,v3.2.1_baseline,0806.2839v1.pdf,54.6,"Tc 55.0 -> 54.6, paper-reported",2.366629287916348,4,0.1819096453609625,False,20.0,True,True,2.3908498731001684
0806.2839v1.pdf,Sm2FeAs2O,iron_pnictide_1111,5.0,55.0,4,2.0,20.0,2.446995921249533,7.549080914566218,0.7630962861816531,True,ok,v3.2.1_baseline,0806.2839v1.pdf,54.6,"Tc 55.0 -> 54.6, paper-reported",2.446995921249533,4,0.1819096453609625,False,20.0,True,True,2.471945317838937
0903.0004v2.pdf,Ba(FeAs)2,iron_pnictide_122,0.1,38.0,3,2.0,10.0,0.4380586383062986,0.1251748849794767,0.0056647914331385,True,ok,v3.2.1_baseline,0903.0004v2.pdf,22.6,"Tc 38.0 -> 22.6, paper-reported",0.4380586383062986,3,0.2134966752515905,False,10.0,True,True,0.8656793335626881
0903.0004v2.pdf,Ba(FeAs)2,iron_pnictide_122,0.5,38.0,3,2.0,10.0,0.5658321775800065,0.1511251552357431,0.0068391727355404,True,ok,v3.2.1_baseline,0903.0004v2.pdf,22.6,"Tc 38.0 -> 22.6, paper-reported",0.5658321775800065,3,0.2134966752515905,False,10.0,True,True,1.117875493653851
0903.0004v2.pdf,Ba(FeAs)2,iron_pnictide_122,1.0,38.0,3,2.0,10.0,0.8002452797690159,0.186806475055874,0.0084539350008804,True,ok,v3.2.1_baseline,0903.0004v2.pdf,22.6,"Tc 38.0 -> 22.6, paper-reported",0.8002452797690159,3,0.2134966752515905,False,10.0,True,True,1.5802076510695042
0903.0004v2.pdf,Ba(FeAs)2,iron_pnictide_122,1.5,38.0,3,2.0,10.0,0.565832177580006,0.1511251224308141,0.0068391727355375,True,ok,v3.2.1_baseline,0903.0004v2.pdf,22.6,"Tc 38.0 -> 22.6, paper-reported",0.565832177580006,3,0.2134966752515905,False,10.0,True,True,1.1178753595283788
0903.0004v2.pdf,Ba(FeAs)2,iron_pnictide_122,2.0,38.0,3,2.0,10.0,0.8002452797690169,0.1868066165824715,0.0084539350008807,True,ok,v3.2.1_baseline,0903.0004v2.pdf,22.6,"Tc 38.0 -> 22.6, paper-reported",0.8002452797690169,3,0.2134966752515905,False,10.0,True,True,1.5802076820164788
0903.0004v2.pdf,Ba(FeAs)2,iron_pnictide_122,2.5,38.0,3,2.0,10.0,0.5790046669116689,0.0256462017025311,0.0011606193439378,True,ok,v3.2.1_baseline,0903.0004v2.pdf,22.6,"Tc 38.0 -> 22.6, paper-reported",0.5790046669116689,3,0.2134966752515905,False,10.0,True,True,1.140155894095941
0903.0004v2.pdf,Ba(FeAs)2,iron_pnictide_122,3.0,38.0,3,2.0,10.0,0.781157223406747,0.3686362209858,0.0166826413953918,True,ok,v3.2.1_baseline,0903.0004v2.pdf,22.6,"Tc 38.0 -> 22.6, paper-reported",0.781157223406747,3,0.2134966752515905,False,10.0,True,True,1.5479213276009742
0903.0004v2.pdf,Ba(FeAs)2,iron_pnictide_122,3.5,38.0,3,2.0,10.0,0.4380586383062951,0.1251748849794753,0.0056647914331384,True,ok,v3.2.1_baseline,0903.0004v2.pdf,22.6,"Tc 38.0 -> 22.6, paper-reported",0.4380586383062951,3,0.2134966752515905,False,10.0,True,True,0.8656793434508133
0903.0004v2.pdf,Ba(FeAs)2,iron_pnictide_122,4.0,38.0,3,2.0,10.0,0.5658321775800035,0.1511251224308141,0.0068391727355375,True,ok,v3.2.1_baseline,0903.0004v2.pdf,22.6,"Tc 38.0 -> 22.6, paper-reported",0.5658321775800035,3,0.2134966752515905,False,10.0,True,True,1.117875359528379
0903.0004v2.pdf,Ba(FeAs)2,iron_pnictide_122,4.5,38.0,3,2.0,10.0,0.8002452797690184,0.1868065458191469,0.0084539350008805,True,ok,v3.2.1_baseline,0903.0004v2.pdf,22.6,"Tc 38.0 -> 22.6, paper-reported",0.8002452797690184,3,0.2134966752515905,False,10.0,True,True,1.5802076660145052
0903.0004v2.pdf,Ba(FeAs)2,iron_pnictide_122,5.0,38.0,3,2.0,10.0,1.0112546286777624,0.2061535877882565,0.009329484155886,True,ok,v3.2.1_baseline,0903.0004v2.pdf,22.6,"Tc 38.0 -> 22.6, paper-reported",1.0112546286777624,3,0.2134966752515905,False,10.0,True,True,1.996010139859252
0903.0004v2.pdf,Ba(FeAs)2,iron_pnictide_122,5.5,38.0,3,2.0,10.0,1.3792499466806771,0.2124527174469667,0.0096145543448184,True,ok,v3.2.1_baseline,0903.0004v2.pdf,22.6,"Tc 38.0 -> 22.6, paper-reported",1.3792499466806771,3,0.2134966752515905,False,10.0,True,True,2.720363539452143
0903.0004v2.pdf,Ba(FeAs)2,iron_pnictide_122,6.0,38.0,3,2.0,10.0,1.324175488669742,0.7370828796636789,0.0333567068305278,True,ok,v3.2.1_baseline,0903.0004v2.pdf,22.6,"Tc 38.0 -> 22.6, paper-reported",1.324175488669742,3,0.2134966752515905,False,10.0,True,True,2.627208038989431
0903.0004v2.pdf,Ba(FeAs)2,iron_pnictide_122,6.5,38.0,3,2.0,10.0,1.3792499466806822,0.2124527197744464,0.0096145543448185,True,ok,v3.2.1_baseline,0903.0004v2.pdf,22.6,"Tc 38.0 -> 22.6, paper-reported",1.3792499466806822,3,0.2134966752515905,False,10.0,True,True,2.720363544980597
0903.0004v2.pdf,Ba(FeAs)2,iron_pnictide_122,7.0,38.0,3,2.0,10.0,1.5137679112708302,1.0689431857938712,0.0483750499601768,True,ok,v3.2.1_baseline,0903.0004v2.pdf,22.6,"Tc 38.0 -> 22.6, paper-reported",1.5137679112708302,3,0.2134966752515905,False,10.0,True,True,2.947893204285831
0906.0444v1.pdf,Ba(FeAs)2,iron_pnictide_122,0.0,38.0,8,2.0,20.0,0.7834347605411011,0.0607123933694228,0.0144511557182747,True,ok,v3.2.1_baseline,0906.0444v1.pdf,24.0,"Tc 38.0 -> 24.0, paper-reported",0.7834347605411011,6,0.3881801713828813,True,15.0,True,True,1.7311942365412245
0906.0444v1.pdf,Ba(FeAs)2,iron_pnictide_122,0.5,38.0,8,2.0,20.0,1.105701643188946,0.1085224593958024,0.0258312173909258,True,ok,v3.2.1_baseline,0906.0444v1.pdf,24.0,"Tc 38.0 -> 24.0, paper-reported",1.105701643188946,6,0.3881801713828813,True,15.0,True,True,2.500360332118514
0906.0444v1.pdf,Ba(FeAs)2,iron_pnictide_122,1.0,38.0,8,2.0,20.0,1.1822689705304374,0.1219229102228434,0.0290208777151348,True,ok,v3.2.1_baseline,0906.0444v1.pdf,24.0,"Tc 38.0 -> 24.0, paper-reported",1.1822689705304374,6,0.3881801713828813,True,15.0,True,True,2.537067361576857
0906.0444v1.pdf,Ba(FeAs)2,iron_pnictide_122,1.5,38.0,8,2.0,20.0,1.3539786467118808,0.1539076823548029,0.036634099180657,True,ok,v3.2.1_baseline,0906.0444v1.pdf,24.0,"Tc 38.0 -> 24.0, paper-reported",1.3539786467118808,6,0.3881801713828813,True,15.0,True,True,2.6575083084526927
0906.0444v1.pdf,Ba(FeAs)2,iron_pnictide_122,2.0,38.0,8,2.0,20.0,1.4822666639956823,0.1883993881765714,0.0448440344157887,True,ok,v3.2.1_baseline,0906.0444v1.pdf,24.0,"Tc 38.0 -> 24.0, paper-reported",1.4822666639956823,6,0.3881801713828813,True,15.0,True,True,2.662426133716543
0906.0444v1.pdf,Ba(FeAs)2,iron_pnictide_122,2.5,38.0,8,2.0,20.0,1.431474526836162,0.2413164709140881,0.0574397019812736,True,ok,v3.2.1_baseline,0906.0444v1.pdf,24.0,"Tc 38.0 -> 24.0, paper-reported",1.431474526836162,6,0.3881801713828813,True,15.0,True,True,2.4626130761390046
0906.0444v1.pdf,Ba(FeAs)2,iron_pnictide_122,3.0,38.0,8,2.0,20.0,1.2842365176431434,0.2109704757539418,0.0502165518609131,True,ok,v3.2.1_baseline,0906.0444v1.pdf,24.0,"Tc 38.0 -> 24.0, paper-reported",1.2842365176431434,6,0.3881801713828813,True,15.0,True,True,2.206013182374101
0906.0444v1.pdf,Ba(FeAs)2,iron_pnictide_122,3.5,38.0,8,2.0,20.0,1.147790817043278,0.1931155993402343,0.0459666177277262,True,ok,v3.2.1_baseline,0906.0444v1.pdf,24.0,"Tc 38.0 -> 24.0, paper-reported",1.147790817043278,6,0.3881801713828813,True,15.0,True,True,2.089248380295579
0906.0444v1.pdf,Ba(FeAs)2,iron_pnictide_122,4.0,38.0,8,2.0,20.0,0.976729932826087,0.1455436572844867,0.034643240118645,True,ok,v3.2.1_baseline,0906.0444v1.pdf,24.0,"Tc 38.0 -> 24.0, paper-reported",0.976729932826087,6,0.3881801713828813,True,15.0,True,True,2.1331049929051296
0906.0444v1.pdf,Ba(FeAs)2,iron_pnictide_122,4.5,38.0,8,2.0,20.0,1.0128302314225297,0.2596916661835427,0.0618134868139613,True,ok,v3.2.1_baseline,0906.0444v1.pdf,24.0,"Tc 38.0 -> 24.0, paper-reported",1.0128302314225297,6,0.3881801713828813,True,15.0,True,True,2.682020835555133
0906.0444v1.pdf,Ba(FeAs)2,iron_pnictide_122,5.0,38.0,8,2.0,20.0,1.1822689705304383,0.3434720689858315,0.0817554351251514,True,ok,v3.2.1_baseline,0906.0444v1.pdf,24.0,"Tc 38.0 -> 24.0, paper-reported",1.1822689705304383,6,0.3881801713828813,True,15.0,True,True,3.431268796597345
0907.0147v2.pdf,Fe2TeSe,iron_chalcogenide_11,1e-05,14.5,5,1.8,8.0,0.8129185661273106,0.0718929548159836,0.0129233946882136,True,ok,v3.2.1_baseline,0907.0147v2.pdf,15.3,"Tc 14.5 -> 15.3, paper-reported",0.8129185661273106,5,0.2670109083745502,False,8.0,True,True,0.7451441063081451
0907.0147v2.pdf,Fe2TeSe,iron_chalcogenide_11,5e-05,14.5,5,1.8,8.0,1.1068899666412044,0.082625606745621,0.0148526839116954,True,ok,v3.2.1_baseline,0907.0147v2.pdf,15.3,"Tc 14.5 -> 15.3, paper-reported",1.1068899666412044,5,0.2670109083745502,False,8.0,True,True,1.0148133469815044
0907.0147v2.pdf,Fe2TeSe,iron_chalcogenide_11,0.0001,14.5,5,1.8,8.0,1.109421090663262,0.1206004811745883,0.0216790033987417,True,ok,v3.2.1_baseline,0907.0147v2.pdf,15.3,"Tc 14.5 -> 15.3, paper-reported",1.109421090663262,5,0.2670109083745502,False,8.0,True,True,1.0165277995261464
0907.0147v2.pdf,Fe2TeSe,iron_chalcogenide_11,0.0002,14.5,5,1.8,8.0,1.1068899666412213,0.0826255960945463,0.0148526839116954,True,ok,v3.2.1_baseline,0907.0147v2.pdf,15.3,"Tc 14.5 -> 15.3, paper-reported",1.1068899666412213,5,0.2670109083745502,False,8.0,True,True,1.0148133530597168
0907.0147v2.pdf,Fe2TeSe,iron_chalcogenide_11,0.0003,14.5,5,1.8,8.0,1.0590924123636372,0.1818168218762853,0.0326831760161428,True,ok,v3.2.1_baseline,0907.0147v2.pdf,15.3,"Tc 14.5 -> 15.3, paper-reported",1.0590924123636372,5,0.2670109083745502,False,8.0,True,True,0.9699652403591256
0907.0147v2.pdf,Fe2TeSe,iron_chalcogenide_11,0.0004,14.5,5,1.8,8.0,1.1460118628875875,0.1088098702310073,0.0195595350122794,True,ok,v3.2.1_baseline,0907.0147v2.pdf,15.3,"Tc 14.5 -> 15.3, paper-reported",1.1460118628875875,5,0.2670109083745502,False,8.0,True,True,1.0503683632114926
0907.0147v2.pdf,Fe2TeSe,iron_chalcogenide_11,0.0005,14.5,5,1.8,8.0,1.2484194429154487,0.2037318443706115,0.0366225983379484,True,ok,v3.2.1_baseline,0907.0147v2.pdf,15.3,"Tc 14.5 -> 15.3, paper-reported",1.2484194429154487,5,0.2670109083745502,False,8.0,True,True,1.143160746554361
0907.0147v2.pdf,Fe2TeSe,iron_chalcogenide_11,0.0006,14.5,5,1.8,8.0,1.124834003040892,0.1578231401633108,0.028370099932519,True,ok,v3.2.1_baseline,0907.0147v2.pdf,15.3,"Tc 14.5 -> 15.3, paper-reported",1.124834003040892,5,0.2670109083745502,False,8.0,True,True,1.030570286974916
0907.0147v2.pdf,Fe2TeSe,iron_chalcogenide_11,0.0007,14.5,5,1.8,8.0,1.3648601003331486,0.253439649169696,0.0455580145277569,True,ok,v3.2.1_baseline,0907.0147v2.pdf,15.3,"Tc 14.5 -> 15.3, paper-reported",1.3648601003331486,5,0.2670109083745502,False,8.0,True,True,1.249553431392771
0907.0147v2.pdf,Fe2TeSe,iron_chalcogenide_11,0.0008,14.5,5,1.8,8.0,1.3851821747039983,0.270533426326206,0.0486307693980278,True,ok,v3.2.1_baseline,0907.0147v2.pdf,15.3,"Tc 14.5 -> 15.3, paper-reported",1.3851821747039983,5,0.2670109083745502,False,8.0,True,True,1.2681551979364214
0907.0147v2.pdf,Fe2TeSe,iron_chalcogenide_11,0.0009,14.5,5,1.8,8.0,1.5976585571249586,0.1921488689322197,0.0345404536355682,True,ok,v3.2.1_baseline,0907.0147v2.pdf,15.3,"Tc 14.5 -> 15.3, paper-reported",1.5976585571249586,5,0.2670109083745502,False,8.0,True,True,1.4642232616924065
0907.0147v2.pdf,Fe2TeSe,iron_chalcogenide_11,0.001,14.5,5,1.8,8.0,1.6748560470963252,0.351403976482989,0.0631679580457906,True,ok,v3.2.1_baseline,0907.0147v2.pdf,15.3,"Tc 14.5 -> 15.3, paper-reported",1.6748560470963252,5,0.2670109083745502,False,8.0,True,True,1.5346695377130255
0907.0147v2.pdf,Fe2TeSe,iron_chalcogenide_11,0.0011,14.5,5,1.8,8.0,1.3300159340252895,0.3719011738657749,0.0668525237143108,True,ok,v3.2.1_baseline,0907.0147v2.pdf,15.3,"Tc 14.5 -> 15.3, paper-reported",1.3300159340252895,5,0.2670109083745502,False,8.0,True,True,1.216967130276116
0907.0147v2.pdf,Fe2TeSe,iron_chalcogenide_11,0.0012,14.5,5,1.8,8.0,0.8824165457152043,0.1241314033978662,0.0223137146327093,True,ok,v3.2.1_baseline,0907.0147v2.pdf,15.3,"Tc 14.5 -> 15.3, paper-reported",0.8824165457152043,5,0.2670109083745502,False,8.0,True,True,0.8089460840553586
1002.0208v2.pdf,Pr2FeAs2O,iron_pnictide_1111,1e-06,51.0,7,5.0,30.0,1.010428209405935,0.0476408600602277,0.0124709271395618,True,ok,v3.2.1_baseline,1002.0208v2.pdf,48.0,"Tc 51.0 -> 48.0, paper-reported",1.010428209405935,7,0.3781959504762804,False,30.0,True,True,1.1208300467303576
1002.0208v2.pdf,Pr2FeAs2O,iron_pnictide_1111,2e-06,51.0,7,5.0,30.0,1.0790512151273328,0.0836189033987835,0.0218888829838367,True,ok,v3.2.1_baseline,1002.0208v2.pdf,48.0,"Tc 51.0 -> 48.0, paper-reported",1.0790512151273328,7,0.3781959504762804,False,30.0,True,True,1.1981349455597403
1002.0208v2.pdf,Pr2FeAs2O,iron_pnictide_1111,5e-06,51.0,7,5.0,30.0,1.1055739569901195,0.1193573376539618,0.0312441159295854,True,ok,v3.2.1_baseline,1002.0208v2.pdf,48.0,"Tc 51.0 -> 48.0, paper-reported",1.1055739569901195,7,0.3781959504762804,False,30.0,True,True,1.228481127622272
1002.0208v2.pdf,Pr2FeAs2O,iron_pnictide_1111,1e-05,51.0,7,5.0,30.0,1.120074404941626,0.1378263390281505,0.0360787401348125,True,ok,v3.2.1_baseline,1002.0208v2.pdf,48.0,"Tc 51.0 -> 48.0, paper-reported",1.120074404941626,7,0.3781959504762804,False,30.0,True,True,1.2446581434279436
1002.0208v2.pdf,Pr2FeAs2O,iron_pnictide_1111,2e-05,51.0,7,5.0,30.0,1.157714034737374,0.1329102124972371,0.034791848387964,True,ok,v3.2.1_baseline,1002.0208v2.pdf,48.0,"Tc 51.0 -> 48.0, paper-reported",1.157714034737374,7,0.3781959504762804,False,30.0,True,True,1.2856643697485732
1002.0208v2.pdf,Pr2FeAs2O,iron_pnictide_1111,5e-05,51.0,7,5.0,30.0,1.2675423916741264,0.0977959622751284,0.0256000057600522,True,ok,v3.2.1_baseline,1002.0208v2.pdf,48.0,"Tc 51.0 -> 48.0, paper-reported",1.2675423916741264,7,0.3781959504762804,False,30.0,True,True,1.4062633811330203
1002.0208v2.pdf,Pr2FeAs2O,iron_pnictide_1111,0.0001,51.0,7,5.0,30.0,1.367222176827656,0.0722727530740626,0.0189188069625782,True,ok,v3.2.1_baseline,1002.0208v2.pdf,48.0,"Tc 51.0 -> 48.0, paper-reported",1.367222176827656,7,0.3781959504762804,False,30.0,True,True,1.5171500642843858
1002.0208v2.pdf,Pr2FeAs2O,iron_pnictide_1111,0.0002,51.0,7,5.0,30.0,1.3529450265783969,0.0996865439239199,0.0260948983181563,True,ok,v3.2.1_baseline,1002.0208v2.pdf,48.0,"Tc 51.0 -> 48.0, paper-reported",1.3529450265783969,7,0.3781959504762804,False,30.0,True,True,1.5020722053479203
1002.0208v2.pdf,Pr2FeAs2O,iron_pnictide_1111,0.0003,51.0,7,5.0,30.0,1.3675692288105945,0.1257830900194867,0.0329261840079785,True,ok,v3.2.1_baseline,1002.0208v2.pdf,48.0,"Tc 51.0 -> 48.0, paper-reported",1.3675692288105945,7,0.3781959504762804,False,30.0,True,True,1.5188610943292284
1002.0208v2.pdf,Pr2FeAs2O,iron_pnictide_1111,0.0004,51.0,7,5.0,30.0,1.3946065504675782,0.1103027040575772,0.0288738869085811,True,ok,v3.2.1_baseline,1002.0208v2.pdf,48.0,"Tc 51.0 -> 48.0, paper-reported",1.3946065504675782,7,0.3781959504762804,False,30.0,True,True,1.547890070218099
1002.0208v2.pdf,Pr2FeAs2O,iron_pnictide_1111,0.0005,51.0,7,5.0,30.0,1.3295159174016171,0.0862013465407671,0.0225648862647538,True,ok,v3.2.1_baseline,1002.0208v2.pdf,48.0,"Tc 51.0 -> 48.0, paper-reported",1.3295159174016171,7,0.3781959504762804,False,30.0,True,True,1.4755787104351754
1002.0208v2.pdf,Pr2FeAs2O,iron_pnictide_1111,0.0006,51.0,7,5.0,30.0,1.3341067166497844,0.0937216413404408,0.0245334705545359,True,ok,v3.2.1_baseline,1002.0208v2.pdf,48.0,"Tc 51.0 -> 48.0, paper-reported",1.3341067166497844,7,0.3781959504762804,False,30.0,True,True,1.4809771223525694
1002.0208v2.pdf,Pr2FeAs2O,iron_pnictide_1111,0.0008,51.0,7,5.0,30.0,1.4166826804267774,0.0995205725018326,0.026051455559418,True,ok,v3.2.1_baseline,1002.0208v2.pdf,48.0,"Tc 51.0 -> 48.0, paper-reported",1.4166826804267774,7,0.3781959504762804,False,30.0,True,True,1.5723337502651011
1002.0208v2.pdf,Pr2FeAs2O,iron_pnictide_1111,0.001,51.0,7,5.0,30.0,1.584795636816689,0.0776628071161439,0.0203297566008689,True,ok,v3.2.1_baseline,1002.0208v2.pdf,48.0,"Tc 51.0 -> 48.0, paper-reported",1.584795636816689,7,0.3781959504762804,False,30.0,True,True,1.7570378693476083
1002.0208v2.pdf,Pr2FeAs2O,iron_pnictide_1111,0.0012,51.0,7,5.0,30.0,1.6826939613071132,0.0639075647749929,0.0167290529985817,True,ok,v3.2.1_baseline,1002.0208v2.pdf,48.0,"Tc 51.0 -> 48.0, paper-reported",1.6826939613071132,7,0.3781959504762804,False,30.0,True,True,1.865749516598523
1002.0208v2.pdf,Pr2FeAs2O,iron_pnictide_1111,0.0014,51.0,7,5.0,30.0,1.928338705016232,0.0814485821697039,0.0213207589161096,True,ok,v3.2.1_baseline,1002.0208v2.pdf,48.0,"Tc 51.0 -> 48.0, paper-reported",1.928338705016232,7,0.3781959504762804,False,30.0,True,True,2.1389245881667382
1002.0208v2.pdf,Pr2FeAs2O,iron_pnictide_1111,0.0016,51.0,7,5.0,30.0,1.9786640017814987,0.1668887772357898,0.043686398072192,True,ok,v3.2.1_baseline,1002.0208v2.pdf,48.0,"Tc 51.0 -> 48.0, paper-reported",1.9786640017814987,7,0.3781959504762804,False,30.0,True,True,2.1972947489967445
1009.4896v1.pdf,LiFeAs,iron_pnictide_111,0.0,18.0,5,2.0,12.5,1.170298500681919,0.0793134711958635,0.0223072833729925,True,ok,v3.2.1_baseline,1009.4896v1.pdf,18.0,"Tc unchanged, provenance corrected",1.170298500681919,5,0.4637572931616809,False,12.5,True,True,1.1702984965991825
1009.4896v1.pdf,LiFeAs,iron_pnictide_111,0.5,18.0,5,2.0,12.5,1.2267727072786307,0.0732212248891133,0.0205938109609939,True,ok,v3.2.1_baseline,1009.4896v1.pdf,18.0,"Tc unchanged, provenance corrected",1.2267727072786307,5,0.4637572931616809,False,12.5,True,True,1.22677270866941
1009.4896v1.pdf,LiFeAs,iron_pnictide_111,1.0,18.0,5,2.0,12.5,1.3042599841215812,0.0879560704064956,0.0247380534544001,True,ok,v3.2.1_baseline,1009.4896v1.pdf,18.0,"Tc unchanged, provenance corrected",1.3042599841215812,5,0.4637572931616809,False,12.5,True,True,1.3042599826369037
1009.4896v1.pdf,LiFeAs,iron_pnictide_111,1.5,18.0,5,2.0,12.5,1.4179785467514603,0.1389688872546551,0.0390856456699286,True,ok,v3.2.1_baseline,1009.4896v1.pdf,18.0,"Tc unchanged, provenance corrected",1.4179785467514603,5,0.4637572931616809,False,12.5,True,True,1.4179785456123544
1009.4896v1.pdf,LiFeAs,iron_pnictide_111,2.0,18.0,5,2.0,12.5,1.6223260674105409,0.1165852135743541,0.032790134245502,True,ok,v3.2.1_baseline,1009.4896v1.pdf,18.0,"Tc unchanged, provenance corrected",1.6223260674105409,5,0.4637572931616809,False,12.5,True,True,1.622326066814743
1009.4896v1.pdf,LiFeAs,iron_pnictide_111,2.5,18.0,5,2.0,12.5,1.6451475888881153,0.122958783911204,0.0345827311788766,True,ok,v3.2.1_baseline,1009.4896v1.pdf,18.0,"Tc unchanged, provenance corrected",1.6451475888881153,5,0.4637572931616809,False,12.5,True,True,1.6451475855143274
1009.4896v1.pdf,LiFeAs,iron_pnictide_111,3.0,18.0,5,2.0,12.5,1.6799852447161725,0.1895913561847704,0.0533234510529106,True,ok,v3.2.1_baseline,1009.4896v1.pdf,18.0,"Tc unchanged, provenance corrected",1.6799852447161725,5,0.4637572931616809,False,12.5,True,True,1.6799852496016106
1009.4896v1.pdf,LiFeAs,iron_pnictide_111,3.5,18.0,5,2.0,12.5,1.7499489496909426,0.2112307019519475,0.0594096205865919,True,ok,v3.2.1_baseline,1009.4896v1.pdf,18.0,"Tc unchanged, provenance corrected",1.7499489496909426,5,0.4637572931616809,False,12.5,True,True,1.7499489489998867
1009.4896v1.pdf,LiFeAs,iron_pnictide_111,4.0,18.0,5,2.0,12.5,1.629100092251726,0.190001521996313,0.0534388113037639,True,ok,v3.2.1_baseline,1009.4896v1.pdf,18.0,"Tc unchanged, provenance corrected",1.629100092251726,5,0.4637572931616809,False,12.5,True,True,1.6291001003422927
1009.4896v1.pdf,LiFeAs,iron_pnictide_111,4.5,18.0,5,2.0,12.5,1.4608195608987569,0.1060137739079052,0.0298168682858905,True,ok,v3.2.1_baseline,1009.4896v1.pdf,18.0,"Tc unchanged, provenance corrected",1.4608195608987569,5,0.4637572931616809,False,12.5,True,True,1.4608195493457354
1009.4896v1.pdf,LiFeAs,iron_pnictide_111,5.0,18.0,5,2.0,12.5,1.512460729809542,0.0886807629216317,0.0249418770927134,True,ok,v3.2.1_baseline,1009.4896v1.pdf,18.0,"Tc unchanged, provenance corrected",1.512460729809542,5,0.4637572931616809,False,12.5,True,True,1.5124607254350737
1104.0477v2.pdf,Fe2TeSe,iron_chalcogenide_11,0.0,14.5,4,2.0,10.0,0.971946763182134,0.0203686256695972,0.0048348383570943,True,ok,v3.2.1_baseline,1104.0477v2.pdf,15.2,"Tc 14.5 -> 15.2, paper-reported",0.971946763182134,4,0.4045705875710508,False,10.0,True,True,0.8859936018618052
1104.0477v2.pdf,Fe2TeSe,iron_chalcogenide_11,1.0,14.5,4,2.0,10.0,1.0074749944221395,0.0442302439179994,0.0104987965756285,True,ok,v3.2.1_baseline,1104.0477v2.pdf,15.2,"Tc 14.5 -> 15.2, paper-reported",1.0074749944221395,4,0.4045705875710508,False,10.0,True,True,0.9176010589062212
1104.0477v2.pdf,Fe2TeSe,iron_chalcogenide_11,2.0,14.5,4,2.0,10.0,1.0547790977872142,0.1043328356953531,0.0247651666232819,True,ok,v3.2.1_baseline,1104.0477v2.pdf,15.2,"Tc 14.5 -> 15.2, paper-reported",1.0547790977872142,4,0.4045705875710508,False,10.0,True,True,0.9596484638909868
1104.0477v2.pdf,Fe2TeSe,iron_chalcogenide_11,3.0,14.5,4,2.0,10.0,1.0843922636579575,0.0997271792131993,0.0236719373526709,True,ok,v3.2.1_baseline,1104.0477v2.pdf,15.2,"Tc 14.5 -> 15.2, paper-reported",1.0843922636579575,4,0.4045705875710508,False,10.0,True,True,0.9868007449686182
1104.0477v2.pdf,Fe2TeSe,iron_chalcogenide_11,4.0,14.5,4,2.0,10.0,1.1262674526847185,0.1189911164898343,0.0282445574589519,True,ok,v3.2.1_baseline,1104.0477v2.pdf,15.2,"Tc 14.5 -> 15.2, paper-reported",1.1262674526847185,4,0.4045705875710508,False,10.0,True,True,1.025196083575609
1104.0477v2.pdf,Fe2TeSe,iron_chalcogenide_11,5.0,14.5,4,2.0,10.0,1.2554829538739234,0.0677568352957503,0.0160832333546662,True,ok,v3.2.1_baseline,1104.0477v2.pdf,15.2,"Tc 14.5 -> 15.2, paper-reported",1.2554829538739234,4,0.4045705875710508,False,10.0,True,True,1.1439502823210153
1104.0477v2.pdf,Fe2TeSe,iron_chalcogenide_11,6.0,14.5,4,2.0,10.0,1.284694352510548,0.0177090891282364,0.0042035517797021,True,ok,v3.2.1_baseline,1104.0477v2.pdf,15.2,"Tc 14.5 -> 15.2, paper-reported",1.284694352510548,4,0.4045705875710508,False,10.0,True,True,1.1708579823149876
1104.0477v2.pdf,Fe2TeSe,iron_chalcogenide_11,7.0,14.5,4,2.0,10.0,1.2207458399462738,0.0782866292745786,0.0185826575224021,True,ok,v3.2.1_baseline,1104.0477v2.pdf,15.2,"Tc 14.5 -> 15.2, paper-reported",1.2207458399462738,4,0.4045705875710508,False,10.0,True,True,1.1122236317490184
1104.0477v2.pdf,Fe2TeSe,iron_chalcogenide_11,8.0,14.5,4,2.0,10.0,1.0664251504436877,0.1467078803223619,0.0348235970482481,True,ok,v3.2.1_baseline,1104.0477v2.pdf,15.2,"Tc 14.5 -> 15.2, paper-reported",1.0664251504436877,4,0.4045705875710508,False,10.0,True,True,0.9730211085540622
1104.0477v2.pdf,Fe2TeSe,iron_chalcogenide_11,9.0,14.5,4,2.0,10.0,1.041194370616116,0.1493549403685449,0.0354519271393457,True,ok,v3.2.1_baseline,1104.0477v2.pdf,15.2,"Tc 14.5 -> 15.2, paper-reported",1.041194370616116,4,0.4045705875710508,False,10.0,True,True,0.9512127562493
1104.0477v2.pdf,Fe2TeSe,iron_chalcogenide_11,10.0,14.5,4,2.0,10.0,0.9991335572376372,0.139034496310958,0.0330021938402878,True,ok,v3.2.1_baseline,1104.0477v2.pdf,15.2,"Tc 14.5 -> 15.2, paper-reported",0.9991335572376372,4,0.4045705875710508,False,10.0,True,True,0.9125739668046136
1104.0477v2.pdf,Fe2TeSe,iron_chalcogenide_11,11.0,14.5,4,2.0,10.0,1.0664251504436866,0.1467078458913319,0.0348235970482481,True,ok,v3.2.1_baseline,1104.0477v2.pdf,15.2,"Tc 14.5 -> 15.2, paper-reported",1.0664251504436866,4,0.4045705875710508,False,10.0,True,True,0.973021151359552
1104.0477v2.pdf,Fe2TeSe,iron_chalcogenide_11,12.0,14.5,4,2.0,10.0,1.1231465315993197,0.1536170447631818,0.0364636081712339,True,ok,v3.2.1_baseline,1104.0477v2.pdf,15.2,"Tc 14.5 -> 15.2, paper-reported",1.1231465315993197,4,0.4045705875710508,False,10.0,True,True,1.025658367329123
1104.0477v2.pdf,Fe2TeSe,iron_chalcogenide_11,13.0,14.5,4,2.0,10.0,1.229048811960968,0.2071509274747968,0.0491707805920692,True,ok,v3.2.1_baseline,1104.0477v2.pdf,15.2,"Tc 14.5 -> 15.2, paper-reported",1.229048811960968,4,0.4045705875710508,False,10.0,True,True,1.123783512237895
1104.0477v2.pdf,Fe2TeSe,iron_chalcogenide_11,14.0,14.5,4,2.0,10.0,1.362837466988525,0.2021401273802074,0.0479813828957194,True,ok,v3.2.1_baseline,1104.0477v2.pdf,15.2,"Tc 14.5 -> 15.2, paper-reported",1.362837466988525,4,0.4045705875710508,False,10.0,True,True,1.2453175891009185
1104.0477v2.pdf,Fe2TeSe,iron_chalcogenide_11,15.0,14.5,4,2.0,10.0,1.5943526196403246,0.2152028048121777,0.0510820308305063,True,ok,v3.2.1_baseline,1104.0477v2.pdf,15.2,"Tc 14.5 -> 15.2, paper-reported",1.5943526196403246,4,0.4045705875710508,False,10.0,True,True,1.455626723749111
1104.0477v2.pdf,Fe2TeSe,iron_chalcogenide_11,16.0,14.5,4,2.0,10.0,1.527855557818815,0.2058775329095082,0.0488685200832649,True,ok,v3.2.1_baseline,1104.0477v2.pdf,15.2,"Tc 14.5 -> 15.2, paper-reported",1.527855557818815,4,0.4045705875710508,False,10.0,True,True,1.3945398045319024
1104.0477v2.pdf,Fe2TeSe,iron_chalcogenide_11,17.0,14.5,4,2.0,10.0,1.4064981782954793,0.1976832777896801,0.0469234770517173,True,ok,v3.2.1_baseline,1104.0477v2.pdf,15.2,"Tc 14.5 -> 15.2, paper-reported",1.4064981782954793,4,0.4045705875710508,False,10.0,True,True,1.2830559792519698
1104.0477v2.pdf,Fe2TeSe,iron_chalcogenide_11,18.0,14.5,4,2.0,10.0,0.7676184045858393,0.1466584822285188,0.0348118779784678,True,ok,v3.2.1_baseline,1104.0477v2.pdf,15.2,"Tc 14.5 -> 15.2, paper-reported",0.7676184045858393,4,0.4045705875710508,False,10.0,True,True,0.7022647889226937
1108.0407v1.pdf,Fe9Se8,iron_chalcogenide_11,0.0,8.0,6,1.8,5.0,0.4481129662478287,0.0547634414950524,0.0121215675987136,True,ok,v3.2.1_baseline,1108.0407v1.pdf,9.8,"Tc 8.0 -> 9.8, paper-reported",0.4481129662478287,7,0.3233063903751333,False,6.0,True,True,0.3695377826787049
1108.0407v1.pdf,Fe9Se8,iron_chalcogenide_11,0.0005,8.0,6,1.8,5.0,0.5101521896830541,0.0607995165308335,0.0134576152585502,True,ok,v3.2.1_baseline,1108.0407v1.pdf,9.8,"Tc 8.0 -> 9.8, paper-reported",0.5101521896830541,7,0.3233063903751333,False,6.0,True,True,0.4186355365622873
1108.0407v1.pdf,Fe9Se8,iron_chalcogenide_11,0.001,8.0,6,1.8,5.0,0.5924089331087954,0.0682746447330394,0.0151121943837339,True,ok,v3.2.1_baseline,1108.0407v1.pdf,9.8,"Tc 8.0 -> 9.8, paper-reported",0.5924089331087954,7,0.3233063903751333,False,6.0,True,True,0.4829181372782633
1108.0407v1.pdf,Fe9Se8,iron_chalcogenide_11,0.0015,8.0,6,1.8,5.0,0.7069206250532883,0.0777205970903289,0.017202998186648,True,ok,v3.2.1_baseline,1108.0407v1.pdf,9.8,"Tc 8.0 -> 9.8, paper-reported",0.7069206250532883,7,0.3233063903751333,False,6.0,True,True,0.5708243631003653
1108.0407v1.pdf,Fe9Se8,iron_chalcogenide_11,0.002,8.0,6,1.8,5.0,0.8779970141466682,0.0898778542638396,0.0198939339504061,True,ok,v3.2.1_baseline,1108.0407v1.pdf,9.8,"Tc 8.0 -> 9.8, paper-reported",0.8779970141466682,7,0.3233063903751333,False,6.0,True,True,0.6986094470764561
1108.0407v1.pdf,Fe9Se8,iron_chalcogenide_11,0.0025,8.0,6,1.8,5.0,0.8168310315055367,0.137677564738491,0.0304741184777289,True,ok,v3.2.1_baseline,1108.0407v1.pdf,9.8,"Tc 8.0 -> 9.8, paper-reported",0.8168310315055367,7,0.3233063903751333,False,6.0,True,True,0.6098793759403179
1108.0407v1.pdf,Fe9Se8,iron_chalcogenide_11,0.003,8.0,6,1.8,5.0,0.7631260016394031,0.1441568062872978,0.0319082608976333,True,ok,v3.2.1_baseline,1108.0407v1.pdf,9.8,"Tc 8.0 -> 9.8, paper-reported",0.7631260016394031,7,0.3233063903751333,False,6.0,True,True,0.4967632867343273
1108.0407v1.pdf,Fe9Se8,iron_chalcogenide_11,0.0035,8.0,6,1.8,5.0,0.7536161142207987,0.1235704593676993,0.0273516004272708,True,ok,v3.2.1_baseline,1108.0407v1.pdf,9.8,"Tc 8.0 -> 9.8, paper-reported",0.7536161142207987,7,0.3233063903751333,False,6.0,True,True,0.3889933585506588
1108.0407v1.pdf,Fe9Se8,iron_chalcogenide_11,0.004,8.0,6,1.8,5.0,0.8724804963920216,0.1186012071383724,0.0262516837390286,True,ok,v3.2.1_baseline,1108.0407v1.pdf,9.8,"Tc 8.0 -> 9.8, paper-reported",0.8724804963920216,7,0.3233063903751333,False,6.0,True,True,0.3474767294937527
1108.0407v1.pdf,Fe9Se8,iron_chalcogenide_11,0.0045,8.0,6,1.8,5.0,0.8681538430761025,0.1671590298875344,0.0369996701377724,True,ok,v3.2.1_baseline,1108.0407v1.pdf,9.8,"Tc 8.0 -> 9.8, paper-reported",0.8681538430761025,7,0.3233063903751333,False,6.0,True,True,0.4897408851309356
1108.0407v1.pdf,Fe9Se8,iron_chalcogenide_11,0.005,8.0,6,1.8,5.0,0.6489101130135951,0.0919942508722645,0.0203623878526049,True,ok,v3.2.1_baseline,1108.0407v1.pdf,9.8,"Tc 8.0 -> 9.8, paper-reported",0.6489101130135951,7,0.3233063903751333,False,6.0,True,True,0.2695238966972091
1111.3923v1.pdf,Fe2TeSe,iron_chalcogenide_11,0.0,14.5,3,4.0,10.0,0.4121740186524841,0.0283714750759639,0.0042744912834263,True,ok,v3.2.1_baseline,1111.3923v1.pdf,17.7,"Tc 14.5 -> 17.7, paper-reported",0.4121740186524841,4,0.3808457114839154,False,12.0,True,True,0.2611967453069597
1111.3923v1.pdf,Fe2TeSe,iron_chalcogenide_11,1.0,14.5,3,4.0,10.0,0.5425250835967144,0.039696164054852,0.0059806867418352,True,ok,v3.2.1_baseline,1111.3923v1.pdf,17.7,"Tc 14.5 -> 17.7, paper-reported",0.5425250835967144,4,0.3808457114839154,False,12.0,True,True,0.3365034733972374
1111.3923v1.pdf,Fe2TeSe,iron_chalcogenide_11,2.0,14.5,3,4.0,10.0,0.6379985988943482,0.063916110421855,0.009629702095685,True,ok,v3.2.1_baseline,1111.3923v1.pdf,17.7,"Tc 14.5 -> 17.7, paper-reported",0.6379985988943482,4,0.3808457114839154,False,12.0,True,True,0.4736677579094627
1111.3923v1.pdf,Fe2TeSe,iron_chalcogenide_11,3.0,14.5,3,4.0,10.0,0.5425250835967206,0.0396961701663807,0.005980686741835,True,ok,v3.2.1_baseline,1111.3923v1.pdf,17.7,"Tc 14.5 -> 17.7, paper-reported",0.5425250835967206,4,0.3808457114839154,False,12.0,True,True,0.3365034624133888
1111.3923v1.pdf,Fe2TeSe,iron_chalcogenide_11,4.0,14.5,3,4.0,10.0,0.6087547647875776,0.0639161193563793,0.0096297020956847,True,ok,v3.2.1_baseline,1111.3923v1.pdf,17.7,"Tc 14.5 -> 17.7, paper-reported",0.6087547647875776,4,0.3808457114839154,False,12.0,True,True,0.473667758203633
1111.3923v1.pdf,Fe2TeSe,iron_chalcogenide_11,5.0,14.5,3,4.0,10.0,0.508949735465803,0.0778658315738044,0.0117313874659329,True,ok,v3.2.1_baseline,1111.3923v1.pdf,17.7,"Tc 14.5 -> 17.7, paper-reported",0.508949735465803,4,0.3808457114839154,False,12.0,True,True,0.3335944100825486
1111.3923v1.pdf,Fe2TeSe,iron_chalcogenide_11,6.0,14.5,3,4.0,10.0,0.5984094829131056,0.0086050357283456,0.0012964480857272,True,ok,v3.2.1_baseline,1111.3923v1.pdf,17.7,"Tc 14.5 -> 17.7, paper-reported",0.5984094829131056,4,0.3808457114839154,False,12.0,True,True,0.477883222893001
1111.3923v1.pdf,Fe2TeSe,iron_chalcogenide_11,7.0,14.5,3,4.0,10.0,0.4121740186524861,0.0283714747879588,0.0042744912834263,True,ok,v3.2.1_baseline,1111.3923v1.pdf,17.7,"Tc 14.5 -> 17.7, paper-reported",0.4121740186524861,4,0.3808457114839154,False,12.0,True,True,0.2611967453210322
1111.3923v1.pdf,Fe2TeSe,iron_chalcogenide_11,8.0,14.5,3,4.0,10.0,0.5425250835967141,0.0396961701663805,0.0059806867418349,True,ok,v3.2.1_baseline,1111.3923v1.pdf,17.7,"Tc 14.5 -> 17.7, paper-reported",0.5425250835967141,4,0.3808457114839154,False,12.0,True,True,0.3365034624210524
1502.05345v1.pdf,Ba(FeAs)2,iron_pnictide_122,0.0,38.0,7,4.2,25.0,2.070014975996972,0.5140157808559829,0.1598051089936342,True,ok,v3.2.1_baseline,1502.05345v1.pdf,30.7,"Tc 38.0 -> 30.7, paper-reported",2.070014975996972,6,0.3938620962515982,True,20.0,True,True,2.940392143622499
1502.05345v1.pdf,Ba(FeAs)2,iron_pnictide_122,2.0,38.0,5,4.2,25.0,2.287448984078729,0.2010303351177209,0.0506775818693346,True,ok,v3.2.1_baseline,1502.05345v1.pdf,30.7,"Tc 38.0 -> 30.7, paper-reported",2.287448984078729,4,0.3938620962515982,True,20.0,True,True,2.9042368270140497
1502.05345v1.pdf,Ba(FeAs)2,iron_pnictide_122,4.0,38.0,5,4.2,25.0,2.287448984078728,0.201030333825472,0.0506775818693346,True,ok,v3.2.1_baseline,1502.05345v1.pdf,30.7,"Tc 38.0 -> 30.7, paper-reported",2.287448984078728,4,0.3938620962515982,True,20.0,True,True,2.90423684652855
1502.05345v1.pdf,Ba(FeAs)2,iron_pnictide_122,6.0,38.0,5,4.2,25.0,2.287448984078731,0.2010048580971633,0.0506711604552687,True,ok,v3.2.1_baseline,1502.05345v1.pdf,30.7,"Tc 38.0 -> 30.7, paper-reported",2.287448984078731,4,0.3938620962515982,True,20.0,True,True,2.904296545663741
1502.05345v1.pdf,Ba(FeAs)2,iron_pnictide_122,8.0,38.0,5,4.2,25.0,2.2875177001794,0.2010270052382063,0.0506767426560034,True,ok,v3.2.1_baseline,1502.05345v1.pdf,30.7,"Tc 38.0 -> 30.7, paper-reported",2.2875177001794,4,0.3938620962515982,True,20.0,True,True,2.904319140459076
1502.05345v1.pdf,Ba(FeAs)2,iron_pnictide_122,10.0,38.0,5,4.2,25.0,2.287532377079664,0.2010526781432846,0.0506832174819002,True,ok,v3.2.1_baseline,1502.05345v1.pdf,30.7,"Tc 38.0 -> 30.7, paper-reported",2.287532377079664,4,0.3938620962515982,True,20.0,True,True,2.904313803057891
1502.05345v1.pdf,Ba(FeAs)2,iron_pnictide_122,12.0,38.0,5,4.2,25.0,2.2875080875795537,0.2008515235208322,0.0506325064494292,True,ok,v3.2.1_baseline,1502.05345v1.pdf,30.7,"Tc 38.0 -> 30.7, paper-reported",2.2875080875795537,4,0.3938620962515982,True,20.0,True,True,2.904763743294487
1502.05345v1.pdf,Ba(FeAs)2,iron_pnictide_122,14.0,38.0,5,4.2,25.0,2.2879988712684987,0.2010037810755011,0.0506708890374786,True,ok,v3.2.1_baseline,1502.05345v1.pdf,30.7,"Tc 38.0 -> 30.7, paper-reported",2.2879988712684987,4,0.3938620962515982,True,20.0,True,True,2.904895414766666
1502.05345v1.pdf,Ba(FeAs)2,iron_pnictide_122,16.0,38.0,5,4.2,25.0,2.2881163202995696,0.2012092902967559,0.0507226953304078,True,ok,v3.2.1_baseline,1502.05345v1.pdf,30.7,"Tc 38.0 -> 30.7, paper-reported",2.2881163202995696,4,0.3938620962515982,True,20.0,True,True,2.9048527239531765
1502.05345v1.pdf,Ba(FeAs)2,iron_pnictide_122,18.0,38.0,5,4.2,25.0,2.2879219483135738,0.2012305628950196,0.0507280577942781,True,ok,v3.2.1_baseline,1502.05345v1.pdf,30.7,"Tc 38.0 -> 30.7, paper-reported",2.2879219483135738,4,0.3938620962515982,True,20.0,True,True,2.90463063141698
1502.05345v1.pdf,Ba(FeAs)2,iron_pnictide_122,20.0,38.0,5,4.2,25.0,2.287448984078725,0.201030333429618,0.0506775818693345,True,ok,v3.2.1_baseline,1502.05345v1.pdf,30.7,"Tc 38.0 -> 30.7, paper-reported",2.287448984078725,4,0.3938620962515982,True,20.0,True,True,2.904236850364359
1502.05345v1.pdf,Ba(FeAs)2,iron_pnictide_122,22.0,38.0,5,4.2,25.0,2.2874489840787264,0.1944702293588374,0.0490238503652409,True,ok,v3.2.1_baseline,1502.05345v1.pdf,30.7,"Tc 38.0 -> 30.7, paper-reported",2.2874489840787264,4,0.3938620962515982,True,20.0,True,True,2.91965339524512
1502.05345v1.pdf,Ba(FeAs)2,iron_pnictide_122,24.0,38.0,5,4.2,25.0,2.305195747046914,0.2002782714484821,0.0504879952534419,True,ok,v3.2.1_baseline,1502.05345v1.pdf,30.7,"Tc 38.0 -> 30.7, paper-reported",2.305195747046914,4,0.3938620962515982,True,20.0,True,True,2.9254910997410986
1502.05345v1.pdf,Ba(FeAs)2,iron_pnictide_122,26.0,38.0,5,4.2,25.0,2.308986233812377,0.2327791969498907,0.0586811277446087,True,ok,v3.2.1_baseline,1502.05345v1.pdf,30.7,"Tc 38.0 -> 30.7, paper-reported",2.308986233812377,4,0.3938620962515982,True,20.0,True,True,2.863919801657876
1502.05345v1.pdf,Ba(FeAs)2,iron_pnictide_122,28.0,38.0,5,4.2,25.0,2.233421089544376,0.2128483500112584,0.0536567769808012,True,ok,v3.2.1_baseline,1502.05345v1.pdf,30.7,"Tc 38.0 -> 30.7, paper-reported",2.233421089544376,4,0.3938620962515982,True,20.0,True,True,2.833958844729197
1502.05345v1.pdf,Ba(FeAs)2,iron_pnictide_122,30.0,38.0,5,4.2,25.0,2.203356972735295,0.1797476835949378,0.0453124550565181,True,ok,v3.2.1_baseline,1502.05345v1.pdf,30.7,"Tc 38.0 -> 30.7, paper-reported",2.203356972735295,4,0.3938620962515982,True,20.0,True,True,2.8266282689968523
1502.05345v1.pdf,Ba(FeAs)2,iron_pnictide_122,32.0,38.0,5,4.2,25.0,2.227850070428319,0.1772850032641137,0.0446916400817772,True,ok,v3.2.1_baseline,1502.05345v1.pdf,30.7,"Tc 38.0 -> 30.7, paper-reported",2.227850070428319,4,0.3938620962515982,True,20.0,True,True,2.854614489124287
1611.08455v1.pdf,Fe2TeSe,iron_chalcogenide_11,0.0,14.5,4,7.0,10.0,0.6287802703703675,0.0112498528232709,0.0013166777089582,True,ok,v3.2.1_baseline,1611.08455v1.pdf,13.7,"Tc 14.5 -> 13.7, paper-reported",0.6287802703703675,3,0.153976944765109,True,9.0,True,True,0.6976964918015022
1611.08455v1.pdf,Fe2TeSe,iron_chalcogenide_11,0.5,14.5,4,7.0,10.0,0.8110194348005179,0.0039192059640299,0.0004587020428587,True,ok,v3.2.1_baseline,1611.08455v1.pdf,13.7,"Tc 14.5 -> 13.7, paper-reported",0.8110194348005179,3,0.153976944765109,True,9.0,True,True,0.9199289254422576
1611.08455v1.pdf,Fe2TeSe,iron_chalcogenide_11,1.0,14.5,4,7.0,10.0,1.1440401437428325,0.1182259335096453,0.013837109686331,True,ok,v3.2.1_baseline,1611.08455v1.pdf,13.7,"Tc 14.5 -> 13.7, paper-reported",1.1440401437428325,3,0.153976944765109,True,9.0,True,True,1.0712506430286362
1611.08455v1.pdf,Fe2TeSe,iron_chalcogenide_11,1.5,14.5,4,7.0,10.0,0.8110194348005071,0.0039192054644683,0.0004587020428586,True,ok,v3.2.1_baseline,1611.08455v1.pdf,13.7,"Tc 14.5 -> 13.7, paper-reported",0.8110194348005071,3,0.153976944765109,True,9.0,True,True,0.9199289254435952
1611.08455v1.pdf,Fe2TeSe,iron_chalcogenide_11,2.0,14.5,4,7.0,10.0,1.1440401437428378,0.1442589413897638,0.0168840007245577,True,ok,v3.2.1_baseline,1611.08455v1.pdf,13.7,"Tc 14.5 -> 13.7, paper-reported",1.1440401437428378,3,0.153976944765109,True,9.0,True,True,1.0189238706660204
1611.08455v1.pdf,Fe2TeSe,iron_chalcogenide_11,2.5,14.5,4,7.0,10.0,0.8156781201072635,0.0584170867398497,0.0068371093932249,True,ok,v3.2.1_baseline,1611.08455v1.pdf,13.7,"Tc 14.5 -> 13.7, paper-reported",0.8156781201072635,3,0.153976944765109,True,9.0,True,True,1.014745673712264
1611.08455v1.pdf,Fe2TeSe,iron_chalcogenide_11,3.0,14.5,4,7.0,10.0,1.137289312865667,0.1637846961256827,0.0191692870871257,True,ok,v3.2.1_baseline,1611.08455v1.pdf,13.7,"Tc 14.5 -> 13.7, paper-reported",1.137289312865667,3,0.153976944765109,True,9.0,True,True,0.991404572965553
1611.08455v1.pdf,Fe2TeSe,iron_chalcogenide_11,3.5,14.5,4,7.0,10.0,0.6287802703703644,0.0112498528232716,0.0013166777089583,True,ok,v3.2.1_baseline,1611.08455v1.pdf,13.7,"Tc 14.5 -> 13.7, paper-reported",0.6287802703703644,3,0.153976944765109,True,9.0,True,True,0.6976964901367316
1611.08455v1.pdf,Fe2TeSe,iron_chalcogenide_11,4.0,14.5,4,7.0,10.0,0.8110194348005182,0.0039192051393519,0.0004587020428588,True,ok,v3.2.1_baseline,1611.08455v1.pdf,13.7,"Tc 14.5 -> 13.7, paper-reported",0.8110194348005182,3,0.153976944765109,True,9.0,True,True,0.9199289266451848
1611.08455v1.pdf,Fe2TeSe,iron_chalcogenide_11,4.5,14.5,4,7.0,10.0,1.1440401437428367,0.1182259318651156,0.013837109686331,True,ok,v3.2.1_baseline,1611.08455v1.pdf,13.7,"Tc 14.5 -> 13.7, paper-reported",1.1440401437428367,3,0.153976944765109,True,9.0,True,True,1.0712506371204435
1611.08455v1.pdf,Fe2TeSe,iron_chalcogenide_11,5.0,14.5,4,7.0,10.0,0.811019434800511,0.0039192052831638,0.0004587020428584,True,ok,v3.2.1_baseline,1611.08455v1.pdf,13.7,"Tc 14.5 -> 13.7, paper-reported",0.811019434800511,3,0.153976944765109,True,9.0,True,True,0.9199289250645754
1611.08455v1.pdf,Fe2TeSe,iron_chalcogenide_11,5.5,14.5,4,7.0,10.0,1.14404014374284,0.0256900957962366,0.0030067568705165,True,ok,v3.2.1_baseline,1611.08455v1.pdf,13.7,"Tc 14.5 -> 13.7, paper-reported",1.14404014374284,3,0.153976944765109,True,9.0,True,True,1.3575822230159391
1611.08455v1.pdf,Fe2TeSe,iron_chalcogenide_11,6.0,14.5,4,7.0,10.0,1.9597182638501,0.2062149323280903,0.0241353025283025,True,ok,v3.2.1_baseline,1611.08455v1.pdf,13.7,"Tc 14.5 -> 13.7, paper-reported",1.9597182638501,3,0.153976944765109,True,9.0,True,True,1.837964670821552
1611.08455v1.pdf,Fe2TeSe,iron_chalcogenide_11,6.5,14.5,4,7.0,10.0,1.9703911534622456,0.2351068451253245,0.0275167979785038,True,ok,v3.2.1_baseline,1611.08455v1.pdf,13.7,"Tc 14.5 -> 13.7, paper-reported",1.9703911534622456,3,0.153976944765109,True,9.0,True,True,1.8814718966036423
1611.08455v1.pdf,Fe2TeSe,iron_chalcogenide_11,7.0,14.5,4,7.0,10.0,1.442404048631664,0.0749970464144178,0.0087776209226266,True,ok,v3.2.1_baseline,1611.08455v1.pdf,13.7,"Tc 14.5 -> 13.7, paper-reported",1.442404048631664,3,0.153976944765109,True,9.0,True,True,1.7946944755107903
1903.00866v2.pdf,K(FeAs)2,iron_pnictide_122,0.0,38.0,18,2.0,25.0,0.8220152430893066,0.7088459933184409,0.4351700577477196,True,ok,v3.2.1_baseline,1903.00866v2.pdf,36.0,"Tc 38.0 -> 36.0, paper-reported",0.8220152430893066,18,0.4900862318840301,False,25.0,True,True,0.910783257513088
1903.00866v2.pdf,K(FeAs)2,iron_pnictide_122,0.0005,38.0,12,2.0,25.0,0.913374239198725,1.0781568205863208,0.5232738863181262,True,ok,v3.2.1_baseline,1903.00866v2.pdf,36.0,"Tc 38.0 -> 36.0, paper-reported",0.913374239198725,12,0.4900862318840301,False,25.0,True,True,1.011759801718742
1903.00866v2.pdf,K(FeAs)2,iron_pnictide_122,0.001,38.0,12,2.0,25.0,0.9136685209324854,1.147752422138198,0.5570515105455207,True,ok,v3.2.1_baseline,1903.00866v2.pdf,36.0,"Tc 38.0 -> 36.0, paper-reported",0.9136685209324854,12,0.4900862318840301,False,25.0,True,True,1.0111885682361383
1903.00866v2.pdf,K(FeAs)2,iron_pnictide_122,0.0015,38.0,12,2.0,25.0,0.9719634111946426,1.2140731054308112,0.5892396225395369,True,ok,v3.2.1_baseline,1903.00866v2.pdf,36.0,"Tc 38.0 -> 36.0, paper-reported",0.9719634111946426,12,0.4900862318840301,False,25.0,True,True,1.074818609668552
1903.00866v2.pdf,K(FeAs)2,iron_pnictide_122,0.002,38.0,12,2.0,25.0,1.0217480699725892,1.2770058940491325,0.6197834713884453,True,ok,v3.2.1_baseline,1903.00866v2.pdf,36.0,"Tc 38.0 -> 36.0, paper-reported",1.0217480699725892,12,0.4900862318840301,False,25.0,True,True,1.129646131314274
1903.00866v2.pdf,K(FeAs)2,iron_pnictide_122,0.0025,38.0,12,2.0,25.0,1.0861315699801406,1.3403980502006778,0.6505502898230803,True,ok,v3.2.1_baseline,1903.00866v2.pdf,36.0,"Tc 38.0 -> 36.0, paper-reported",1.0861315699801406,12,0.4900862318840301,False,25.0,True,True,1.201614179180701
1903.00866v2.pdf,K(FeAs)2,iron_pnictide_122,0.003,38.0,12,2.0,25.0,1.1450335349988368,1.4125057945264343,0.6855471200943445,True,ok,v3.2.1_baseline,1903.00866v2.pdf,36.0,"Tc 38.0 -> 36.0, paper-reported",1.1450335349988368,12,0.4900862318840301,False,25.0,True,True,1.2672829707977868
1903.00866v2.pdf,K(FeAs)2,iron_pnictide_122,0.0035,38.0,12,2.0,25.0,1.2032731953604796,1.489920657120012,0.7231197625328838,True,ok,v3.2.1_baseline,1903.00866v2.pdf,36.0,"Tc 38.0 -> 36.0, paper-reported",1.2032731953604796,12,0.4900862318840301,False,25.0,True,True,1.3313802167174869
1903.00866v2.pdf,K(FeAs)2,iron_pnictide_122,0.004,38.0,12,2.0,25.0,1.2186605543935511,1.5603489696487458,0.7573015125360776,True,ok,v3.2.1_baseline,1903.00866v2.pdf,36.0,"Tc 38.0 -> 36.0, paper-reported",1.2186605543935511,12,0.4900862318840301,False,25.0,True,True,1.3481459249714047
1903.00866v2.pdf,K(FeAs)2,iron_pnictide_122,0.0045,38.0,12,2.0,25.0,1.269158794702669,1.6356972521336657,0.7938711016283331,True,ok,v3.2.1_baseline,1903.00866v2.pdf,36.0,"Tc 38.0 -> 36.0, paper-reported",1.269158794702669,12,0.4900862318840301,False,25.0,True,True,1.4036919154665002
1903.00866v2.pdf,K(FeAs)2,iron_pnictide_122,0.005,38.0,12,2.0,25.0,1.3128917166441472,1.7194823845032916,0.8345355261689062,True,ok,v3.2.1_baseline,1903.00866v2.pdf,36.0,"Tc 38.0 -> 36.0, paper-reported",1.3128917166441472,12,0.4900862318840301,False,25.0,True,True,1.4509017062804823
1903.00866v2.pdf,K(FeAs)2,iron_pnictide_122,0.5,38.0,6,2.0,25.0,0.647819745827767,0.0310027196890708,0.0095164908922159,True,ok,v3.2.1_baseline,1903.00866v2.pdf,36.0,"Tc 38.0 -> 36.0, paper-reported",0.647819745827767,6,0.4900862318840301,False,25.0,True,True,0.7175104669264175
1903.00866v2.pdf,K(FeAs)2,iron_pnictide_122,1.0,38.0,6,2.0,25.0,0.7033300642685058,0.0303140384119715,0.0093050955423636,True,ok,v3.2.1_baseline,1903.00866v2.pdf,36.0,"Tc 38.0 -> 36.0, paper-reported",0.7033300642685058,6,0.4900862318840301,False,25.0,True,True,0.7788815417742296
1903.00866v2.pdf,K(FeAs)2,iron_pnictide_122,1.5,38.0,6,2.0,25.0,0.7698056372089536,0.0289534235483554,0.0088874474675141,True,ok,v3.2.1_baseline,1903.00866v2.pdf,36.0,"Tc 38.0 -> 36.0, paper-reported",0.7698056372089536,6,0.4900862318840301,False,25.0,True,True,0.8523521879723429
1903.00866v2.pdf,K(FeAs)2,iron_pnictide_122,2.0,38.0,6,2.0,25.0,0.8510791025376913,0.0266876204610634,0.0081919434040967,True,ok,v3.2.1_baseline,1903.00866v2.pdf,36.0,"Tc 38.0 -> 36.0, paper-reported",0.8510791025376913,6,0.4900862318840301,False,25.0,True,True,0.942143184613874
1903.00866v2.pdf,K(FeAs)2,iron_pnictide_122,2.5,38.0,6,2.0,25.0,0.9531520658352086,0.0235888353109721,0.0072407507015667,True,ok,v3.2.1_baseline,1903.00866v2.pdf,36.0,"Tc 38.0 -> 36.0, paper-reported",0.9531520658352086,6,0.4900862318840301,False,25.0,True,True,1.0548593372083497
1903.00866v2.pdf,K(FeAs)2,iron_pnictide_122,3.0,38.0,6,2.0,25.0,1.0861315699801466,0.0220754974539523,0.0067762219959929,True,ok,v3.2.1_baseline,1903.00866v2.pdf,36.0,"Tc 38.0 -> 36.0, paper-reported",1.0861315699801466,6,0.4900862318840301,False,25.0,True,True,1.2016142066016886
1903.00866v2.pdf,K(FeAs)2,iron_pnictide_122,3.5,38.0,6,2.0,25.0,1.268937936292948,0.032591391792071,0.0100041456362336,True,ok,v3.2.1_baseline,1903.00866v2.pdf,36.0,"Tc 38.0 -> 36.0, paper-reported",1.268937936292948,6,0.4900862318840301,False,25.0,True,True,1.4031910798742795
1903.00866v2.pdf,K(FeAs)2,iron_pnictide_122,4.0,38.0,6,2.0,25.0,1.5435994464122305,0.0715811921656358,0.0219723253045749,True,ok,v3.2.1_baseline,1903.00866v2.pdf,36.0,"Tc 38.0 -> 36.0, paper-reported",1.5435994464122305,6,0.4900862318840301,False,25.0,True,True,1.7056981839375522
1903.00866v2.pdf,K(FeAs)2,iron_pnictide_122,4.5,38.0,6,2.0,25.0,2.0411683445468847,0.1838880372279222,0.0564456629136593,True,ok,v3.2.1_baseline,1903.00866v2.pdf,36.0,"Tc 38.0 -> 36.0, paper-reported",2.0411683445468847,6,0.4900862318840301,False,25.0,True,True,2.2526829724073614
1903.00866v2.pdf,K(FeAs)2,iron_pnictide_122,5.0,38.0,6,2.0,25.0,3.239149559521014,0.5599331258362159,0.1718752141726316,True,ok,v3.2.1_baseline,1903.00866v2.pdf,36.0,"Tc 38.0 -> 36.0, paper-reported",3.239149559521014,6,0.4900862318840301,False,25.0,True,True,3.566693099194509
2012.13723v3.pdf,Ba(FeAs)2,iron_pnictide_122,0.0,38.0,6,4.0,24.0,0.7225758505497701,0.0110426654205199,0.002895809873847,True,ok,v3.2.1_baseline,2012.13723v3.pdf,36.4,"Tc 38.0 -> 36.4, paper-reported",0.7225758505497701,6,0.417123325044377,False,24.0,True,True,0.7819723917141267
2012.13723v3.pdf,Ba(FeAs)2,iron_pnictide_122,1.0,38.0,6,4.0,24.0,0.8908386806265062,0.057913330985645,0.0151870918669475,True,ok,v3.2.1_baseline,2012.13723v3.pdf,36.4,"Tc 38.0 -> 36.4, paper-reported",0.8908386806265062,6,0.417123325044377,False,24.0,True,True,0.9648659983627867
2012.13723v3.pdf,Ba(FeAs)2,iron_pnictide_122,2.0,38.0,6,4.0,24.0,0.9146900798502516,0.0651039044154546,0.0170727387736776,True,ok,v3.2.1_baseline,2012.13723v3.pdf,36.4,"Tc 38.0 -> 36.4, paper-reported",0.9146900798502516,6,0.417123325044377,False,24.0,True,True,0.990710379503458
2012.13723v3.pdf,Ba(FeAs)2,iron_pnictide_122,3.0,38.0,6,4.0,24.0,1.1063658046755471,0.1279944574492693,0.0335650527191815,True,ok,v3.2.1_baseline,2012.13723v3.pdf,36.4,"Tc 38.0 -> 36.4, paper-reported",1.1063658046755471,6,0.417123325044377,False,24.0,True,True,1.199324806314188
2012.13723v3.pdf,Ba(FeAs)2,iron_pnictide_122,4.0,38.0,6,4.0,24.0,1.1032885007771949,0.1437240148824335,0.0376899382594414,True,ok,v3.2.1_baseline,2012.13723v3.pdf,36.4,"Tc 38.0 -> 36.4, paper-reported",1.1032885007771949,6,0.417123325044377,False,24.0,True,True,1.1964980671324823
2012.13723v3.pdf,Ba(FeAs)2,iron_pnictide_122,5.0,38.0,6,4.0,24.0,1.0988536476702369,0.1361110839666077,0.0356935376472519,True,ok,v3.2.1_baseline,2012.13723v3.pdf,36.4,"Tc 38.0 -> 36.4, paper-reported",1.0988536476702369,6,0.417123325044377,False,24.0,True,True,1.1915856579519666
2012.13723v3.pdf,Ba(FeAs)2,iron_pnictide_122,6.0,38.0,6,4.0,24.0,0.8824529372235166,0.0862242197996685,0.022611290439813,True,ok,v3.2.1_baseline,2012.13723v3.pdf,36.4,"Tc 38.0 -> 36.4, paper-reported",0.8824529372235166,6,0.417123325044377,False,24.0,True,True,0.9563313865375388
2012.13723v3.pdf,Ba(FeAs)2,iron_pnictide_122,7.0,38.0,6,4.0,24.0,0.7833498049658489,0.1102330867401421,0.0289073379343329,True,ok,v3.2.1_baseline,2012.13723v3.pdf,36.4,"Tc 38.0 -> 36.4, paper-reported",0.7833498049658489,6,0.417123325044377,False,24.0,True,True,0.8495410828571276
2207.06629v1.pdf,Ba(FeAs)2,iron_pnictide_122,0.0,38.0,6,4.0,24.0,1.4430799585609015,0.0861057797639933,0.0225802313379235,True,ok,v3.2.1_baseline,2207.06629v1.pdf,39.8,"Tc 38.0 -> 39.8, paper-reported",1.4430799585609015,6,0.3552259396894518,False,24.0,True,True,1.3295629410905887
2207.06629v1.pdf,Ba(FeAs)2,iron_pnictide_122,0.5,38.0,6,4.0,24.0,1.6277607040219044,0.0521397370657804,0.0136730368034599,True,ok,v3.2.1_baseline,2207.06629v1.pdf,39.8,"Tc 38.0 -> 39.8, paper-reported",1.6277607040219044,6,0.3552259396894518,False,24.0,True,True,1.5012174481412766
2207.06629v1.pdf,Ba(FeAs)2,iron_pnictide_122,1.0,38.0,6,4.0,24.0,1.756672444329821,0.0618310103196235,0.016214459414507,True,ok,v3.2.1_baseline,2207.06629v1.pdf,39.8,"Tc 38.0 -> 39.8, paper-reported",1.756672444329821,6,0.3552259396894518,False,24.0,True,True,1.6197708139473157
2207.06629v1.pdf,Ba(FeAs)2,iron_pnictide_122,1.5,38.0,6,4.0,24.0,1.9991567816289024,0.0747919773215305,0.0196133198971423,True,ok,v3.2.1_baseline,2207.06629v1.pdf,39.8,"Tc 38.0 -> 39.8, paper-reported",1.9991567816289024,6,0.3552259396894518,False,24.0,True,True,1.8427744166689843
2207.06629v1.pdf,Ba(FeAs)2,iron_pnictide_122,2.0,38.0,6,4.0,24.0,2.016122639404866,0.1606458922380211,0.0421275050075245,True,ok,v3.2.1_baseline,2207.06629v1.pdf,39.8,"Tc 38.0 -> 39.8, paper-reported",2.016122639404866,6,0.3552259396894518,False,24.0,True,True,1.8564806128069544
2207.06629v1.pdf,Ba(FeAs)2,iron_pnictide_122,2.5,38.0,6,4.0,24.0,1.933146108521312,0.1835951258146311,0.0481456724734041,True,ok,v3.2.1_baseline,2207.06629v1.pdf,39.8,"Tc 38.0 -> 39.8, paper-reported",1.933146108521312,6,0.3552259396894518,False,24.0,True,True,1.779549214647893
2207.06629v1.pdf,Ba(FeAs)2,iron_pnictide_122,3.0,38.0,6,4.0,24.0,1.703788094404971,0.1833022514213364,0.0480688717108651,True,ok,v3.2.1_baseline,2207.06629v1.pdf,39.8,"Tc 38.0 -> 39.8, paper-reported",1.703788094404971,6,0.3552259396894518,False,24.0,True,True,1.5679481942888804
2207.06629v1.pdf,Ba(FeAs)2,iron_pnictide_122,3.5,38.0,6,4.0,24.0,1.542619377044749,0.1750406113695941,0.0459023533196998,True,ok,v3.2.1_baseline,2207.06629v1.pdf,39.8,"Tc 38.0 -> 39.8, paper-reported",1.542619377044749,6,0.3552259396894518,False,24.0,True,True,1.4196321872635171
2207.06629v1.pdf,Ba(FeAs)2,iron_pnictide_122,4.0,38.0,6,4.0,24.0,1.4430799585609004,0.0861057683266767,0.0225802313379234,True,ok,v3.2.1_baseline,2207.06629v1.pdf,39.8,"Tc 38.0 -> 39.8, paper-reported",1.4430799585609004,6,0.3552259396894518,False,24.0,True,True,1.3295629555889896
2207.06629v1.pdf,Ba(FeAs)2,iron_pnictide_122,4.5,38.0,6,4.0,24.0,1.627760704021904,0.0521397445571659,0.0136730368034599,True,ok,v3.2.1_baseline,2207.06629v1.pdf,39.8,"Tc 38.0 -> 39.8, paper-reported",1.627760704021904,6,0.3552259396894518,False,24.0,True,True,1.501217447752425
2207.06629v1.pdf,Ba(FeAs)2,iron_pnictide_122,5.0,38.0,6,4.0,24.0,1.756672444329822,0.0618310175752187,0.0162144594145069,True,ok,v3.2.1_baseline,2207.06629v1.pdf,39.8,"Tc 38.0 -> 39.8, paper-reported",1.756672444329822,6,0.3552259396894518,False,24.0,True,True,1.6197708166960576
2207.06629v1.pdf,Ba(FeAs)2,iron_pnictide_122,5.5,38.0,6,4.0,24.0,1.999156781628896,0.0747919800393438,0.0196133198971422,True,ok,v3.2.1_baseline,2207.06629v1.pdf,39.8,"Tc 38.0 -> 39.8, paper-reported",1.999156781628896,6,0.3552259396894518,False,24.0,True,True,1.8427744196058808
2207.06629v1.pdf,Ba(FeAs)2,iron_pnictide_122,6.0,38.0,6,4.0,24.0,2.0161226394048666,0.1606458837256019,0.0421275050075246,True,ok,v3.2.1_baseline,2207.06629v1.pdf,39.8,"Tc 38.0 -> 39.8, paper-reported",2.0161226394048666,6,0.3552259396894518,False,24.0,True,True,1.85648060652061
2207.06629v1.pdf,Ba(FeAs)2,iron_pnictide_122,6.5,38.0,6,4.0,24.0,1.9331461085213104,0.1835951321313397,0.048145672473404,True,ok,v3.2.1_baseline,2207.06629v1.pdf,39.8,"Tc 38.0 -> 39.8, paper-reported",1.9331461085213104,6,0.3552259396894518,False,24.0,True,True,1.779549206726397
2207.06629v1.pdf,Ba(FeAs)2,iron_pnictide_122,7.0,38.0,6,4.0,24.0,1.703788094404967,0.1833022538340301,0.0480688717108651,True,ok,v3.2.1_baseline,2207.06629v1.pdf,39.8,"Tc 38.0 -> 39.8, paper-reported",1.703788094404967,6,0.3552259396894518,False,24.0,True,True,1.5679482105416145
2207.06629v1.pdf,Ba(FeAs)2,iron_pnictide_122,7.5,38.0,6,4.0,24.0,1.5426193770447414,0.1750406278248883,0.0459023533196996,True,ok,v3.2.1_baseline,2207.06629v1.pdf,39.8,"Tc 38.0 -> 39.8, paper-reported",1.5426193770447414,6,0.3552259396894518,False,24.0,True,True,1.4196321914690735
2207.06629v1.pdf,Ba(FeAs)2,iron_pnictide_122,8.0,38.0,6,4.0,24.0,1.443079958560901,0.0861057771059582,0.0225802313379237,True,ok,v3.2.1_baseline,2207.06629v1.pdf,39.8,"Tc 38.0 -> 39.8, paper-reported",1.443079958560901,6,0.3552259396894518,False,24.0,True,True,1.329562948959007
2305.10034v1.pdf,La2FeAs2O,iron_pnictide_1111,0.0,28.0,3,2.0,8.0,2.119809642744606,0.2590339974258417,0.0120581169644124,True,ok,v3.2.1_baseline,2305.10034v1.pdf,13.3,"Tc 28.0 -> 13.3, paper-reported",2.119809642744606,3,0.3288025738826306,False,8.0,True,True,6.144145416093276
2305.10034v1.pdf,La2FeAs2O,iron_pnictide_1111,0.5,28.0,3,2.0,8.0,2.1198096427446047,0.259033974923177,0.0120581169644126,True,ok,v3.2.1_baseline,2305.10034v1.pdf,13.3,"Tc 28.0 -> 13.3, paper-reported",2.1198096427446047,3,0.3288025738826306,False,8.0,True,True,6.144145401367583
2305.10034v1.pdf,La2FeAs2O,iron_pnictide_1111,1.0,28.0,3,2.0,8.0,2.1198096427446043,0.2590339974258402,0.0120581169644123,True,ok,v3.2.1_baseline,2305.10034v1.pdf,13.3,"Tc 28.0 -> 13.3, paper-reported",2.1198096427446043,3,0.3288025738826306,False,8.0,True,True,6.144145413250283
2305.10034v1.pdf,La2FeAs2O,iron_pnictide_1111,1.5,28.0,3,2.0,8.0,2.1198096427446056,0.2590339533807443,0.0120581169644123,True,ok,v3.2.1_baseline,2305.10034v1.pdf,13.3,"Tc 28.0 -> 13.3, paper-reported",2.1198096427446056,3,0.3288025738826306,False,8.0,True,True,6.144145426797119
2305.10034v1.pdf,La2FeAs2O,iron_pnictide_1111,2.0,28.0,3,2.0,8.0,2.119809642744607,0.2590339749231784,0.0120581169644127,True,ok,v3.2.1_baseline,2305.10034v1.pdf,13.3,"Tc 28.0 -> 13.3, paper-reported",2.119809642744607,3,0.3288025738826306,False,8.0,True,True,6.1441454132503575
2305.10034v1.pdf,La2FeAs2O,iron_pnictide_1111,2.5,28.0,3,2.0,8.0,2.122710565112959,0.3382229473480824,0.0157443892788552,True,ok,v3.2.1_baseline,2305.10034v1.pdf,13.3,"Tc 28.0 -> 13.3, paper-reported",2.122710565112959,3,0.3288025738826306,False,8.0,True,True,6.147135666076242
2305.10034v1.pdf,La2FeAs2O,iron_pnictide_1111,3.0,28.0,3,2.0,8.0,2.1261240534526564,0.431403838397796,0.0200819915875411,True,ok,v3.2.1_baseline,2305.10034v1.pdf,13.3,"Tc 28.0 -> 13.3, paper-reported",2.1261240534526564,3,0.3288025738826306,False,8.0,True,True,6.150654249487258
2305.10034v1.pdf,La2FeAs2O,iron_pnictide_1111,3.5,28.0,3,2.0,8.0,2.1302001404227107,0.5426722682749934,0.0252615740241088,True,ok,v3.2.1_baseline,2305.10034v1.pdf,13.3,"Tc 28.0 -> 13.3, paper-reported",2.1302001404227107,3,0.3288025738826306,False,8.0,True,True,6.1548558424126725
2305.10034v1.pdf,La2FeAs2O,iron_pnictide_1111,4.0,28.0,3,2.0,8.0,2.1351542800945347,0.6779096131691663,0.0315569192954398,True,ok,v3.2.1_baseline,2305.10034v1.pdf,13.3,"Tc 28.0 -> 13.3, paper-reported",2.1351542800945347,3,0.3288025738826306,False,8.0,True,True,6.159962520268862
2305.10034v1.pdf,La2FeAs2O,iron_pnictide_1111,4.5,28.0,3,2.0,8.0,2.141307774411769,0.8458868405708428,0.0393763135633255,True,ok,v3.2.1_baseline,2305.10034v1.pdf,13.3,"Tc 28.0 -> 13.3, paper-reported",2.141307774411769,3,0.3288025738826306,False,8.0,True,True,6.166305508680505
2305.10034v1.pdf,La2FeAs2O,iron_pnictide_1111,5.0,28.0,3,2.0,8.0,2.149162836451949,1.0603131299007411,0.0493579311490998,True,ok,v3.2.1_baseline,2305.10034v1.pdf,13.3,"Tc 28.0 -> 13.3, paper-reported",2.149162836451949,3,0.3288025738826306,False,8.0,True,True,6.174402356258387
2305.10034v1.pdf,La2FeAs2O,iron_pnictide_1111,5.5,28.0,3,2.0,8.0,2.159553334130061,1.343951394046034,0.0625613882087955,True,ok,v3.2.1_baseline,2305.10034v1.pdf,13.3,"Tc 28.0 -> 13.3, paper-reported",2.159553334130061,3,0.3288025738826306,False,8.0,True,True,6.185112901355143
2305.10034v1.pdf,La2FeAs2O,iron_pnictide_1111,6.0,28.0,3,2.0,8.0,2.173980608111288,1.73778519232979,0.0808944746884788,True,ok,v3.2.1_baseline,2305.10034v1.pdf,13.3,"Tc 28.0 -> 13.3, paper-reported",2.173980608111288,3,0.3288025738826306,False,8.0,True,True,6.199984497851568
2308.10492v1.pdf,Ba(FeAs)2,iron_pnictide_122,0.0,38.0,5,1.8,12.5,1.7080825001541575,0.5824937962017794,0.0536251119709951,True,ok,v3.2.1_baseline,2308.10492v1.pdf,19.3,"Tc 38.0 -> 19.3, paper-reported",1.7080825001541575,5,0.4105291359800581,False,12.5,True,True,4.533551859652683
2308.10492v1.pdf,Ba(FeAs)2,iron_pnictide_122,2.0,38.0,5,1.8,12.5,1.7674651076582664,0.6437761128742875,0.0592668384920345,True,ok,v3.2.1_baseline,2308.10492v1.pdf,19.3,"Tc 38.0 -> 19.3, paper-reported",1.7674651076582664,5,0.4105291359800581,False,12.5,True,True,4.687758497456708
2308.10492v1.pdf,Ba(FeAs)2,iron_pnictide_122,4.0,38.0,5,1.8,12.5,1.9704875594591964,0.8463365234329709,0.077914805900117,True,ok,v3.2.1_baseline,2308.10492v1.pdf,19.3,"Tc 38.0 -> 19.3, paper-reported",1.9704875594591964,5,0.4105291359800581,False,12.5,True,True,5.21214765638161
2308.10492v1.pdf,Ba(FeAs)2,iron_pnictide_122,6.0,38.0,5,1.8,12.5,1.7069452177639242,0.5713170416367341,0.052596164060034,True,ok,v3.2.1_baseline,2308.10492v1.pdf,19.3,"Tc 38.0 -> 19.3, paper-reported",1.7069452177639242,5,0.4105291359800581,False,12.5,True,True,4.535953857989731
2308.10492v1.pdf,Ba(FeAs)2,iron_pnictide_122,8.0,38.0,5,1.8,12.5,1.6826753207886105,0.1874595659949922,0.0172577630828366,True,ok,v3.2.1_baseline,2308.10492v1.pdf,19.3,"Tc 38.0 -> 19.3, paper-reported",1.6826753207886105,5,0.4105291359800581,False,12.5,True,True,4.528846222871913
2308.10492v1.pdf,Ba(FeAs)2,iron_pnictide_122,10.0,38.0,5,1.8,12.5,1.6668977447312137,0.4562548712858115,0.0420033963385621,True,ok,v3.2.1_baseline,2308.10492v1.pdf,19.3,"Tc 38.0 -> 19.3, paper-reported",1.6668977447312137,5,0.4105291359800581,False,12.5,True,True,4.4561311224483
2308.10492v1.pdf,Ba(FeAs)2,iron_pnictide_122,12.0,38.0,5,1.8,12.5,1.621359023378632,0.4752203665771999,0.0437493844173266,True,ok,v3.2.1_baseline,2308.10492v1.pdf,19.3,"Tc 38.0 -> 19.3, paper-reported",1.621359023378632,5,0.4105291359800581,False,12.5,True,True,4.330175890748345
2308.10492v1.pdf,Ba(FeAs)2,iron_pnictide_122,14.0,38.0,5,1.8,12.5,1.7080825001541549,0.5824937505846403,0.0536251119709951,True,ok,v3.2.1_baseline,2308.10492v1.pdf,19.3,"Tc 38.0 -> 19.3, paper-reported",1.7080825001541549,5,0.4105291359800581,False,12.5,True,True,4.533551979624932
2308.10492v1.pdf,Ba(FeAs)2,iron_pnictide_122,16.0,38.0,5,1.8,12.5,1.7508260042367931,0.4433424131261175,0.0408146614422936,True,ok,v3.2.1_baseline,2308.10492v1.pdf,19.3,"Tc 38.0 -> 19.3, paper-reported",1.7508260042367931,5,0.4105291359800581,False,12.5,True,True,4.679143355018665
2308.10492v1.pdf,Ba(FeAs)2,iron_pnictide_122,18.0,38.0,5,1.8,12.5,1.85364422971378,0.4169708109426786,0.0383868559763191,True,ok,v3.2.1_baseline,2308.10492v1.pdf,19.3,"Tc 38.0 -> 19.3, paper-reported",1.85364422971378,5,0.4105291359800581,False,12.5,True,True,4.957694400971202
2308.10492v1.pdf,Ba(FeAs)2,iron_pnictide_122,20.0,38.0,5,1.8,12.5,1.6903061143424545,0.3650691681463249,0.0336087287463437,True,ok,v3.2.1_baseline,2308.10492v1.pdf,19.3,"Tc 38.0 -> 19.3, paper-reported",1.6903061143424545,5,0.4105291359800581,False,12.5,True,True,4.527338787362143
2308.10492v1.pdf,Ba(FeAs)2,iron_pnictide_122,22.0,38.0,5,1.8,12.5,1.6826753207886125,0.1874595594604632,0.0172577630828365,True,ok,v3.2.1_baseline,2308.10492v1.pdf,19.3,"Tc 38.0 -> 19.3, paper-reported",1.6826753207886125,5,0.4105291359800581,False,12.5,True,True,4.5288462014825015
2308.10492v1.pdf,Ba(FeAs)2,iron_pnictide_122,24.0,38.0,5,1.8,12.5,1.4576487114696524,0.221404108862907,0.0203827408935284,True,ok,v3.2.1_baseline,2308.10492v1.pdf,19.3,"Tc 38.0 -> 19.3, paper-reported",1.4576487114696524,5,0.4105291359800581,False,12.5,True,True,3.931263399804224
2308.10492v1.pdf,Ba(FeAs)2,iron_pnictide_122,26.0,38.0,5,1.8,12.5,1.3515901002227264,0.1515767958675908,0.013954350500859,True,ok,v3.2.1_baseline,2308.10492v1.pdf,19.3,"Tc 38.0 -> 19.3, paper-reported",1.3515901002227264,5,0.4105291359800581,False,12.5,True,True,3.653503783450572
2308.10492v1.pdf,Ba(FeAs)2,iron_pnictide_122,28.0,38.0,5,1.8,12.5,1.2469295344580793,0.3263775976171256,0.0300467282975248,True,ok,v3.2.1_baseline,2308.10492v1.pdf,19.3,"Tc 38.0 -> 19.3, paper-reported",1.2469295344580793,5,0.4105291359800581,False,12.5,True,True,3.333633721706966
2308.10492v1.pdf,Ba(FeAs)2,iron_pnictide_122,30.0,38.0,5,1.8,12.5,1.393352791381779,0.5750841054918265,0.0529429636368693,True,ok,v3.2.1_baseline,2308.10492v1.pdf,19.3,"Tc 38.0 -> 19.3, paper-reported",1.393352791381779,5,0.4105291359800581,False,12.5,True,True,3.6936762361480575
2510.10264v1.pdf,Pr2FeAs2O,iron_pnictide_1111,0.001,51.0,4,2.0,20.0,1.172373025207284,0.2589539388107755,0.027904917522686,True,ok,v3.2.1_baseline,2510.10264v1.pdf,25.1,"Tc 51.0 -> 25.1, paper-reported",1.172373025207284,3,0.1846350325989748,True,10.0,True,True,1.9179901832236808
2510.10264v1.pdf,Pr2FeAs2O,iron_pnictide_1111,0.002,51.0,4,2.0,20.0,1.3518420190149762,0.2687159821415115,0.0289568749202372,True,ok,v3.2.1_baseline,2510.10264v1.pdf,25.1,"Tc 51.0 -> 25.1, paper-reported",1.3518420190149762,3,0.1846350325989748,True,10.0,True,True,2.313653805483096
2510.10264v1.pdf,Pr2FeAs2O,iron_pnictide_1111,0.005,51.0,4,2.0,20.0,1.598682834295548,0.3964420130633335,0.0427206524285883,True,ok,v3.2.1_baseline,2510.10264v1.pdf,25.1,"Tc 51.0 -> 25.1, paper-reported",1.598682834295548,3,0.1846350325989748,True,10.0,True,True,2.431958710507048
2510.10264v1.pdf,Pr2FeAs2O,iron_pnictide_1111,0.01,51.0,4,2.0,20.0,1.9621329505877485,0.5884250105233362,0.0634087676879072,True,ok,v3.2.1_baseline,2510.10264v1.pdf,25.1,"Tc 51.0 -> 25.1, paper-reported",1.9621329505877485,3,0.1846350325989748,True,10.0,True,True,2.5979919993287166
2510.10264v1.pdf,Pr2FeAs2O,iron_pnictide_1111,0.02,51.0,4,2.0,20.0,1.99724473357944,0.5656090728537968,0.0609501173819506,True,ok,v3.2.1_baseline,2510.10264v1.pdf,25.1,"Tc 51.0 -> 25.1, paper-reported",1.99724473357944,3,0.1846350325989748,True,10.0,True,True,2.843143053233326
2510.10264v1.pdf,Pr2FeAs2O,iron_pnictide_1111,0.05,51.0,4,2.0,20.0,2.045318875788104,0.5544907597353294,0.0597520105678209,True,ok,v3.2.1_baseline,2510.10264v1.pdf,25.1,"Tc 51.0 -> 25.1, paper-reported",2.045318875788104,3,0.1846350325989748,True,10.0,True,True,3.261644779417503
2510.10264v1.pdf,Pr2FeAs2O,iron_pnictide_1111,0.1,51.0,4,2.0,20.0,2.1131152479473965,0.7664997953055518,0.0825981375824571,True,ok,v3.2.1_baseline,2510.10264v1.pdf,25.1,"Tc 51.0 -> 25.1, paper-reported",2.1131152479473965,3,0.1846350325989748,True,10.0,True,True,3.246486150451054
2510.10264v1.pdf,Pr2FeAs2O,iron_pnictide_1111,0.2,51.0,4,2.0,20.0,2.41024709318726,0.8093048068267221,0.0872108063541466,True,ok,v3.2.1_baseline,2510.10264v1.pdf,25.1,"Tc 51.0 -> 25.1, paper-reported",2.41024709318726,3,0.1846350325989748,True,10.0,True,True,3.5204893088949767
2510.10264v1.pdf,Pr2FeAs2O,iron_pnictide_1111,0.5,51.0,4,2.0,20.0,3.1359840769019787,0.9888088322952892,0.1065541910725181,True,ok,v3.2.1_baseline,2510.10264v1.pdf,25.1,"Tc 51.0 -> 25.1, paper-reported",3.1359840769019787,3,0.1846350325989748,True,10.0,True,True,4.1897353319317
2510.10264v1.pdf,Pr2FeAs2O,iron_pnictide_1111,1.0,51.0,4,2.0,20.0,3.135984076901987,0.8562640347639865,0.0922711415531332,True,ok,v3.2.1_baseline,2510.10264v1.pdf,25.1,"Tc 51.0 -> 25.1, paper-reported",3.135984076901987,3,0.1846350325989748,True,10.0,True,True,4.702621068551649
2510.10264v1.pdf,Pr2FeAs2O,iron_pnictide_1111,2.0,51.0,4,2.0,20.0,3.698909414883591,1.1758060536476551,0.1267050370090029,True,ok,v3.2.1_baseline,2510.10264v1.pdf,25.1,"Tc 51.0 -> 25.1, paper-reported",3.698909414883591,3,0.1846350325989748,True,10.0,True,True,4.708842646703523
2510.10264v1.pdf,Pr2FeAs2O,iron_pnictide_1111,5.0,51.0,4,2.0,20.0,3.135984076901982,0.9888088869195488,0.1065541910725177,True,ok,v3.2.1_baseline,2510.10264v1.pdf,25.1,"Tc 51.0 -> 25.1, paper-reported",3.135984076901982,3,0.1846350325989748,True,10.0,True,True,4.18973523608834
2510.10264v1.pdf,Pr2FeAs2O,iron_pnictide_1111,10.0,51.0,4,2.0,20.0,3.1359840769019782,0.8562640457438025,0.0922711415531333,True,ok,v3.2.1_baseline,2510.10264v1.pdf,25.1,"Tc 51.0 -> 25.1, paper-reported",3.1359840769019782,3,0.1846350325989748,True,10.0,True,True,4.702621050681273
2511.19058v1.pdf,FeSe,iron_chalcogenide_11,0.0001,8.0,4,2.0,5.0,0.6024436690243486,0.0179943602281933,0.0028601626280659,True,ok,v3.2.1_baseline,2511.19058v1.pdf,9.0,"Tc 8.0 -> 9.0, paper-reported",0.6024436690243486,5,0.3679767852945943,False,6.0,True,True,0.5132448905448889
2511.19058v1.pdf,FeSe,iron_chalcogenide_11,0.0002,8.0,4,2.0,5.0,0.5466832946565353,0.0777018023099466,0.0123505221701807,True,ok,v3.2.1_baseline,2511.19058v1.pdf,9.0,"Tc 8.0 -> 9.0, paper-reported",0.5466832946565353,5,0.3679767852945943,False,6.0,True,True,0.544357376114259
2511.19058v1.pdf,FeSe,iron_chalcogenide_11,0.0003,8.0,4,2.0,5.0,0.4778239395967725,0.017503967694615,0.0027822151972966,True,ok,v3.2.1_baseline,2511.19058v1.pdf,9.0,"Tc 8.0 -> 9.0, paper-reported",0.4778239395967725,5,0.3679767852945943,False,6.0,True,True,0.4136654739912225
2511.19058v1.pdf,FeSe,iron_chalcogenide_11,0.0004,8.0,4,2.0,5.0,0.4805635925115158,0.0538744885658841,0.0085632254040722,True,ok,v3.2.1_baseline,2511.19058v1.pdf,9.0,"Tc 8.0 -> 9.0, paper-reported",0.4805635925115158,5,0.3679767852945943,False,6.0,True,True,0.4358917924661675
2511.19058v1.pdf,FeSe,iron_chalcogenide_11,0.0005,8.0,4,2.0,5.0,0.3869305853636957,0.0099324956925794,0.001578747227206,True,ok,v3.2.1_baseline,2511.19058v1.pdf,9.0,"Tc 8.0 -> 9.0, paper-reported",0.3869305853636957,5,0.3679767852945943,False,6.0,True,True,0.3266928394722848
2511.19058v1.pdf,FeSe,iron_chalcogenide_11,0.0006,8.0,4,2.0,5.0,0.3812198540916443,0.0374463872146925,0.0059520178118459,True,ok,v3.2.1_baseline,2511.19058v1.pdf,9.0,"Tc 8.0 -> 9.0, paper-reported",0.3812198540916443,5,0.3679767852945943,False,6.0,True,True,0.3135266021193846
2511.19058v1.pdf,FeSe,iron_chalcogenide_11,0.0007,8.0,4,2.0,5.0,0.3651710149347382,0.0157475790394938,0.0025030418686798,True,ok,v3.2.1_baseline,2511.19058v1.pdf,9.0,"Tc 8.0 -> 9.0, paper-reported",0.3651710149347382,5,0.3679767852945943,False,6.0,True,True,0.3206257522399597
2511.19058v1.pdf,FeSe,iron_chalcogenide_11,0.0008,8.0,4,2.0,5.0,0.3238910103455443,0.0321472555334823,0.0051097311069002,True,ok,v3.2.1_baseline,2511.19058v1.pdf,9.0,"Tc 8.0 -> 9.0, paper-reported",0.3238910103455443,5,0.3679767852945943,False,6.0,True,True,0.2623547633789792
2511.19058v1.pdf,FeSe,iron_chalcogenide_11,0.0009,8.0,4,2.0,5.0,0.2704735619112102,0.0299512013050613,0.004760674410548,True,ok,v3.2.1_baseline,2511.19058v1.pdf,9.0,"Tc 8.0 -> 9.0, paper-reported",0.2704735619112102,5,0.3679767852945943,False,6.0,True,True,0.1629805223220517
2511.19058v1.pdf,FeSe,iron_chalcogenide_11,0.001,8.0,4,2.0,5.0,0.2956939637055596,0.013988333181435,0.0022234133163742,True,ok,v3.2.1_baseline,2511.19058v1.pdf,9.0,"Tc 8.0 -> 9.0, paper-reported",0.2956939637055596,5,0.3679767852945943,False,6.0,True,True,0.2618390754492588
2511.19058v1.pdf,FeSe,iron_chalcogenide_11,0.002,8.0,4,2.0,5.0,0.3651710149347345,0.0157475827355872,0.0025030418686796,True,ok,v3.2.1_baseline,2511.19058v1.pdf,9.0,"Tc 8.0 -> 9.0, paper-reported",0.3651710149347345,5,0.3679767852945943,False,6.0,True,True,0.3206257558130146
2511.19058v1.pdf,FeSe,iron_chalcogenide_11,0.003,8.0,4,2.0,5.0,0.3330788128038757,0.0523779304096594,0.0083253511697485,True,ok,v3.2.1_baseline,2511.19058v1.pdf,9.0,"Tc 8.0 -> 9.0, paper-reported",0.3330788128038757,5,0.3679767852945943,False,6.0,True,True,0.3384040450340316
2511.19058v1.pdf,FeSe,iron_chalcogenide_11,0.004,8.0,4,2.0,5.0,0.2624558974414931,0.0129539177219201,0.0020589956668451,True,ok,v3.2.1_baseline,2511.19058v1.pdf,9.0,"Tc 8.0 -> 9.0, paper-reported",0.2624558974414931,5,0.3679767852945943,False,6.0,True,True,0.233340963457908
2511.19058v1.pdf,FeSe,iron_chalcogenide_11,0.005,8.0,4,2.0,5.0,0.2956939637055589,0.0139883311198319,0.0022234133163738,True,ok,v3.2.1_baseline,2511.19058v1.pdf,9.0,"Tc 8.0 -> 9.0, paper-reported",0.2956939637055589,5,0.3679767852945943,False,6.0,True,True,0.2618390746496315
2511.19058v1.pdf,FeSe,iron_chalcogenide_11,0.006,8.0,4,2.0,5.0,0.3386280897255494,0.0151386015737742,0.0024062457209248,True,ok,v3.2.1_baseline,2511.19058v1.pdf,9.0,"Tc 8.0 -> 9.0, paper-reported",0.3386280897255494,5,0.3679767852945943,False,6.0,True,True,0.2982925147557485
2511.19058v1.pdf,FeSe,iron_chalcogenide_11,0.007,8.0,4,2.0,5.0,0.3962651724671014,0.0163642641457266,0.0026010622662503,True,ok,v3.2.1_baseline,2511.19058v1.pdf,9.0,"Tc 8.0 -> 9.0, paper-reported",0.3962651724671014,5,0.3679767852945943,False,6.0,True,True,0.3465897510194863
2511.19058v1.pdf,FeSe,iron_chalcogenide_11,0.008,8.0,4,2.0,5.0,0.477823939596769,0.0175039643505805,0.0027822151972966,True,ok,v3.2.1_baseline,2511.19058v1.pdf,9.0,"Tc 8.0 -> 9.0, paper-reported",0.477823939596769,5,0.3679767852945943,False,6.0,True,True,0.4136654804605604
2511.19058v1.pdf,FeSe,iron_chalcogenide_11,0.009,8.0,4,2.0,5.0,0.6024436690243506,0.0179943674037144,0.0028601626280659,True,ok,v3.2.1_baseline,2511.19058v1.pdf,9.0,"Tc 8.0 -> 9.0, paper-reported",0.6024436690243506,5,0.3679767852945943,False,6.0,True,True,0.5132448905488298
2511.19058v1.pdf,FeSe,iron_chalcogenide_11,0.01,8.0,4,2.0,5.0,0.8180437356372147,0.0156975469238727,0.0024950892687591,True,ok,v3.2.1_baseline,2511.19058v1.pdf,9.0,"Tc 8.0 -> 9.0, paper-reported",0.8180437356372147,5,0.3679767852945943,False,6.0,True,True,0.6770288961115164
